"","SSN","TotalDeaths","PropDeaths","TotalDeath15","TotalDeath16","TotalDeath17","TotalDeath18","da15","da1520","da2024","da2529","da3034","da3539","da4044","da4549","da5054","da5559","da6064","da6569","da7074","da7580","da8085","FentW","FentB","FentH","TotalFent","TotalFent15","TotalFent16","TotalFent17","TotalFent18","HeroinW","HeroinB","HeroinH","TotalHero","TotalHero15","TotalHero16","TotalHero17","TotalHero18","TotalOxy","TotalOxy15","TotalOxyt16","TotalOxyt17","TotalOxyt18","TotalMorph","TotalMorp15","TotalMorp16","TotalMorp17","TotalMorp18","TotalMeth","TotalMeth15","TotalMeth16","TotalMeth17","TotalMeth18","Fent15W","Fent15B","Fent15H","Hero15W","Hero15B","Hero15H","Fent18W","Fent18B","Fent18H","Hero18W","Hero18B"
"1","101",12,0.164654226125137,0,5,4,3,0,0,0,3,1,0,0,2,3,0,0,0,0,0,0,9,0,0,9,9,14,13,12,9,0,0,9,9,14,13,12,3,0,2,0,1,2,0,0,2,0,0,0,0,0,0,0,0,0,0,0,0,3,0,0,3,0
"2","102",96,1.3172338090011,10,21,30,35,0,1,3,8,9,10,8,10,10,14,4,0,1,0,0,35,19,13,68,78,89,98,103,33,17,11,63,73,84,93,98,4,1,2,1,0,16,0,5,5,6,9,0,0,0,0,3,1,0,4,0,3,16,8,7,14,5
"3","103",12,0.164654226125137,2,3,4,3,0,0,1,0,1,2,1,3,1,0,0,0,0,0,0,6,0,0,7,9,10,11,10,5,0,0,5,7,8,9,8,2,1,0,1,0,1,0,0,1,0,1,1,1,1,1,1,0,0,1,0,0,2,0,0,2,0
"4","104",7,0.0960482985729967,2,2,1,2,0,0,2,0,1,0,1,0,0,1,0,0,0,0,0,6,0,1,7,9,9,8,9,3,0,1,4,6,6,5,6,0,0,0,0,0,1,0,0,1,0,0,0,0,0,0,2,0,0,0,0,0,2,0,0,1,0
"5","105",13,0.178375411635565,1,3,4,5,0,0,1,3,1,1,1,1,0,1,1,0,0,0,0,7,1,2,10,11,13,14,15,4,2,0,6,7,9,10,11,1,0,0,0,1,2,1,1,0,0,1,0,0,0,0,0,0,1,0,0,0,3,0,1,1,0
"6","106",3,0.0411635565312843,0,0,1,2,0,0,1,1,0,0,1,0,0,0,0,0,0,0,0,2,0,0,3,3,3,4,5,1,0,0,1,1,1,2,3,0,0,0,0,0,1,0,0,0,1,0,0,0,0,0,0,0,0,0,0,0,1,0,0,1,0
"7","107",11,0.150933040614709,1,2,3,5,0,0,1,0,2,0,1,0,0,3,1,0,0,0,0,5,1,0,6,7,8,9,11,6,1,1,8,9,10,11,13,2,0,1,1,0,0,0,0,0,0,0,0,0,0,0,0,0,0,1,0,0,3,1,0,3,1
"8","108",59,0.809549945115258,6,14,18,21,0,0,3,6,5,3,2,8,9,5,1,1,0,0,0,33,4,1,39,45,53,57,60,31,3,1,35,41,49,53,56,8,4,2,1,1,15,1,3,6,5,6,3,3,3,3,2,0,0,5,0,0,18,1,0,12,0
"9","110",1,0.0137211855104281,0,0,1,0,0,0,0,0,0,1,0,0,0,0,0,0,0,0,0,1,0,0,1,1,1,2,1,0,0,0,0,0,0,1,0,0,0,0,0,0,0,0,0,0,0,0,0,0,0,0,0,0,0,0,0,0,0,0,0,0,0
"10","111",46,0.631174533479693,9,16,8,13,0,4,2,2,11,6,1,2,1,3,2,0,0,0,0,24,3,2,30,39,46,38,43,22,2,2,27,36,43,35,40,4,1,3,0,0,9,3,3,1,2,4,1,1,1,1,0,0,1,4,0,0,11,1,0,7,1
"11","112",31,0.425356750823271,8,12,3,8,0,0,1,4,3,5,2,4,2,0,0,2,0,0,0,17,2,0,19,27,31,22,27,17,3,0,20,28,32,23,28,3,2,1,0,0,6,2,0,2,2,1,1,1,1,1,3,0,0,5,0,0,6,2,0,3,2
"12","113",30,0.411635565312843,2,9,9,10,0,0,1,2,2,5,4,4,2,0,1,0,0,0,0,14,0,6,20,22,29,29,30,11,0,3,14,16,23,23,24,5,1,3,1,0,7,1,2,1,3,3,1,1,1,1,0,0,0,1,0,0,5,0,3,4,0
"13","114",5,0.0686059275521405,1,1,1,2,0,0,0,1,0,0,0,0,0,0,0,0,0,0,0,3,0,0,3,4,4,4,5,2,0,0,2,3,3,3,4,0,0,0,0,0,1,1,0,0,0,1,0,0,0,0,0,0,0,1,0,0,1,0,0,1,0
"14","115",2,0.0274423710208562,0,2,0,0,0,0,0,0,1,0,0,0,0,0,1,0,0,0,0,0,0,0,0,0,2,0,0,1,0,0,1,1,3,1,1,1,0,1,0,0,0,0,0,0,0,1,0,0,0,0,0,0,0,0,0,0,0,0,0,0,0
"15","116",6,0.0823271130625686,2,1,1,2,0,0,1,1,0,0,0,0,1,2,0,0,0,0,0,3,0,0,3,5,4,4,5,4,0,0,4,6,5,5,6,0,0,0,0,0,0,0,0,0,0,1,0,0,0,0,0,0,0,2,0,0,2,0,0,1,0
"16","117",12,0.164654226125137,1,4,3,4,0,0,2,1,0,4,1,2,0,1,0,0,0,0,0,8,0,0,8,9,12,11,12,7,1,0,8,9,12,11,12,0,0,0,0,0,4,1,3,0,0,0,0,0,0,0,0,0,0,1,0,0,4,0,0,3,0
"17","118",12,0.164654226125137,4,5,0,3,0,0,0,2,1,4,1,1,0,1,0,0,0,0,0,7,0,0,7,11,12,7,10,7,0,0,7,11,12,7,10,2,1,1,0,0,3,0,2,0,1,0,0,0,0,0,2,0,0,3,0,0,3,0,0,2,0
"18","119",25,0.343029637760703,2,5,8,10,0,0,1,2,1,2,1,5,4,1,2,0,0,0,0,2,11,4,18,20,23,26,28,4,7,3,14,16,19,22,24,3,1,1,1,0,6,0,4,1,1,2,1,1,1,1,0,1,0,0,0,1,0,7,2,0,4
"19","121",15,0.205817782656422,3,3,5,4,0,0,0,2,4,1,1,1,2,1,0,0,0,0,0,7,0,0,7,10,10,12,11,5,0,0,5,8,8,10,9,2,0,1,1,0,3,0,1,0,2,3,0,0,0,0,0,0,0,2,0,0,2,0,0,2,0
"20","122",26,0.356750823271131,2,9,5,10,0,1,1,0,4,4,1,2,5,2,1,0,1,0,0,12,1,1,14,16,23,19,24,13,1,0,14,16,23,19,24,5,1,2,2,0,5,0,1,3,1,2,1,1,1,1,0,0,0,1,0,0,8,1,0,5,1
"21","123",5,0.0686059275521405,2,0,1,2,0,0,0,0,2,1,0,0,0,1,0,0,0,0,0,3,0,0,3,5,3,4,5,2,0,0,2,4,2,3,4,0,0,0,0,0,0,0,0,0,0,1,0,0,0,0,1,0,0,1,0,0,2,0,0,1,0
"22","201",4,0.0548847420417124,0,1,1,2,0,1,1,1,0,0,1,0,0,0,0,0,0,0,0,3,0,0,3,3,4,4,5,4,0,0,4,4,5,5,6,0,0,0,0,0,1,0,1,0,0,0,0,0,0,0,0,0,0,0,0,0,2,0,0,2,0
"23","202",2,0.0274423710208562,1,1,0,0,0,0,0,1,0,0,0,0,0,0,0,0,0,0,0,1,0,0,1,2,2,1,1,1,0,0,1,2,2,1,1,1,1,0,0,0,2,1,1,0,0,0,0,0,0,0,0,0,0,0,0,0,0,0,0,0,0
"24","203",6,0.0823271130625686,2,1,1,2,0,0,0,1,1,2,0,1,0,0,0,0,0,0,0,2,0,0,2,4,3,3,4,5,0,1,6,8,7,7,8,0,0,0,0,0,3,1,1,0,1,0,0,0,0,0,0,0,0,2,0,0,2,0,0,2,0
"25","204",2,0.0274423710208562,0,1,0,1,0,0,0,0,0,0,1,0,0,0,0,0,0,0,0,1,0,0,1,1,2,1,2,1,0,0,1,1,2,1,2,0,0,0,0,0,1,0,1,0,0,0,0,0,0,0,0,0,0,0,0,0,1,0,0,0,0
"26","205",5,0.0686059275521405,1,0,4,0,0,0,0,0,0,1,0,0,0,1,1,0,0,0,0,2,0,0,2,3,2,6,2,2,0,0,2,3,2,6,2,1,0,0,1,0,2,1,0,1,0,2,0,0,0,0,0,0,0,1,0,0,0,0,0,0,0
"27","206",13,0.178375411635565,5,3,3,2,0,0,1,3,0,0,3,1,1,2,0,0,0,0,0,4,0,0,5,10,8,8,7,7,0,1,10,15,13,13,12,2,1,1,0,0,5,4,1,0,0,3,1,1,1,1,0,0,0,2,0,0,2,0,0,2,0
"28","207",5,0.0686059275521405,2,0,0,3,0,0,2,1,1,0,0,0,1,0,0,0,0,0,0,4,0,0,4,6,4,4,7,3,0,0,3,5,3,3,6,0,0,0,0,0,3,2,0,0,1,0,0,0,0,0,1,0,0,2,0,0,3,0,0,1,0
"29","208",1,0.0137211855104281,0,0,0,1,0,0,0,0,0,0,1,0,0,0,0,0,0,0,0,0,0,0,0,0,0,0,1,0,0,0,0,0,0,0,1,1,0,0,0,1,0,0,0,0,0,0,0,0,0,0,0,0,0,0,0,0,0,0,0,0,0
"30","209",1,0.0137211855104281,1,0,0,0,0,0,0,0,0,0,0,0,1,0,0,0,0,0,0,0,0,0,0,1,0,0,0,0,0,1,1,2,1,1,1,0,0,0,0,0,0,0,0,0,0,0,0,0,0,0,0,0,0,0,0,0,0,0,0,0,0
"31","210",7,0.0960482985729967,0,1,2,4,0,0,2,0,1,0,0,0,0,2,0,0,0,0,0,2,0,2,4,4,5,6,8,5,0,2,7,7,8,9,11,0,0,0,0,0,1,0,1,0,0,0,0,0,0,0,0,0,0,0,0,2,1,0,2,2,0
"32","211",11,0.150933040614709,1,3,2,5,0,0,0,2,3,0,0,1,0,2,0,0,0,0,0,6,1,0,8,9,11,10,13,8,0,0,9,10,12,11,14,0,0,0,0,0,2,0,1,1,0,0,0,0,0,0,1,0,0,1,0,0,2,1,0,4,0
"33","212",7,0.0960482985729967,1,1,2,3,0,1,0,1,0,1,1,1,2,0,0,0,0,0,0,2,0,1,3,4,4,5,6,3,0,1,4,5,5,6,7,1,0,1,0,0,2,1,0,0,1,1,1,1,1,1,0,0,0,1,0,0,1,0,1,1,0
"34","214",3,0.0411635565312843,1,0,0,2,0,0,0,1,0,0,0,1,0,0,0,0,0,0,0,3,0,0,3,4,3,3,5,3,0,0,3,4,3,3,5,0,0,0,0,0,1,1,0,0,0,0,0,0,0,0,1,0,0,1,0,0,2,0,0,2,0
"35","215",6,0.0823271130625686,1,1,2,2,0,0,0,0,0,0,1,0,1,1,0,0,0,0,0,2,2,1,5,6,6,7,7,1,2,1,4,5,5,6,6,1,0,1,0,0,1,1,0,0,0,0,0,0,0,0,1,0,0,0,0,0,1,1,0,1,1
"36","216",1,0.0137211855104281,0,0,1,0,0,0,0,0,0,0,0,0,0,1,0,0,0,0,0,1,0,0,1,1,1,2,1,1,0,0,1,1,1,2,1,0,0,0,0,0,0,0,0,0,0,0,0,0,0,0,0,0,0,0,0,0,0,0,0,0,0
"37","217",10,0.137211855104281,1,3,4,2,0,0,0,0,3,1,0,3,1,0,0,0,0,0,0,5,0,1,7,8,10,11,9,6,0,1,8,9,11,12,10,1,0,0,1,0,5,1,2,0,2,0,0,0,0,0,1,0,0,1,0,0,2,0,0,2,0
"38","218",4,0.0548847420417124,1,3,0,0,0,0,0,0,0,1,0,2,1,0,0,0,0,0,0,1,0,0,1,2,4,1,1,2,0,0,2,3,5,2,2,4,1,3,0,0,3,1,2,0,0,0,0,0,0,0,1,0,0,1,0,0,0,0,0,0,0
"39","219",12,0.164654226125137,3,4,2,3,0,0,1,1,1,1,2,1,1,0,1,0,0,0,0,3,1,0,6,9,10,8,9,7,1,1,11,14,15,13,14,0,0,0,0,0,6,2,3,0,1,0,0,0,0,0,0,0,0,2,0,0,1,0,0,1,0
"40","220",3,0.0411635565312843,1,1,1,0,0,0,0,2,0,0,0,0,0,0,0,0,0,0,0,1,0,1,2,3,3,3,2,2,0,0,2,3,3,3,2,1,1,0,0,0,2,1,1,0,0,0,0,0,0,0,0,0,1,0,0,0,0,0,0,0,0
"41","221",26,0.356750823271131,5,3,6,12,0,0,2,6,3,3,1,0,2,3,0,0,0,0,0,10,1,4,15,20,18,21,27,11,1,4,16,21,19,22,28,3,0,0,1,2,6,4,2,0,0,2,1,1,1,1,1,0,0,3,0,3,5,0,3,5,0
"42","222",3,0.0411635565312843,1,1,1,0,0,0,0,0,0,0,0,0,1,1,0,0,0,0,0,1,0,0,1,2,2,2,1,3,0,0,3,4,4,4,3,0,0,0,0,0,2,1,1,0,0,0,0,0,0,0,0,0,0,1,0,0,0,0,0,0,0
"43","223",22,0.301866081229418,4,1,7,10,0,1,0,4,1,2,1,4,2,2,0,0,0,0,0,13,0,4,17,21,18,24,27,12,0,3,15,19,16,22,25,3,3,0,0,0,7,4,0,1,2,1,0,0,0,0,1,0,0,2,0,1,8,0,1,7,0
"44","224",2,0.0274423710208562,0,0,1,1,0,0,0,0,0,0,0,0,1,0,0,0,0,0,0,2,0,0,2,2,2,3,3,1,0,0,1,1,1,2,2,0,0,0,0,0,0,0,0,0,0,0,0,0,0,0,0,0,0,0,0,0,1,0,0,1,0
"45","225",3,0.0411635565312843,1,0,0,2,0,0,3,0,0,0,0,0,0,0,0,0,0,0,0,1,0,0,1,2,1,1,3,2,0,0,2,3,2,2,4,1,0,0,0,1,2,1,0,0,1,0,0,0,0,0,0,0,0,1,0,0,1,0,0,1,0
"46","226",1,0.0137211855104281,1,0,0,0,0,0,1,0,0,0,0,0,0,0,0,0,0,0,0,0,0,0,0,1,0,0,0,0,0,0,0,1,0,0,0,0,0,0,0,0,1,1,0,0,0,0,0,0,0,0,0,0,0,0,0,0,0,0,0,0,0
"47","227",2,0.0274423710208562,0,2,0,0,0,0,0,1,0,0,0,1,0,0,0,0,0,0,0,1,0,0,1,1,3,1,1,1,0,0,1,1,3,1,1,1,0,1,0,0,0,0,0,0,0,0,0,0,0,0,0,0,0,0,0,0,0,0,0,0,0
"48","230",8,0.109769484083425,0,3,4,1,0,0,1,1,1,0,0,2,0,0,1,1,0,0,0,5,0,0,5,5,8,9,6,2,0,0,2,2,5,6,3,0,0,0,0,0,4,0,3,1,0,1,1,1,1,1,0,0,0,0,0,0,1,0,0,1,0
"49","231",12,0.164654226125137,2,7,2,1,0,0,1,0,2,2,1,2,1,2,0,0,0,0,0,6,0,0,6,8,13,8,7,9,0,0,9,11,16,11,10,3,0,2,1,0,4,1,3,0,0,1,0,0,0,0,0,0,0,2,0,0,1,0,0,1,0
"50","232",19,0.260702524698134,3,4,3,9,0,1,2,2,2,1,4,0,4,0,1,0,1,0,0,10,0,1,11,14,15,14,20,10,0,2,14,17,18,17,23,5,0,0,1,4,6,2,2,0,2,2,1,1,1,1,0,0,0,1,0,1,7,0,1,6,0
"51","233",6,0.0823271130625686,1,3,0,2,0,0,1,0,1,0,1,0,0,0,1,0,0,0,0,4,0,0,4,5,7,4,6,4,0,0,4,5,7,4,6,0,0,0,0,0,3,1,2,0,0,0,0,0,0,0,0,0,0,1,0,0,2,0,0,1,0
"52","234",5,0.0686059275521405,1,0,2,2,0,0,0,0,0,0,0,0,1,1,0,0,1,0,0,1,0,0,1,2,1,3,3,1,0,0,1,2,1,3,3,4,1,0,2,1,2,0,0,1,1,1,1,1,1,1,0,0,0,0,0,0,0,0,0,0,0
"53","235",1,0.0137211855104281,0,0,0,1,0,0,0,0,0,1,0,0,0,0,0,0,0,0,0,0,0,0,0,0,0,0,1,1,0,0,1,1,1,1,2,0,0,0,0,0,0,0,0,0,0,0,0,0,0,0,0,0,0,0,0,0,0,0,0,1,0
"54","237",2,0.0274423710208562,0,0,1,1,0,0,0,0,0,0,0,1,0,0,0,0,0,0,0,2,0,0,2,2,2,3,3,2,0,0,2,2,2,3,3,0,0,0,0,0,0,0,0,0,0,0,0,0,0,0,0,0,0,0,0,0,1,0,0,1,0
"55","238",7,0.0960482985729967,1,0,3,3,0,1,0,1,0,0,1,0,0,0,0,0,0,0,0,2,0,0,3,4,3,6,6,3,0,0,3,4,3,6,6,2,0,0,1,1,3,1,0,1,1,0,0,0,0,0,0,0,0,1,0,0,1,0,0,1,0
"56","239",10,0.137211855104281,0,3,3,4,0,0,1,2,1,1,0,0,1,2,0,1,0,0,0,5,0,0,6,6,9,9,10,6,0,1,7,7,10,10,11,0,0,0,0,0,1,0,0,1,0,0,0,0,0,0,0,0,0,0,0,0,2,0,0,2,0
"57","240",3,0.0411635565312843,1,1,1,0,0,0,1,0,1,1,0,0,0,0,0,0,0,0,0,2,0,0,2,3,3,3,2,2,0,0,2,3,3,3,2,0,0,0,0,0,2,1,1,0,0,0,0,0,0,0,1,0,0,1,0,0,0,0,0,0,0
"58","241",1,0.0137211855104281,1,0,0,0,0,0,0,0,0,0,0,0,1,0,0,0,0,0,0,1,0,0,1,2,1,1,1,1,0,0,1,2,1,1,1,0,0,0,0,0,1,1,0,0,0,0,0,0,0,0,1,0,0,1,0,0,0,0,0,0,0
"59","242",5,0.0686059275521405,0,1,2,2,0,0,0,0,0,1,1,0,0,0,1,0,0,0,0,5,0,0,5,5,6,7,7,3,0,0,3,3,4,5,5,0,0,0,0,0,1,0,0,1,0,0,0,0,0,0,0,0,0,0,0,0,2,0,0,0,0
"60","244",3,0.0411635565312843,0,1,2,0,0,0,2,0,0,0,0,0,0,1,0,0,0,0,0,1,0,0,1,1,2,3,1,2,0,0,2,2,3,4,2,1,0,0,1,0,1,0,1,0,0,0,0,0,0,0,0,0,0,0,0,0,0,0,0,0,0
"61","245",7,0.0960482985729967,0,2,4,1,0,0,1,0,2,0,0,0,0,1,0,0,0,0,0,1,0,1,5,5,7,9,6,1,0,0,3,3,5,7,4,1,0,0,1,0,1,0,1,0,0,1,0,0,0,0,0,0,0,0,0,0,0,0,0,0,0
"62","246",9,0.123490669593853,2,2,1,4,0,0,0,1,0,1,0,0,0,3,0,0,0,0,0,1,0,1,3,5,5,4,7,2,0,1,3,5,5,4,7,4,2,0,1,1,3,1,1,0,1,0,0,0,0,0,0,0,0,0,0,1,1,0,1,1,0
"63","247",3,0.0411635565312843,1,1,1,0,0,0,0,1,0,0,0,1,1,0,0,0,0,0,0,1,0,0,1,2,2,2,1,0,0,1,1,2,2,2,1,1,0,1,0,0,0,0,0,0,0,0,0,0,0,0,0,0,0,0,0,0,0,0,0,0,0
"64","248",5,0.0686059275521405,0,2,2,1,0,0,0,0,1,1,0,0,0,1,0,0,0,0,0,4,0,0,4,4,6,6,5,4,0,0,4,4,6,6,5,0,0,0,0,0,2,0,2,0,0,0,0,0,0,0,0,0,0,0,0,0,1,0,0,0,0
"65","249",2,0.0274423710208562,0,1,0,1,0,0,0,0,0,0,0,0,0,0,0,0,0,0,0,2,0,0,2,2,3,2,3,1,0,0,1,1,2,1,2,0,0,0,0,0,1,0,0,0,1,0,0,0,0,0,0,0,0,0,0,0,1,0,0,1,0
"66","250",8,0.109769484083425,3,1,1,3,0,0,0,2,1,1,0,2,1,1,0,0,0,0,0,3,0,2,5,8,6,6,8,1,1,1,3,6,4,4,6,2,1,0,1,0,3,1,1,0,1,0,0,0,0,0,1,0,1,1,0,1,2,0,1,0,0
"67","251",1,0.0137211855104281,0,0,0,1,0,0,0,0,0,0,0,1,0,0,0,0,0,0,0,1,0,0,1,1,1,1,2,1,0,0,1,1,1,1,2,0,0,0,0,0,0,0,0,0,0,0,0,0,0,0,0,0,0,0,0,0,1,0,0,1,0
"68","252",2,0.0274423710208562,1,1,0,0,0,1,0,1,0,0,0,0,0,0,0,0,0,0,0,0,0,0,0,1,1,0,0,2,0,0,2,3,3,2,2,0,0,0,0,0,2,1,1,0,0,0,0,0,0,0,0,0,0,1,0,0,0,0,0,0,0
"69","253",4,0.0548847420417124,1,1,1,1,0,0,2,0,0,0,0,1,0,0,0,0,0,0,0,2,0,0,2,3,3,3,3,2,0,0,2,3,3,3,3,1,0,1,0,0,0,0,0,0,0,0,0,0,0,0,1,0,0,0,0,0,1,0,0,1,0
"70","254",3,0.0411635565312843,1,0,2,0,0,0,0,1,0,0,1,0,0,0,0,0,0,0,0,2,0,0,2,3,2,4,2,3,0,0,3,4,3,5,3,0,0,0,0,0,2,1,0,1,0,0,0,0,0,0,0,0,0,1,0,0,0,0,0,0,0
"71","256",9,0.123490669593853,2,2,3,2,0,0,1,1,1,1,2,0,2,0,1,0,0,0,0,4,0,0,4,6,6,7,6,4,0,0,4,6,6,7,6,3,0,0,2,1,1,0,0,0,1,1,0,0,0,0,1,0,0,1,0,0,2,0,0,2,0
"72","257",9,0.123490669593853,2,0,5,2,0,1,1,0,0,2,0,2,0,0,0,1,0,0,0,5,0,0,5,7,5,10,7,5,0,0,5,7,5,10,7,1,1,0,0,0,3,2,0,1,0,0,0,0,0,0,0,0,0,1,0,0,2,0,0,2,0
"73","258",2,0.0274423710208562,0,1,0,1,0,0,0,1,0,0,0,1,0,0,0,0,0,0,0,1,0,0,2,2,3,2,3,1,0,0,1,1,2,1,2,0,0,0,0,0,1,0,1,0,0,0,0,0,0,0,0,0,0,0,0,0,1,0,0,1,0
"74","259",1,0.0137211855104281,0,0,1,0,0,0,0,0,0,0,0,1,0,0,0,0,0,0,0,1,0,0,1,1,1,2,1,0,0,0,0,0,0,1,0,0,0,0,0,0,0,0,0,0,0,0,0,0,0,0,0,0,0,0,0,0,0,0,0,0,0
"75","260",10,0.137211855104281,4,2,4,0,0,1,0,0,1,1,1,1,2,1,0,0,0,0,0,1,2,2,5,9,7,9,5,3,2,2,7,11,9,11,7,0,0,0,0,0,3,3,0,0,0,0,0,0,0,0,0,1,0,2,1,0,0,0,0,0,0
"76","261",2,0.0274423710208562,0,1,1,0,0,0,0,0,0,0,1,0,1,0,0,0,0,0,0,1,0,0,2,2,3,3,2,1,0,0,2,2,3,3,2,1,0,0,1,0,1,0,1,0,0,0,0,0,0,0,0,0,0,0,0,0,0,0,0,0,0
"77","263",2,0.0274423710208562,1,1,0,0,0,0,1,0,0,1,0,0,0,0,0,0,0,0,0,1,0,0,1,2,2,1,1,1,0,0,1,2,2,1,1,0,0,0,0,0,1,1,0,0,0,1,0,0,0,0,1,0,0,1,0,0,0,0,0,0,0
"78","264",1,0.0137211855104281,1,0,0,0,0,0,0,0,0,0,0,0,1,0,0,0,0,0,0,0,0,0,0,1,0,0,0,1,0,0,1,2,1,1,1,0,0,0,0,0,1,1,0,0,0,0,0,0,0,0,0,0,0,1,0,0,0,0,0,0,0
"79","265",10,0.137211855104281,1,2,4,3,0,0,0,3,1,1,1,1,1,1,0,0,0,0,0,6,0,0,7,8,9,11,10,5,0,0,5,6,7,9,8,1,0,0,1,0,3,1,1,0,1,0,0,0,0,0,1,0,0,0,0,0,2,0,0,2,0
"80","266",3,0.0411635565312843,1,0,1,1,0,0,0,0,0,0,1,0,1,0,0,0,0,0,1,0,0,0,0,1,0,1,1,1,0,0,1,2,1,2,2,1,0,0,0,1,1,1,0,0,0,1,0,0,0,0,0,0,0,0,0,0,0,0,0,0,0
"81","267",7,0.0960482985729967,2,1,2,2,0,0,0,2,1,1,0,1,1,0,0,0,0,0,0,3,0,0,3,5,4,5,5,4,0,0,4,6,5,6,6,2,1,0,1,0,2,1,1,0,0,0,0,0,0,0,0,0,0,1,0,0,2,0,0,1,0
"82","268",1,0.0137211855104281,1,0,0,0,0,0,0,0,0,0,0,0,1,0,0,0,0,0,0,0,0,1,1,2,1,1,1,0,0,1,1,2,1,1,1,0,0,0,0,0,1,1,0,0,0,0,0,0,0,0,0,0,1,0,0,0,0,0,0,0,0
"83","269",4,0.0548847420417124,0,0,1,3,0,0,0,0,2,1,0,0,1,0,0,0,0,0,0,3,0,0,3,3,3,4,6,3,0,0,3,3,3,4,6,0,0,0,0,0,0,0,0,0,0,1,1,1,1,1,0,0,0,0,0,0,2,0,0,2,0
"84","270",4,0.0548847420417124,2,0,1,1,0,0,1,2,0,1,0,0,0,0,0,0,0,0,0,2,0,0,2,4,2,3,3,3,0,0,3,5,3,4,4,2,0,0,1,1,2,1,0,0,1,0,0,0,0,0,0,0,0,2,0,0,1,0,0,1,0
"85","301",1,0.0137211855104281,0,0,0,1,0,1,0,0,0,0,0,0,0,0,0,0,0,0,0,0,0,0,1,1,1,1,2,0,0,0,1,1,1,1,2,0,0,0,0,0,1,0,0,0,1,0,0,0,0,0,0,0,0,0,0,0,0,0,0,0,0
"86","302",10,0.137211855104281,1,3,6,0,0,0,1,1,0,1,1,0,0,2,1,0,0,0,0,3,1,0,4,5,7,10,4,4,1,0,5,6,8,11,5,5,1,1,3,0,5,1,3,1,0,1,0,0,0,0,0,0,0,0,0,0,0,0,0,0,0
"87","303",3,0.0411635565312843,0,2,0,1,0,0,1,0,1,0,1,0,0,0,0,0,0,0,0,2,0,0,2,2,4,2,3,2,0,0,2,2,4,2,3,0,0,0,0,0,1,0,1,0,0,0,0,0,0,0,0,0,0,0,0,0,1,0,0,1,0
"88","304",7,0.0960482985729967,2,1,3,1,0,0,0,2,1,1,0,0,1,0,0,1,0,0,0,4,2,0,6,8,7,9,7,1,2,0,3,5,4,6,4,0,0,0,0,0,1,1,0,0,0,0,0,0,0,0,2,0,0,0,0,0,1,0,0,0,0
"89","305",21,0.28814489571899,6,1,7,7,0,1,4,4,1,3,1,2,0,1,1,0,0,0,0,8,4,0,13,19,14,20,20,5,4,0,10,16,11,17,17,2,1,0,1,0,9,5,1,2,1,4,1,1,1,1,1,1,0,0,0,0,5,1,0,2,1
"90","306",12,0.164654226125137,1,1,5,5,0,0,0,2,0,4,2,2,1,1,0,0,0,0,0,5,3,0,9,10,10,14,14,2,2,0,5,6,6,10,10,2,0,0,1,1,2,0,0,1,1,3,1,1,1,1,1,0,0,0,0,0,2,1,0,0,1
"91","307",1,0.0137211855104281,1,0,0,0,0,1,0,0,0,0,0,0,0,0,0,0,0,0,0,1,0,0,1,2,1,1,1,0,0,0,0,1,0,0,0,0,0,0,0,0,0,0,0,0,0,0,0,0,0,0,1,0,0,0,0,0,0,0,0,0,0
"92","308",8,0.109769484083425,0,1,2,5,0,0,0,1,0,0,2,0,1,1,0,0,0,0,0,3,0,0,4,4,5,6,9,5,0,0,6,6,7,8,11,2,0,1,0,1,2,0,1,0,1,0,0,0,0,0,0,0,0,0,0,0,3,0,0,3,0
"93","309",6,0.0823271130625686,1,1,3,1,0,0,0,1,0,0,2,0,0,0,1,0,0,0,0,1,1,0,2,3,3,5,3,2,0,0,2,3,3,5,3,3,1,1,1,0,1,0,0,0,1,1,0,0,0,0,0,0,0,0,0,0,1,0,0,1,0
"94","310",16,0.21953896816685,1,2,3,10,0,0,0,5,1,1,2,1,2,0,0,0,0,0,0,12,1,0,13,14,15,16,23,5,1,0,7,8,9,10,17,2,1,0,0,1,4,0,0,0,4,0,0,0,0,0,0,0,0,0,0,0,8,1,0,5,1
"95","311",2,0.0274423710208562,1,0,0,1,0,0,0,0,0,0,0,0,0,1,0,0,0,0,0,1,0,0,1,2,1,1,2,1,0,0,1,2,1,1,2,1,1,0,0,0,1,1,0,0,0,0,0,0,0,0,0,0,0,0,0,0,1,0,0,1,0
"96","312",8,0.109769484083425,2,1,2,3,0,0,0,1,1,0,1,1,0,1,0,0,0,0,0,2,1,0,5,7,6,7,8,4,0,0,6,8,7,8,9,0,0,0,0,0,3,2,0,0,1,3,1,1,1,1,0,1,0,0,0,0,2,0,0,2,0
"97","313",28,0.384193194291987,8,3,13,4,0,1,3,4,4,3,3,2,2,0,1,0,0,0,0,14,1,0,15,23,18,28,19,14,1,0,15,23,18,28,19,1,0,0,1,0,9,7,2,0,0,6,1,1,1,1,4,0,0,4,0,0,3,1,0,2,1
"98","315",10,0.137211855104281,4,0,1,5,0,0,1,1,2,2,0,2,0,0,1,0,0,0,0,6,1,0,7,11,7,8,12,4,0,0,4,8,4,5,9,1,1,0,0,0,2,2,0,0,0,2,1,1,1,1,2,0,0,1,0,0,3,1,0,2,0
"99","316",8,0.109769484083425,2,2,1,3,0,1,0,1,0,1,1,0,2,1,0,0,0,0,0,6,0,0,6,8,8,7,9,2,0,1,3,5,5,4,6,0,0,0,0,0,2,1,0,0,1,0,0,0,0,0,1,0,0,0,0,0,3,0,0,2,0
"100","317",11,0.150933040614709,4,4,2,1,0,0,2,1,2,0,0,1,2,1,0,0,1,0,0,3,2,0,6,10,10,8,7,1,0,0,1,5,5,3,2,3,1,2,0,0,5,3,2,0,0,0,0,0,0,0,1,1,0,0,0,0,1,0,0,1,0
"101","318",8,0.109769484083425,1,0,3,4,0,0,0,3,1,1,1,0,1,0,0,0,0,0,0,3,0,1,4,5,4,7,8,2,0,1,3,4,3,6,7,2,0,0,1,1,5,1,0,2,2,0,0,0,0,0,0,0,0,1,0,1,2,0,1,0,0
"102","319",22,0.301866081229418,4,3,7,8,0,0,1,2,4,1,2,1,5,2,1,0,0,0,0,14,0,0,14,18,17,21,22,8,1,0,9,13,12,16,17,3,0,1,1,1,9,4,2,2,1,0,0,0,0,0,2,0,0,0,0,0,7,0,0,3,0
"103","320",14,0.192096597145993,1,7,2,4,0,0,4,4,0,2,0,2,0,1,1,0,0,0,0,9,0,0,9,10,16,11,13,9,0,0,9,10,16,11,13,1,0,1,0,0,5,1,4,0,0,0,0,0,0,0,1,0,0,0,0,0,3,0,0,3,0
"104","322",9,0.123490669593853,1,2,2,4,0,0,1,0,2,0,0,3,1,0,0,0,0,0,0,5,0,0,6,7,8,8,10,3,0,0,4,5,6,6,8,3,0,1,1,1,3,1,1,0,1,0,0,0,0,0,0,0,0,0,0,0,3,0,0,1,0
"105","323",24,0.329308452250274,5,4,10,5,0,0,2,0,2,2,1,3,4,2,1,0,0,0,0,15,1,0,17,22,21,27,22,14,0,0,14,19,18,24,19,6,0,1,3,2,7,4,2,1,0,2,0,0,0,0,2,0,0,2,0,0,5,0,0,3,0
"106","324",30,0.411635565312843,5,4,12,9,0,2,4,5,8,1,1,1,3,0,1,0,0,0,0,17,1,0,18,23,22,30,27,13,1,0,14,19,18,26,23,8,0,4,3,1,6,4,1,0,1,1,0,0,0,0,1,0,0,0,0,0,7,1,0,4,1
"107","326",8,0.109769484083425,1,2,2,3,0,0,1,2,2,0,0,0,2,1,0,0,0,0,0,4,0,0,4,5,6,6,7,3,0,0,3,4,5,5,6,6,1,2,2,1,2,0,0,1,1,0,0,0,0,0,0,0,0,0,0,0,3,0,0,2,0
"108","327",14,0.192096597145993,3,4,3,4,0,0,1,2,3,1,0,0,0,3,2,0,0,0,0,10,1,0,11,14,15,14,15,8,0,0,8,11,12,11,12,0,0,0,0,0,3,0,3,0,0,1,0,0,0,0,3,0,0,0,0,0,2,1,0,2,0
"109","328",4,0.0548847420417124,1,1,2,0,0,0,0,0,0,0,0,0,2,0,0,0,0,0,0,2,0,0,2,3,3,4,2,3,0,0,3,4,4,5,3,0,0,0,0,0,1,0,1,0,0,0,0,0,0,0,1,0,0,0,0,0,0,0,0,0,0
"110","329",49,0.672338090010977,5,6,21,17,0,1,7,8,7,2,2,1,8,2,1,0,0,0,0,30,4,0,37,42,43,58,54,16,3,0,21,26,27,42,38,8,1,2,3,2,14,4,4,5,1,1,0,0,0,0,3,0,0,1,0,0,13,1,0,3,0
"111","330",14,0.192096597145993,1,5,2,6,0,0,0,0,2,2,2,3,1,1,0,0,0,0,0,9,0,0,9,10,14,11,15,5,0,0,5,6,10,7,11,3,1,1,0,1,7,1,4,0,2,1,0,0,0,0,1,0,0,0,0,0,6,0,0,3,0
"112","331",6,0.0823271130625686,0,1,1,4,0,0,1,1,1,1,0,0,0,0,1,0,0,0,0,4,0,0,4,4,5,5,8,5,0,0,5,5,6,6,9,0,0,0,0,0,0,0,0,0,0,0,0,0,0,0,0,0,0,0,0,0,3,0,0,3,0
"113","332",3,0.0411635565312843,0,1,1,1,0,0,1,0,1,0,0,1,0,0,0,0,0,0,0,2,0,0,2,2,3,3,3,2,0,0,2,2,3,3,3,0,0,0,0,0,2,0,1,1,0,0,0,0,0,0,0,0,0,0,0,0,1,0,0,1,0
"114","333",8,0.109769484083425,0,1,3,4,0,0,2,2,0,0,0,2,1,1,0,0,0,0,0,6,0,0,7,7,8,10,11,3,0,0,3,3,4,6,7,1,0,0,0,1,2,0,1,1,0,1,0,0,0,0,0,0,0,0,0,0,3,0,0,1,0
"115","334",7,0.0960482985729967,0,1,2,4,0,0,2,1,0,0,1,1,1,1,0,0,0,0,0,6,0,0,6,6,7,8,10,3,0,0,3,3,4,5,7,1,0,0,0,1,0,0,0,0,0,0,0,0,0,0,0,0,0,0,0,0,3,0,0,1,0
"116","335",8,0.109769484083425,0,3,2,3,0,0,0,1,1,2,1,0,1,0,0,0,0,0,0,5,0,0,5,5,8,7,8,5,0,0,5,5,8,7,8,1,0,1,0,0,3,0,2,0,1,0,0,0,0,0,0,0,0,0,0,0,2,0,0,2,0
"117","336",1,0.0137211855104281,0,0,1,0,0,0,1,0,0,0,0,0,0,0,0,0,0,0,0,1,0,0,1,1,1,2,1,1,0,0,1,1,1,2,1,0,0,0,0,0,0,0,0,0,0,0,0,0,0,0,0,0,0,0,0,0,0,0,0,0,0
"118","337",4,0.0548847420417124,0,2,1,1,0,0,0,0,2,0,0,0,0,0,0,0,0,0,0,1,0,0,2,2,4,3,3,2,1,0,4,4,6,5,5,0,0,0,0,0,1,0,0,0,1,0,0,0,0,0,0,0,0,0,0,0,0,0,0,0,0
"119","338",27,0.370472008781559,7,4,6,10,0,0,1,2,6,1,3,6,1,0,0,0,0,0,1,5,15,0,20,27,24,26,30,0,9,0,10,17,14,16,20,4,1,1,1,1,10,5,3,1,1,1,0,0,0,0,3,2,0,0,1,0,1,8,0,0,3
"120","340",1,0.0137211855104281,0,0,1,0,0,0,0,0,0,0,0,0,0,0,0,0,0,0,0,1,0,0,1,1,1,2,1,0,0,0,0,0,0,1,0,0,0,0,0,0,0,0,0,0,0,0,0,0,0,0,0,0,0,0,0,0,0,0,0,0,0
"121","401",7,0.0960482985729967,3,1,2,1,0,0,0,1,2,2,0,0,1,0,0,0,0,0,0,4,0,0,4,7,5,6,5,4,1,0,5,8,6,7,6,1,1,0,0,0,3,3,0,0,0,0,0,0,0,0,0,0,0,2,1,0,1,0,0,0,0
"122","402",2,0.0274423710208562,0,1,1,0,0,1,0,0,0,0,0,0,0,0,0,1,0,0,0,1,0,0,1,1,2,2,1,2,0,0,2,2,3,3,2,0,0,0,0,0,1,0,0,1,0,0,0,0,0,0,0,0,0,0,0,0,0,0,0,0,0
"123","403",10,0.137211855104281,1,3,4,2,0,0,1,3,0,0,2,2,0,0,0,0,0,0,0,6,0,0,7,8,10,11,9,5,0,0,5,6,8,9,7,2,0,1,1,0,0,0,0,0,0,0,0,0,0,0,1,0,0,0,0,0,1,0,0,0,0
"124","404",26,0.356750823271131,5,3,8,10,0,1,4,2,1,8,1,4,2,1,0,0,0,0,0,12,2,1,17,22,20,25,27,13,2,2,18,23,21,26,28,7,3,2,2,0,10,4,0,5,1,0,0,0,0,0,2,0,0,3,0,0,6,2,0,4,2
"125","405",7,0.0960482985729967,0,1,2,4,0,0,0,0,1,5,0,0,0,1,0,0,0,0,0,2,0,0,2,2,3,4,6,6,0,0,6,6,7,8,10,2,0,0,1,1,1,0,0,1,0,1,0,0,0,0,0,0,0,0,0,0,1,0,0,4,0
"126","406",8,0.109769484083425,3,1,3,1,0,0,0,0,1,3,0,1,0,1,0,0,0,0,0,1,0,0,2,5,3,5,3,3,0,0,4,7,5,7,5,1,1,0,0,0,3,2,0,1,0,1,0,0,0,0,1,0,0,0,0,0,0,0,0,0,0
"127","407",9,0.123490669593853,2,2,3,2,0,0,0,3,0,0,0,1,0,3,0,0,0,0,0,2,2,1,5,7,7,8,7,5,1,1,7,9,9,10,9,3,0,1,0,2,5,2,1,2,0,0,0,0,0,0,0,0,0,2,0,0,1,1,0,1,0
"128","408",159,2.18166849615807,25,27,50,57,0,2,9,13,14,16,17,23,16,16,3,2,2,1,0,21,46,38,110,135,137,160,167,22,55,37,117,142,144,167,174,18,5,4,4,5,43,18,4,17,4,11,4,4,4,4,4,1,3,4,8,12,6,23,20,4,19
"129","409",47,0.644895718990121,8,10,11,18,0,1,6,6,9,5,3,3,1,1,0,0,0,0,0,27,0,2,30,38,40,41,48,31,1,1,36,44,46,47,54,4,2,0,1,1,16,6,4,3,3,0,0,0,0,0,5,0,0,6,0,1,11,0,2,10,0
"130","410",4,0.0548847420417124,1,0,2,1,0,0,0,1,2,0,0,0,0,0,0,0,0,0,0,1,1,0,2,3,2,4,3,2,1,0,3,4,3,5,4,1,1,0,0,0,0,0,0,0,0,0,0,0,0,0,0,0,0,1,0,0,1,0,0,1,0
"131","411",15,0.205817782656422,4,3,1,7,0,0,3,3,2,2,0,0,0,0,0,1,0,0,0,8,1,2,11,15,14,12,18,7,1,1,9,13,12,10,16,4,2,1,0,1,4,3,0,0,1,1,0,0,0,0,1,1,1,2,1,0,6,0,1,3,0
"132","412",20,0.274423710208562,1,4,8,7,0,0,1,5,4,3,1,1,0,1,2,0,0,0,0,9,1,3,13,14,17,21,20,12,1,2,15,16,19,23,22,2,1,0,1,0,4,1,1,2,0,0,0,0,0,0,1,0,0,1,0,0,4,0,2,4,0
"133","413",3,0.0411635565312843,2,0,1,0,0,1,0,0,1,0,0,0,0,0,0,0,0,0,0,2,0,0,2,4,2,3,2,3,0,0,3,5,3,4,3,0,0,0,0,0,2,2,0,0,0,0,0,0,0,0,1,0,0,2,0,0,0,0,0,0,0
"134","414",48,0.658616904500549,7,8,16,17,0,0,1,8,7,3,4,3,1,6,2,0,0,0,0,29,0,3,32,39,40,48,49,21,0,2,23,30,31,39,40,6,0,2,2,2,8,3,2,3,0,7,2,2,2,2,4,0,0,4,0,1,12,0,2,3,0
"135","415",89,1.2211855104281,16,16,35,22,0,2,5,12,10,14,5,10,9,2,4,1,0,0,0,37,10,1,51,67,67,86,73,46,9,0,57,73,73,92,79,17,5,1,8,3,20,9,3,6,2,6,2,2,2,2,3,0,0,10,1,0,11,4,0,6,1
"136","416",16,0.21953896816685,2,1,6,7,0,0,2,2,4,2,0,1,1,0,0,1,0,0,0,9,0,0,10,12,11,16,17,11,0,0,11,13,12,17,18,2,0,0,1,1,5,1,0,4,0,1,1,1,1,1,0,0,0,2,0,0,4,0,0,4,0
"137","417",1,0.0137211855104281,0,0,1,0,0,0,1,0,0,0,0,0,0,0,0,0,0,0,0,1,0,0,1,1,1,2,1,1,0,0,1,1,1,2,1,0,0,0,0,0,0,0,0,0,0,0,0,0,0,0,0,0,0,0,0,0,0,0,0,0,0
"138","418",5,0.0686059275521405,1,2,2,0,0,0,0,1,1,1,0,1,1,0,0,0,0,0,0,2,0,1,3,4,5,5,3,4,0,0,4,5,6,6,4,1,0,0,1,0,2,1,0,1,0,0,0,0,0,0,0,0,0,1,0,0,0,0,0,0,0
"139","419",1,0.0137211855104281,0,0,0,1,0,0,0,0,0,1,0,0,0,0,0,0,0,0,0,1,0,0,1,1,1,1,2,0,0,0,0,0,0,0,1,0,0,0,0,0,0,0,0,0,0,0,0,0,0,0,0,0,0,0,0,0,1,0,0,0,0
"140","420",2,0.0274423710208562,0,0,0,2,0,0,0,0,2,0,0,0,0,0,0,0,0,0,0,2,0,0,2,2,2,2,4,2,0,0,2,2,2,2,4,0,0,0,0,0,0,0,0,0,0,0,0,0,0,0,0,0,0,0,0,0,2,0,0,2,0
"141","421",3,0.0411635565312843,1,0,1,1,0,0,0,1,0,1,0,0,0,1,0,0,0,0,0,0,2,0,2,3,2,3,3,0,3,0,3,4,3,4,4,1,0,0,0,1,2,1,0,1,0,0,0,0,0,0,0,1,0,0,1,0,0,1,0,0,1
"142","422",36,0.493962678375412,5,5,7,19,0,1,1,7,5,4,2,5,5,1,0,0,1,0,0,16,7,0,24,29,29,31,43,16,3,0,20,25,25,27,39,9,3,2,2,2,11,3,1,4,3,1,0,0,0,0,1,0,0,2,0,0,9,6,0,7,2
"143","423",10,0.137211855104281,4,0,3,3,0,0,1,1,2,5,1,0,0,0,0,0,0,0,0,4,0,1,5,9,5,8,8,5,0,1,6,10,6,9,9,1,0,0,0,1,3,3,0,0,0,0,0,0,0,0,0,0,1,2,0,0,2,0,0,1,0
"144","424",5,0.0686059275521405,1,2,2,0,0,0,1,1,0,0,1,0,0,1,0,0,0,0,0,3,0,0,3,4,5,5,3,3,0,1,4,5,6,6,4,3,1,1,1,0,3,1,1,1,0,0,0,0,0,0,0,0,0,0,0,0,0,0,0,0,0
"145","425",5,0.0686059275521405,1,1,1,2,0,0,0,0,1,0,0,0,1,0,1,0,0,0,0,1,0,0,1,2,2,2,3,3,0,0,3,4,4,4,5,1,1,0,0,0,2,1,1,0,0,0,0,0,0,0,0,0,0,1,0,0,1,0,0,1,0
"146","426",9,0.123490669593853,1,4,0,4,0,0,1,0,1,0,3,0,1,1,1,0,0,0,0,3,0,0,3,4,7,3,7,6,1,0,7,8,11,7,11,1,0,1,0,0,1,0,1,0,0,1,0,0,0,0,0,0,0,1,0,0,2,0,0,3,0
"147","427",35,0.480241492864984,7,12,6,10,0,1,3,1,6,7,4,2,3,3,1,0,0,0,0,11,6,7,24,31,36,30,34,14,4,3,21,28,33,27,31,5,0,1,0,4,11,5,3,2,1,0,0,0,0,0,1,1,1,4,1,0,2,3,3,3,1
"148","428",22,0.301866081229418,5,4,8,5,0,0,2,2,3,3,2,0,0,6,0,0,0,0,0,7,4,0,11,16,15,19,16,9,4,0,13,18,17,21,18,8,3,1,3,1,5,2,1,2,0,1,0,0,0,0,1,0,0,2,0,0,4,1,0,3,1
"149","430",16,0.21953896816685,2,4,3,7,0,1,3,1,1,3,0,1,2,0,1,0,0,0,0,10,2,1,13,15,17,16,20,5,2,1,8,10,12,11,15,6,0,2,2,2,1,1,0,0,0,0,0,0,0,0,1,0,0,0,0,1,5,1,1,1,1
"150","431",8,0.109769484083425,0,2,2,4,0,1,0,0,1,2,1,0,1,0,1,0,0,0,0,6,1,0,7,7,9,9,11,4,0,0,4,4,6,6,8,1,0,1,0,0,1,0,0,0,1,0,0,0,0,0,0,0,0,0,0,0,3,1,0,2,0
"151","432",16,0.21953896816685,3,4,5,4,0,3,0,3,2,0,3,1,1,1,0,0,0,0,0,6,1,0,7,10,11,12,11,7,1,0,8,11,12,13,12,4,1,1,1,1,5,2,1,1,1,1,0,0,0,0,0,0,0,0,0,0,3,0,0,3,0
"152","434",17,0.233260153677278,3,2,5,7,0,0,2,1,2,4,2,0,1,1,0,0,0,0,0,10,2,2,15,18,17,20,22,3,2,2,7,10,9,12,14,3,2,0,1,0,3,1,1,1,0,1,0,0,0,0,2,0,0,0,0,1,3,2,1,1,2
"153","435",12,0.164654226125137,2,4,3,3,0,1,1,1,1,3,0,3,0,1,0,0,0,0,0,9,0,0,9,11,13,12,12,7,0,0,7,9,11,10,10,2,1,1,0,0,2,0,1,1,0,1,0,0,0,0,1,0,0,1,0,0,3,0,0,2,0
"154","436",41,0.562568605927552,7,11,14,9,0,0,4,4,7,6,7,3,3,0,0,0,0,0,0,20,4,2,27,34,38,41,36,18,6,2,27,34,38,41,36,5,1,2,2,0,13,4,2,5,2,3,0,0,0,0,3,1,0,1,1,0,8,0,1,5,0
"155","437",4,0.0548847420417124,0,0,3,1,0,0,0,1,0,1,0,0,1,0,1,0,0,0,0,1,0,1,3,3,3,6,4,1,0,0,2,2,2,5,3,0,0,0,0,0,1,0,0,1,0,1,0,0,0,0,0,0,0,0,0,0,0,0,1,0,0
"156","501",1,0.0137211855104281,0,0,0,1,0,0,0,0,0,0,0,0,1,0,0,0,0,0,0,1,0,0,1,1,1,1,2,0,0,0,0,0,0,0,1,0,0,0,0,0,0,0,0,0,0,0,0,0,0,0,0,0,0,0,0,0,1,0,0,0,0
"157","504",3,0.0411635565312843,1,0,1,1,0,0,0,0,1,0,0,0,1,0,0,0,0,0,0,3,0,0,3,4,3,4,4,3,0,0,3,4,3,4,4,0,0,0,0,0,1,0,0,0,1,0,0,0,0,0,1,0,0,1,0,0,1,0,0,1,0
"158","505",36,0.493962678375412,6,8,11,11,0,2,0,4,6,5,5,2,4,2,1,0,0,0,0,25,0,0,25,31,33,36,36,20,0,0,21,27,29,32,32,3,1,0,0,2,4,0,0,3,1,2,1,1,1,1,1,0,0,5,0,0,10,0,0,5,0
"159","506",29,0.397914379802415,6,5,7,11,1,0,1,5,2,5,3,0,4,2,0,0,0,0,0,19,4,0,24,30,29,31,35,17,2,0,19,25,24,26,30,5,2,1,1,1,6,1,2,1,2,0,0,0,0,0,3,1,0,3,1,0,8,2,0,5,0
"160","507",4,0.0548847420417124,0,2,2,0,0,0,0,0,0,0,0,1,1,0,0,0,0,1,0,2,0,0,2,2,4,4,2,2,0,0,2,2,4,4,2,2,0,1,1,0,0,0,0,0,0,0,0,0,0,0,0,0,0,0,0,0,0,0,0,0,0
"161","508",19,0.260702524698134,3,4,5,7,0,0,3,1,2,4,1,1,5,1,0,0,0,0,0,11,0,1,12,15,16,17,19,10,0,1,11,14,15,16,18,1,1,0,0,0,3,1,1,1,0,1,1,1,1,1,1,0,0,1,0,1,4,0,1,4,0
"162","509",1,0.0137211855104281,0,0,1,0,0,0,0,0,0,0,0,0,1,0,0,0,0,0,0,1,0,0,1,1,1,2,1,1,0,0,1,1,1,2,1,0,0,0,0,0,0,0,0,0,0,0,0,0,0,0,0,0,0,0,0,0,0,0,0,0,0
"163","511",10,0.137211855104281,1,3,2,4,0,0,2,1,0,1,1,0,3,1,0,0,0,0,0,6,0,0,6,7,9,8,10,8,0,0,8,9,11,10,12,1,0,0,1,0,2,0,2,0,0,2,0,0,0,0,0,0,0,1,0,0,4,0,0,3,0
"164","512",3,0.0411635565312843,2,0,0,1,0,0,0,0,0,0,0,0,0,0,1,0,0,0,0,1,0,0,1,3,1,1,2,1,0,0,1,3,1,1,2,0,0,0,0,0,0,0,0,0,0,2,0,0,0,0,0,0,0,0,0,0,1,0,0,1,0
"165","513",2,0.0274423710208562,0,0,1,1,0,0,0,0,1,0,0,0,1,0,0,0,0,0,0,1,0,0,1,1,1,2,2,2,0,0,2,2,2,3,3,0,0,0,0,0,0,0,0,0,0,0,0,0,0,0,0,0,0,0,0,0,1,0,0,1,0
"166","514",13,0.178375411635565,1,1,7,4,0,0,0,2,3,2,0,1,2,2,1,0,0,0,0,7,0,2,9,10,10,16,13,8,1,1,10,11,11,17,14,2,0,0,1,1,3,0,0,2,1,0,0,0,0,0,0,0,0,1,0,0,4,0,0,4,0
"167","515",4,0.0548847420417124,0,0,3,1,0,0,0,2,1,0,1,0,0,0,0,0,0,0,0,4,0,0,4,4,4,7,5,2,0,0,2,2,2,5,3,0,0,0,0,0,1,0,0,1,0,0,0,0,0,0,0,0,0,0,0,0,1,0,0,0,0
"168","516",5,0.0686059275521405,2,0,2,1,0,0,0,0,2,0,1,0,2,0,0,0,0,0,0,1,0,1,2,4,2,4,3,2,0,2,4,6,4,6,5,0,0,0,0,0,1,1,0,0,0,0,0,0,0,0,0,0,1,0,0,0,1,0,0,0,0
"169","601",21,0.28814489571899,0,3,3,15,0,0,1,1,3,1,4,2,2,1,0,0,0,0,0,4,9,5,19,19,22,22,34,3,4,4,12,12,15,15,27,2,0,0,0,2,5,0,0,2,3,0,0,0,0,0,0,0,0,0,0,3,2,7,5,2,4
"170","602",11,0.150933040614709,4,2,2,3,0,0,1,2,3,1,0,0,3,0,0,0,0,0,0,7,1,0,8,12,10,10,11,8,1,0,9,13,11,11,12,1,1,0,0,0,3,0,0,2,1,0,0,0,0,0,1,1,0,2,1,0,3,0,0,2,0
"171","603",2,0.0274423710208562,0,0,0,2,0,0,0,0,0,1,0,0,0,0,0,0,0,0,0,2,0,0,2,2,2,2,4,0,0,0,0,0,0,0,2,0,0,0,0,0,0,0,0,0,0,0,0,0,0,0,0,0,0,0,0,0,2,0,0,0,0
"172","604",1,0.0137211855104281,0,0,0,1,0,0,0,0,0,0,1,0,0,0,0,0,0,0,0,1,0,0,1,1,1,1,2,0,0,0,0,0,0,0,1,1,0,0,0,1,0,0,0,0,0,0,0,0,0,0,0,0,0,0,0,0,1,0,0,0,0
"173","605",4,0.0548847420417124,1,1,0,2,0,0,0,0,2,1,1,0,0,0,0,0,0,0,0,3,0,0,3,4,4,3,5,3,0,0,3,4,4,3,5,0,0,0,0,0,1,0,0,0,1,0,0,0,0,0,0,0,0,1,0,0,2,0,0,1,0
"174","606",1,0.0137211855104281,0,0,1,0,0,0,0,0,0,0,0,0,1,0,0,0,0,0,0,1,0,0,1,1,1,2,1,1,0,0,1,1,1,2,1,0,0,0,0,0,0,0,0,0,0,0,0,0,0,0,0,0,0,0,0,0,0,0,0,0,0
"175","607",3,0.0411635565312843,0,2,1,0,0,0,0,0,1,0,0,0,0,0,0,0,0,0,0,2,0,0,2,2,4,3,2,2,0,0,2,2,4,3,2,0,0,0,0,0,2,0,2,0,0,0,0,0,0,0,0,0,0,0,0,0,0,0,0,0,0
"176","608",3,0.0411635565312843,1,0,1,1,0,0,0,1,0,1,0,0,1,0,0,0,0,0,0,1,0,0,1,2,1,2,2,1,0,0,1,2,1,2,2,1,1,0,0,0,0,0,0,0,0,0,0,0,0,0,0,0,0,0,0,0,1,0,0,0,0
"177","609",5,0.0686059275521405,2,0,2,1,0,0,1,0,1,0,1,0,0,2,0,0,0,0,0,4,0,0,4,6,4,6,5,2,0,0,2,4,2,4,3,0,0,0,0,0,0,0,0,0,0,0,0,0,0,0,1,0,0,1,0,0,1,0,0,0,0
"178","610",66,0.905598243688255,6,18,17,25,0,0,2,8,10,10,4,5,6,4,0,1,0,0,0,32,7,7,46,52,64,63,71,24,5,5,34,40,52,51,59,2,0,0,2,0,10,0,4,4,2,3,2,2,2,2,1,2,0,2,1,0,17,3,3,7,1
"179","612",1,0.0137211855104281,0,0,1,0,0,0,0,0,0,1,0,0,0,0,0,0,0,0,0,1,0,0,1,1,1,2,1,1,0,0,1,1,1,2,1,0,0,0,0,0,0,0,0,0,0,0,0,0,0,0,0,0,0,0,0,0,0,0,0,0,0
"180","613",5,0.0686059275521405,1,1,2,1,0,0,1,1,0,1,0,0,1,0,0,1,0,0,0,3,0,0,4,5,5,6,5,3,0,0,4,5,5,6,5,1,1,0,0,0,2,0,1,1,0,0,0,0,0,0,0,0,0,0,0,0,1,0,0,1,0
"181","614",105,1.44072447859495,13,14,38,40,0,3,2,10,14,11,7,14,11,6,2,0,0,0,0,50,8,16,75,88,89,113,115,35,3,18,56,69,70,94,96,13,4,4,3,2,12,3,1,3,5,2,0,0,0,0,2,0,0,3,0,3,23,4,8,13,0
"182","701",41,0.562568605927552,2,9,13,17,0,1,3,6,4,4,5,7,2,1,2,0,1,0,0,18,3,5,27,29,36,40,44,19,2,6,29,31,38,42,46,4,0,1,2,1,7,0,1,1,5,2,0,0,0,0,0,0,0,1,0,0,12,1,1,7,1
"183","702",35,0.480241492864984,4,8,9,14,0,0,2,6,2,0,2,2,4,3,0,0,1,0,0,12,3,2,17,21,25,26,31,15,1,4,21,25,29,30,35,7,1,2,1,3,6,0,1,2,3,0,0,0,0,0,1,0,0,1,0,2,4,2,2,4,1
"184","703",5,0.0686059275521405,0,2,1,2,0,0,0,0,0,0,0,0,2,0,0,0,0,0,0,3,0,0,3,3,5,4,5,3,0,0,3,3,5,4,5,3,0,2,1,0,1,0,0,0,1,0,0,0,0,0,0,0,0,0,0,0,2,0,0,2,0
"185","704",11,0.150933040614709,1,3,3,4,0,1,0,1,2,1,2,1,1,0,0,1,0,0,0,7,0,0,7,8,10,10,11,9,0,0,9,10,12,12,13,2,1,1,0,0,4,1,1,1,1,0,0,0,0,0,0,0,0,1,0,0,3,0,0,3,0
"186","705",73,1.00164654226125,9,18,24,22,1,0,0,2,2,2,6,11,9,12,7,1,1,0,0,3,35,4,42,51,60,66,64,2,39,3,45,54,63,69,67,9,1,4,3,1,16,0,3,8,5,3,1,1,1,1,0,0,0,0,6,0,1,17,1,0,11
"187","706",2,0.0274423710208562,0,0,1,1,0,0,0,2,0,0,0,0,0,0,0,0,0,0,0,1,0,0,1,1,1,2,2,2,0,0,2,2,2,3,3,1,0,0,1,0,1,0,0,0,1,0,0,0,0,0,0,0,0,0,0,0,0,0,0,1,0
"188","707",3,0.0411635565312843,0,1,0,2,0,0,1,1,0,1,0,0,0,0,0,0,0,0,0,0,0,0,1,1,2,1,3,1,0,0,1,1,2,1,3,1,0,0,0,1,1,0,1,0,0,0,0,0,0,0,0,0,0,0,0,0,0,0,0,0,0
"189","709",53,0.727222832052689,3,9,24,17,0,0,2,3,1,5,1,6,11,9,2,1,2,0,0,6,22,3,31,34,40,55,48,4,30,2,36,39,45,60,53,8,0,0,4,4,8,0,1,4,3,3,0,0,0,0,0,0,0,0,3,0,3,11,0,2,8
"190","710",11,0.150933040614709,1,3,3,4,0,0,2,1,2,1,1,1,1,0,0,0,0,0,0,6,1,0,7,8,10,10,11,6,0,0,6,7,9,9,10,2,0,0,2,0,1,0,0,1,0,1,1,1,1,1,0,0,0,1,0,0,3,1,0,1,0
"191","711",7,0.0960482985729967,0,2,3,2,0,0,0,0,2,1,1,1,0,0,1,1,0,0,0,3,2,0,5,5,7,8,7,1,1,1,3,3,5,6,5,0,0,0,0,0,1,0,0,1,0,0,0,0,0,0,0,0,0,0,0,0,2,0,0,1,0
"192","712",2,0.0274423710208562,0,1,1,0,0,0,0,1,0,0,1,0,0,0,0,0,0,0,0,0,0,0,0,0,1,1,0,1,0,0,1,1,2,2,1,1,0,0,1,0,0,0,0,0,0,0,0,0,0,0,0,0,0,0,0,0,0,0,0,0,0
"193","713",16,0.21953896816685,3,4,6,3,0,1,0,3,2,1,1,0,2,2,1,0,0,0,0,7,2,0,9,12,13,15,12,6,3,0,9,12,13,15,12,1,1,0,0,0,0,0,0,0,0,0,0,0,0,0,1,0,0,1,0,0,2,0,0,1,1
"194","714",418,5.73545554335895,56,103,130,129,NA,NA,NA,NA,NA,NA,NA,NA,NA,NA,NA,NA,NA,NA,NA,29,169,62,260,316,363,390,389,43,184,60,288,344,391,418,417,42,10,13,14,5,75,2,15,36,22,32,11,11,11,11,4,10,3,8,18,16,10,71,27,8,51
"195","715",1,0.0137211855104281,1,0,0,0,0,0,1,0,0,0,0,0,0,0,0,0,0,0,0,0,0,0,0,1,0,0,0,1,0,0,1,2,1,1,1,0,0,0,0,0,0,0,0,0,0,0,0,0,0,0,0,0,0,1,0,0,0,0,0,0,0
"196","716",21,0.28814489571899,2,6,6,7,0,1,2,1,1,2,0,4,1,1,2,0,0,0,0,12,0,3,15,17,21,21,22,9,0,4,13,15,19,19,20,3,2,0,1,0,3,2,0,0,1,0,0,0,0,0,0,0,0,0,0,1,6,0,1,4,0
"197","717",21,0.28814489571899,0,6,5,10,0,0,1,2,2,2,1,2,4,1,2,1,0,0,0,1,13,3,17,17,23,22,27,1,6,0,7,7,13,12,17,2,0,1,1,0,3,0,1,2,0,0,0,0,0,0,0,0,0,0,0,0,1,6,3,0,2
"198","718",1,0.0137211855104281,0,0,1,0,0,0,1,0,0,0,0,0,0,0,0,0,0,0,0,1,0,0,1,1,1,2,1,1,0,0,1,1,1,2,1,0,0,0,0,0,1,0,0,1,0,0,0,0,0,0,0,0,0,0,0,0,0,0,0,0,0
"199","719",3,0.0411635565312843,1,1,0,1,0,0,0,1,0,0,0,2,0,0,0,0,0,0,0,1,0,0,2,3,3,2,3,0,0,0,1,2,2,1,2,0,0,0,0,0,2,0,1,0,1,0,0,0,0,0,1,0,0,0,0,0,0,0,0,0,0
"200","720",5,0.0686059275521405,0,1,1,3,0,0,0,1,0,0,0,1,2,1,0,0,0,0,0,4,0,0,4,4,5,5,7,2,0,0,2,2,3,3,5,1,0,0,0,1,0,0,0,0,0,0,0,0,0,0,0,0,0,0,0,0,2,0,0,1,0
"201","721",5,0.0686059275521405,0,2,2,1,0,0,0,2,0,1,0,0,0,1,0,0,0,0,0,5,0,0,5,5,7,7,6,3,0,0,3,3,5,5,4,1,0,0,1,0,3,0,1,1,1,0,0,0,0,0,0,0,0,0,0,0,1,0,0,1,0
"202","722",21,0.28814489571899,3,6,7,5,0,0,0,3,5,4,2,2,2,0,2,0,0,0,0,9,5,1,15,18,21,22,20,11,2,1,14,17,20,21,19,2,0,1,1,0,6,0,1,5,0,2,1,1,1,1,2,0,0,2,0,0,3,2,0,2,0
"203","801",14,0.192096597145993,3,2,3,6,0,0,1,5,3,1,1,0,1,0,0,1,0,0,0,7,0,2,9,12,11,12,15,6,1,1,8,11,10,11,14,3,1,2,0,0,7,3,0,0,4,0,0,0,0,0,0,0,0,0,1,1,5,0,1,2,0
"204","802",49,0.672338090010977,7,6,10,26,0,0,2,13,6,7,9,4,0,3,0,0,0,1,0,31,4,1,37,44,43,47,63,20,2,1,23,30,29,33,49,5,0,2,1,2,7,4,0,0,3,4,1,1,1,1,2,0,0,3,1,0,20,3,0,9,1
"205","803",7,0.0960482985729967,1,0,3,3,0,0,0,0,0,1,0,3,0,0,0,0,0,0,0,5,0,0,5,6,5,8,8,5,0,0,5,6,5,8,8,1,1,0,0,0,2,1,0,0,1,0,0,0,0,0,0,0,0,1,0,0,3,0,0,2,0
"206","804",5,0.0686059275521405,1,0,4,0,0,0,1,0,0,2,0,0,0,2,0,0,0,0,0,1,0,0,2,3,2,6,2,3,1,0,5,6,5,9,5,0,0,0,0,0,1,0,0,1,0,0,0,0,0,0,0,0,0,0,0,0,0,0,0,0,0
"207","805",27,0.370472008781559,3,7,8,9,0,0,2,3,8,4,0,2,3,1,1,0,0,0,0,17,1,0,19,22,26,27,28,15,1,1,18,21,25,26,27,5,2,1,1,1,3,1,1,0,1,0,0,0,0,0,2,0,0,0,0,0,8,0,0,5,0
"208","806",17,0.233260153677278,1,5,4,7,0,0,2,5,2,1,2,1,1,2,0,0,0,0,0,5,3,0,8,9,13,12,15,9,0,0,10,11,15,14,17,4,0,2,0,2,3,1,1,1,0,0,0,0,0,0,0,0,0,1,0,0,1,3,0,4,0
"209","807",3,0.0411635565312843,0,2,1,0,0,0,1,1,0,0,0,0,0,0,0,0,0,0,0,1,0,0,1,1,3,2,1,2,0,0,2,2,4,3,2,1,0,1,0,0,1,0,0,1,0,0,0,0,0,0,0,0,0,0,0,0,0,0,0,0,0
"210","808",9,0.123490669593853,2,2,2,3,0,1,0,2,0,2,1,2,1,0,0,0,0,0,0,5,1,0,6,8,8,8,9,4,1,1,6,8,8,8,9,2,2,0,0,0,1,1,0,0,0,0,0,0,0,0,1,0,0,1,0,0,2,1,0,1,1
"211","809",7,0.0960482985729967,1,3,3,0,0,0,1,0,0,2,0,2,0,1,0,0,0,0,0,5,0,0,5,6,8,8,5,6,0,0,6,7,9,9,6,1,0,1,0,0,2,1,0,1,0,0,0,0,0,0,1,0,0,1,0,0,0,0,0,0,0
"212","810",19,0.260702524698134,5,1,8,5,0,1,0,1,1,3,5,2,2,1,1,0,0,0,0,11,1,1,13,18,14,21,18,11,0,1,12,17,13,20,17,2,2,0,0,0,6,4,0,2,0,1,1,1,1,1,2,0,0,2,0,1,2,1,1,2,0
"213","811",49,0.672338090010977,5,10,16,18,0,3,4,7,8,5,3,3,1,7,2,1,0,0,0,23,2,1,27,32,37,43,45,30,2,1,33,38,43,49,51,7,1,1,4,1,10,2,1,6,1,3,2,2,2,2,0,0,0,5,0,0,12,1,0,8,1
"214","812",9,0.123490669593853,2,1,4,2,0,0,0,1,2,0,3,1,1,1,0,0,0,0,0,5,0,0,5,7,6,9,7,6,0,1,7,9,8,11,9,0,0,0,0,0,2,1,0,1,0,0,0,0,0,0,1,0,0,2,0,0,2,0,0,1,0
"215","813",1,0.0137211855104281,0,1,0,0,0,0,0,0,0,0,0,1,0,0,0,0,0,0,0,0,0,0,0,0,1,0,0,1,0,0,1,1,2,1,1,0,0,0,0,0,0,0,0,0,0,0,0,0,0,0,0,0,0,0,0,0,0,0,0,0,0
"216","814",19,0.260702524698134,1,4,6,8,0,1,0,1,3,4,1,1,1,1,0,1,0,0,0,11,4,0,15,16,19,21,23,6,2,1,10,11,14,16,18,2,0,1,1,0,2,1,1,0,0,1,1,1,1,1,0,0,0,0,0,0,4,3,0,1,2
"217","815",15,0.205817782656422,3,4,3,5,0,0,1,3,2,3,2,0,3,0,0,0,0,0,0,10,1,0,11,14,15,14,16,7,1,1,9,12,13,12,14,2,0,1,1,0,5,2,2,1,0,0,0,0,0,0,2,0,0,2,0,0,4,1,0,2,1
"218","816",3,0.0411635565312843,1,1,0,1,0,0,0,1,1,0,1,0,0,0,0,0,0,0,0,1,0,0,1,2,2,1,2,1,0,0,1,2,2,1,2,1,0,1,0,0,0,0,0,0,0,0,0,0,0,0,0,0,0,1,0,0,1,0,0,0,0
"219","817",3,0.0411635565312843,0,0,2,1,0,0,0,0,0,0,0,1,0,0,0,0,0,0,0,2,0,0,2,2,2,4,3,2,0,0,2,2,2,4,3,0,0,0,0,0,0,0,0,0,0,0,0,0,0,0,0,0,0,0,0,0,1,0,0,0,0
"220","818",59,0.809549945115258,10,10,11,28,0,2,6,10,12,6,2,2,3,1,0,0,0,0,0,39,3,2,46,56,56,57,74,34,1,2,37,47,47,48,65,6,1,3,0,2,8,3,1,2,2,3,1,1,1,1,3,1,0,5,0,0,23,1,0,13,1
"221","820",34,0.466520307354555,7,5,13,9,0,0,2,3,3,7,3,5,2,1,2,0,0,0,0,22,0,0,22,29,27,35,31,21,1,0,22,29,27,35,31,10,3,1,3,3,6,2,0,4,0,3,0,0,0,0,3,0,0,3,0,0,8,0,0,4,0
"222","821",12,0.164654226125137,1,1,5,5,0,0,2,1,1,2,0,1,0,1,1,0,0,0,0,9,1,1,11,12,12,16,16,5,1,1,7,8,8,12,12,1,0,0,0,1,2,1,0,1,0,1,0,0,0,0,0,0,1,0,0,0,5,0,0,3,0
"223","822",20,0.274423710208562,8,3,4,5,0,0,1,0,3,3,2,1,2,0,3,0,0,0,0,9,1,0,10,18,13,14,15,10,1,1,12,20,15,16,17,2,2,0,0,0,4,3,0,0,1,3,0,0,0,0,1,0,0,4,0,0,5,0,0,2,0
"224","823",6,0.0823271130625686,0,1,2,3,0,0,0,2,2,1,0,0,0,0,0,0,0,0,0,5,1,0,6,6,7,8,9,3,1,0,4,4,5,6,7,1,0,0,0,1,0,0,0,0,0,0,0,0,0,0,0,0,0,0,0,0,3,0,0,2,0
"225","824",4,0.0548847420417124,0,1,0,3,0,0,0,0,0,0,1,2,0,0,0,0,0,0,0,3,0,0,4,4,5,4,7,2,0,0,3,3,4,3,6,0,0,0,0,0,0,0,0,0,0,0,0,0,0,0,0,0,0,0,0,0,2,0,0,2,0
"226","901",67,0.919319429198683,15,9,18,25,0,2,2,9,6,4,6,7,6,7,1,1,0,0,0,24,0,5,31,46,40,49,56,34,1,5,42,57,51,60,67,15,8,1,4,2,15,3,1,7,4,4,1,1,1,1,0,0,0,9,0,2,17,0,3,12,0
"227","902",2,0.0274423710208562,0,1,0,1,0,0,0,0,0,0,0,1,0,0,1,0,0,0,0,1,0,0,1,1,2,1,2,1,0,0,1,1,2,1,2,0,0,0,0,0,0,0,0,0,0,0,0,0,0,0,0,0,0,0,0,0,1,0,0,0,0
"228","903",4,0.0548847420417124,0,1,1,2,0,0,0,1,0,3,0,0,0,0,0,0,0,0,0,1,0,2,3,3,4,4,5,1,0,3,4,4,5,5,6,0,0,0,0,0,0,0,0,0,0,0,0,0,0,0,0,0,0,0,0,1,1,0,1,1,0
"229","904",8,0.109769484083425,1,4,2,1,0,0,3,0,1,0,0,1,0,0,1,0,0,0,0,1,0,1,2,3,6,4,3,3,0,2,6,7,10,8,7,2,0,1,1,0,0,0,0,0,0,0,0,0,0,0,0,0,0,1,0,0,0,0,0,1,0
"230","905",29,0.397914379802415,3,8,8,10,0,0,2,2,3,4,1,2,2,6,0,1,0,0,0,14,0,4,18,21,26,26,28,12,1,6,19,22,27,27,29,6,1,1,3,1,7,0,4,2,1,0,0,0,0,0,2,0,0,1,0,1,7,0,1,4,1
"231","906",163,2.23655323819978,21,38,47,57,1,0,3,10,11,19,16,20,23,14,8,2,2,0,0,28,34,25,91,112,129,138,148,36,46,31,118,139,156,165,175,25,4,5,5,11,31,1,8,13,9,9,3,3,3,3,1,1,3,9,5,13,12,15,11,8,12
"232","907",24,0.329308452250274,6,6,3,9,0,0,3,2,1,5,0,2,3,2,2,0,0,0,0,10,0,2,13,19,19,16,22,9,0,4,13,19,19,16,22,4,1,1,0,2,2,1,1,0,0,5,1,1,1,1,0,0,0,3,0,0,8,0,0,4,0
"233","908",29,0.397914379802415,6,9,9,5,0,0,4,2,1,5,5,2,4,2,1,1,0,0,0,4,0,7,11,17,20,20,16,8,0,10,19,25,28,28,24,6,2,4,0,0,6,2,1,2,1,1,0,0,0,0,0,0,1,1,0,1,3,0,1,2,0
"234","909",7,0.0960482985729967,2,3,0,2,0,0,0,0,1,1,0,0,0,1,2,0,0,0,0,5,0,0,5,7,8,5,7,4,0,0,4,6,7,4,6,1,0,1,0,0,2,0,2,0,0,1,1,1,1,1,1,0,0,1,0,0,2,0,0,1,0
"235","910",22,0.301866081229418,3,5,9,5,0,1,0,3,3,4,3,3,2,1,0,0,0,0,0,3,1,8,12,15,17,21,17,3,1,11,15,18,20,24,20,3,0,2,1,0,1,0,0,1,0,4,0,0,0,0,0,0,0,1,0,3,1,0,3,0,0
"236","911",4,0.0548847420417124,0,2,1,1,0,0,1,2,0,0,0,1,0,0,0,0,0,0,0,2,0,0,2,2,4,3,3,2,0,0,2,2,4,3,3,1,0,1,0,0,0,0,0,0,0,2,0,0,0,0,0,0,0,0,0,0,1,0,0,1,0
"237","912",10,0.137211855104281,1,1,5,3,0,2,1,1,2,0,1,1,0,1,0,0,0,0,0,3,0,5,8,9,9,13,11,2,0,3,5,6,6,10,8,0,0,0,0,0,0,0,0,0,0,0,0,0,0,0,0,0,1,0,0,2,0,0,2,0,0
"238","1001",3,0.0411635565312843,0,2,1,0,0,0,0,1,0,0,0,0,0,0,0,1,0,0,0,1,1,0,2,2,4,3,2,1,1,0,2,2,4,3,2,0,0,0,0,0,1,0,1,0,0,0,0,0,0,0,0,0,0,0,0,0,0,0,0,0,0
"239","1002",2,0.0274423710208562,0,0,2,0,0,0,1,0,0,0,0,1,0,0,0,0,0,0,0,1,0,0,1,1,1,3,1,1,0,0,1,1,1,3,1,1,0,0,1,0,0,0,0,0,0,0,0,0,0,0,0,0,0,0,0,0,0,0,0,0,0
"240","1003",1,0.0137211855104281,0,1,0,0,0,0,0,0,1,0,0,0,0,0,0,0,0,0,0,0,0,0,0,0,1,0,0,0,0,0,0,0,1,0,0,0,0,0,0,0,1,0,1,0,0,0,0,0,0,0,0,0,0,0,0,0,0,0,0,0,0
"241","1004",1,0.0137211855104281,0,0,1,0,0,0,0,0,0,0,0,1,0,0,0,0,0,0,0,1,0,0,1,1,1,2,1,1,0,0,1,1,1,2,1,0,0,0,0,0,0,0,0,0,0,0,0,0,0,0,0,0,0,0,0,0,0,0,0,0,0
"242","1005",1,0.0137211855104281,0,0,0,1,0,0,0,0,0,0,0,0,0,0,0,0,0,0,0,1,0,0,1,1,1,1,2,1,0,0,1,1,1,1,2,0,0,0,0,0,1,0,0,0,1,0,0,0,0,0,0,0,0,0,0,0,1,0,0,1,0
"243","1006",3,0.0411635565312843,1,1,1,0,0,0,0,0,0,0,0,1,0,0,0,0,0,0,0,2,0,0,2,3,3,3,2,1,0,0,1,2,2,2,1,0,0,0,0,0,2,0,1,1,0,0,0,0,0,0,1,0,0,0,0,0,0,0,0,0,0
"244","1007",1,0.0137211855104281,1,0,0,0,0,0,0,1,0,0,0,0,0,0,0,0,0,0,0,1,0,0,1,2,1,1,1,1,0,0,1,2,1,1,1,0,0,0,0,0,0,0,0,0,0,0,0,0,0,0,1,0,0,1,0,0,0,0,0,0,0
"245","1008",3,0.0411635565312843,1,0,1,1,0,0,0,0,1,0,1,0,0,0,0,0,0,0,0,2,0,0,2,3,2,3,3,3,0,0,3,4,3,4,4,0,0,0,0,0,0,0,0,0,0,0,0,0,0,0,0,0,0,1,0,0,1,0,0,1,0
"246","1009",3,0.0411635565312843,0,1,1,1,0,0,0,1,1,1,0,0,0,0,0,0,0,0,0,3,0,0,3,3,4,4,4,3,0,0,3,3,4,4,4,0,0,0,0,0,3,0,1,1,1,0,0,0,0,0,0,0,0,0,0,0,1,0,0,1,0
"247","1010",1,0.0137211855104281,0,0,1,0,0,0,0,1,0,0,0,0,0,0,0,0,0,0,0,1,0,0,1,1,1,2,1,0,0,0,0,0,0,1,0,0,0,0,0,0,0,0,0,0,0,0,0,0,0,0,0,0,0,0,0,0,0,0,0,0,0
"248","1013",1,0.0137211855104281,0,0,0,1,0,0,0,1,0,0,0,0,0,0,0,0,0,0,0,1,0,0,1,1,1,1,2,1,0,0,1,1,1,1,2,0,0,0,0,0,0,0,0,0,0,0,0,0,0,0,0,0,0,0,0,0,1,0,0,1,0
"249","1014",2,0.0274423710208562,0,1,0,1,0,0,0,0,1,0,1,0,0,0,0,0,0,0,0,0,0,0,0,0,1,0,1,1,1,0,2,2,3,2,3,1,0,1,0,0,0,0,0,0,0,0,0,0,0,0,0,0,0,0,0,0,0,0,0,0,1
"250","1017",3,0.0411635565312843,0,0,2,1,0,0,0,0,1,1,0,0,0,0,1,0,0,0,0,2,0,0,2,2,2,4,3,1,0,0,1,1,1,3,2,1,0,0,0,1,1,0,0,1,0,0,0,0,0,0,0,0,0,0,0,0,0,0,0,0,0
"251","1018",5,0.0686059275521405,0,0,2,3,0,0,4,1,0,0,0,0,0,0,0,0,0,0,0,1,0,0,1,1,1,3,4,5,0,0,5,5,5,7,8,0,0,0,0,0,0,0,0,0,0,0,0,0,0,0,0,0,0,0,0,0,1,0,0,3,0
"252","1019",7,0.0960482985729967,3,1,2,1,0,3,0,2,1,1,0,0,0,0,0,0,0,0,0,3,0,2,5,8,6,7,6,3,0,1,4,7,5,6,5,0,0,0,0,0,0,0,0,0,0,0,0,0,0,0,1,0,1,1,0,0,1,0,0,1,0
"253","1020",1,0.0137211855104281,0,0,1,0,0,0,1,0,0,0,0,0,0,0,0,0,0,0,0,1,0,0,1,1,1,2,1,0,0,0,0,0,0,1,0,0,0,0,0,0,0,0,0,0,0,0,0,0,0,0,0,0,0,0,0,0,0,0,0,0,0
"254","1021",15,0.205817782656422,4,2,5,4,0,2,2,3,1,1,0,1,0,2,1,0,0,0,0,8,0,0,8,12,10,13,12,6,0,0,6,10,8,11,10,1,1,0,0,0,3,0,1,0,2,0,0,0,0,0,0,0,0,3,0,0,2,0,0,1,0
"255","1022",5,0.0686059275521405,1,0,2,2,0,0,0,0,1,1,0,1,1,0,0,0,0,0,0,4,0,0,4,5,4,6,6,3,0,0,3,4,3,5,5,2,0,0,0,2,1,0,0,0,1,0,0,0,0,0,1,0,0,0,0,0,1,0,0,1,0
"256","1024",1,0.0137211855104281,0,0,0,1,0,0,0,0,0,0,0,0,0,0,0,1,0,0,0,0,0,0,0,0,0,0,1,0,0,0,0,0,0,0,1,1,0,0,0,1,0,0,0,0,0,0,0,0,0,0,0,0,0,0,0,0,0,0,0,0,0
"257","1025",1,0.0137211855104281,0,0,1,0,0,1,0,0,0,0,0,0,0,0,0,0,0,0,0,0,0,0,0,0,0,1,0,0,0,0,0,0,0,1,0,1,0,0,1,0,0,0,0,0,0,0,0,0,0,0,0,0,0,0,0,0,0,0,0,0,0
"258","1101",9,0.123490669593853,1,2,3,3,0,0,1,2,2,1,1,1,1,0,0,0,0,0,0,4,0,0,4,5,6,7,7,5,0,1,6,7,8,9,9,1,0,1,0,0,3,1,1,0,1,2,1,1,1,1,0,0,0,0,0,0,2,0,0,1,0
"259","1102",27,0.370472008781559,6,7,5,9,0,0,1,6,5,2,1,4,1,1,1,0,0,0,0,15,2,0,17,23,24,22,26,16,2,1,19,25,26,24,28,3,3,0,0,0,12,3,7,0,2,2,0,0,0,0,1,0,0,2,0,1,7,1,0,5,1
"260","1103",83,1.13885839736553,13,15,23,32,0,4,10,13,11,5,9,6,5,2,3,1,0,0,0,48,2,3,53,66,68,76,85,49,1,3,53,66,68,76,85,11,2,3,4,2,28,11,10,2,5,2,0,0,0,0,2,0,1,11,0,1,25,2,1,20,0
"261","1104",4,0.0548847420417124,1,0,2,1,0,1,0,0,1,0,0,1,0,0,0,0,0,0,0,2,0,1,3,4,3,5,4,2,0,0,2,3,2,4,3,0,0,0,0,0,1,1,0,0,0,0,0,0,0,0,0,0,0,1,0,0,0,0,1,0,0
"262","1105",1,0.0137211855104281,0,1,0,0,0,0,0,0,1,0,0,0,0,0,0,0,0,0,0,1,0,0,1,1,2,1,1,1,0,0,1,1,2,1,1,0,0,0,0,0,1,0,1,0,0,0,0,0,0,0,0,0,0,0,0,0,0,0,0,0,0
"263","1106",5,0.0686059275521405,1,0,2,2,0,1,1,1,0,0,0,0,0,2,0,0,0,0,0,3,0,0,3,4,3,5,5,4,0,0,4,5,4,6,6,0,0,0,0,0,2,1,0,1,0,0,0,0,0,0,1,0,0,1,0,0,2,0,0,1,0
"264","1107",13,0.178375411635565,2,2,5,4,0,0,1,2,2,2,0,0,0,0,0,0,0,0,0,10,0,0,10,12,12,15,14,7,0,0,7,9,9,12,11,2,0,1,0,1,4,2,2,0,0,0,0,0,0,0,1,0,0,2,0,0,4,0,0,2,0
"265","1111",103,1.41328210757409,19,10,26,48,0,4,3,9,8,10,7,13,15,6,9,5,1,0,0,27,25,15,67,86,77,93,115,23,25,10,58,77,68,84,106,16,7,2,6,1,26,14,6,2,4,9,3,3,3,3,1,0,1,6,1,5,13,18,9,7,16
"266","1112",4,0.0548847420417124,2,0,1,1,0,0,1,0,0,1,0,0,0,0,0,0,0,0,0,2,0,1,4,6,4,5,5,2,0,0,2,4,2,3,3,0,0,0,0,0,2,1,0,1,0,0,0,0,0,0,1,0,1,1,0,0,0,0,0,0,0
"267","1113",5,0.0686059275521405,1,2,2,0,0,0,1,1,0,0,0,1,0,0,0,0,0,0,0,2,0,0,3,4,5,5,3,4,0,0,5,6,7,7,5,0,0,0,0,0,3,1,2,0,0,0,0,0,0,0,0,0,0,1,0,0,0,0,0,0,0
"268","1114",5,0.0686059275521405,0,1,1,3,0,0,1,1,0,0,1,0,0,0,0,0,0,0,0,5,0,0,5,5,6,6,8,2,0,0,2,2,3,3,5,0,0,0,0,0,1,0,0,0,1,0,0,0,0,0,0,0,0,0,0,0,3,0,0,2,0
"269","1201",25,0.343029637760703,2,5,11,7,0,2,2,3,2,3,2,4,3,1,0,0,0,0,0,11,1,6,23,25,28,34,30,5,1,4,12,14,17,23,19,2,0,1,1,0,5,2,2,1,0,1,1,1,1,1,1,0,0,1,0,1,3,1,0,2,1
"270","1202",3,0.0411635565312843,1,1,0,1,0,0,0,0,1,0,0,0,1,1,0,0,0,0,0,2,0,0,2,3,3,2,3,3,0,0,3,4,4,3,4,0,0,0,0,0,1,1,0,0,0,0,0,0,0,0,0,0,0,1,0,0,1,0,0,1,0
"271","1203",11,0.150933040614709,1,6,2,2,0,0,1,1,0,1,0,0,1,0,0,1,0,0,0,5,1,1,7,8,13,9,9,8,0,0,8,9,14,10,10,1,0,0,1,0,5,1,3,0,1,0,0,0,0,0,0,0,0,1,0,0,1,0,1,1,0
"272","1204",14,0.192096597145993,5,2,6,1,0,1,0,2,1,1,1,1,1,0,1,1,0,0,0,6,1,0,9,14,11,15,10,3,0,0,5,10,7,11,6,3,2,0,1,0,6,3,1,2,0,0,0,0,0,0,2,0,0,2,0,0,1,0,0,0,0
"273","1205",52,0.713501646542261,7,14,17,14,0,2,4,6,5,4,7,4,4,3,1,0,0,0,0,28,2,1,35,42,49,52,49,21,3,1,30,37,44,47,44,12,3,3,3,3,15,4,6,2,3,2,1,1,1,1,0,0,0,3,0,0,10,0,0,6,0
"274","1206",4,0.0548847420417124,0,1,1,2,0,0,1,0,1,0,0,0,0,0,0,0,0,0,0,2,1,0,4,4,5,5,6,1,1,0,2,2,3,3,4,0,0,0,0,0,0,0,0,0,0,1,0,0,0,0,0,0,0,0,0,0,1,1,0,0,1
"275","1207",10,0.137211855104281,1,1,6,2,0,0,0,0,2,1,2,1,0,0,2,0,0,0,0,4,2,0,6,7,7,12,8,3,2,0,6,7,7,12,8,1,0,1,0,0,2,1,0,1,0,1,0,0,0,0,0,0,0,0,0,0,2,0,0,1,0
"276","1208",8,0.109769484083425,1,3,2,2,0,0,0,0,1,2,2,0,1,0,0,0,0,0,0,5,0,0,5,6,8,7,7,3,0,0,3,4,6,5,5,1,0,1,0,0,2,0,1,0,1,0,0,0,0,0,1,0,0,0,0,0,2,0,0,2,0
"277","1209",62,0.850713501646542,13,20,15,14,0,2,6,7,8,11,3,5,5,2,1,0,0,0,0,39,0,0,40,53,60,55,54,35,0,1,37,50,57,52,51,11,2,4,4,1,19,9,7,2,1,5,2,2,2,2,4,0,0,7,0,0,11,0,0,7,0
"278","1210",6,0.0823271130625686,1,0,3,2,0,0,1,0,2,0,0,1,0,2,0,0,0,0,0,5,0,0,5,6,5,8,7,3,0,0,3,4,3,6,5,0,0,0,0,0,1,0,0,0,1,1,0,0,0,0,1,0,0,0,0,0,2,0,0,2,0
"279","1211",10,0.137211855104281,1,4,3,2,0,0,0,1,3,0,1,1,1,1,0,0,0,0,0,5,1,0,8,9,12,11,10,2,0,0,4,5,8,7,6,2,1,0,0,1,1,0,1,0,0,0,0,0,0,0,0,1,0,0,0,0,0,0,0,0,0
"280","1212",5,0.0686059275521405,1,3,0,1,0,0,1,1,1,0,0,0,0,0,1,0,0,0,0,4,0,0,4,5,7,4,5,3,0,0,3,4,6,3,4,2,0,2,0,0,1,1,0,0,0,0,0,0,0,0,1,0,0,1,0,0,1,0,0,0,0
"281","1213",20,0.274423710208562,1,8,7,4,0,1,2,3,3,4,0,1,1,0,1,0,0,0,0,10,0,1,12,13,20,19,16,12,0,2,15,16,23,22,19,1,0,0,1,0,5,1,4,0,0,0,0,0,0,0,0,0,0,1,0,0,2,0,1,2,0
"282","1214",27,0.370472008781559,2,9,11,5,1,0,0,1,1,1,4,3,6,2,3,1,0,0,0,9,9,1,19,21,28,30,24,7,6,2,15,17,24,26,20,3,0,0,2,1,6,2,3,0,1,1,1,1,1,1,0,0,0,1,1,0,2,2,0,1,1
"283","1215",24,0.329308452250274,1,3,11,9,0,1,0,3,4,3,1,4,1,0,0,0,0,0,0,14,1,2,17,18,20,28,26,7,0,3,11,12,14,22,20,6,1,1,2,2,2,1,0,1,0,2,0,0,0,0,0,0,0,0,0,2,7,0,2,2,0
"284","1216",40,0.548847420417124,8,7,12,13,0,0,1,4,3,5,4,5,2,6,3,1,1,0,0,15,4,11,30,38,37,42,43,13,3,12,28,36,35,40,41,5,2,0,2,1,11,7,1,1,2,5,0,0,0,0,2,0,0,2,0,3,7,2,4,6,1
"285","1217",24,0.329308452250274,1,9,8,6,0,1,4,2,2,1,0,2,4,5,1,0,0,0,0,13,3,1,19,20,28,27,25,8,1,0,11,12,20,19,17,7,0,2,2,3,6,0,3,2,1,1,0,0,0,0,1,0,0,0,0,0,3,2,0,2,1
"286","1218",6,0.0823271130625686,0,3,2,1,0,0,1,2,0,0,0,0,0,0,1,0,0,0,0,3,0,1,4,4,7,6,5,2,0,1,4,4,7,6,5,0,0,0,0,0,2,0,2,0,0,1,0,0,0,0,0,0,0,0,0,0,1,0,0,0,0
"287","1219",58,0.79582875960483,3,15,22,18,0,0,5,8,9,3,5,9,5,2,0,0,0,0,0,38,2,3,45,48,60,67,63,26,1,3,31,34,46,53,49,7,1,2,3,1,9,2,5,1,1,1,0,0,0,0,0,0,1,1,0,0,15,1,1,6,0
"288","1220",24,0.329308452250274,1,5,6,12,0,0,4,1,2,1,1,2,3,2,1,0,0,0,0,19,0,1,20,21,25,26,32,9,0,0,9,10,14,15,21,4,0,2,1,1,2,1,0,1,0,4,2,2,2,2,1,0,0,1,0,0,10,0,0,4,0
"289","1221",24,0.329308452250274,4,4,6,10,1,0,1,2,2,2,0,1,5,3,1,0,0,0,0,10,3,0,14,18,18,20,24,10,2,0,12,16,16,18,22,6,4,1,0,1,8,2,1,0,5,5,2,2,2,2,0,0,0,0,0,0,4,3,0,4,2
"290","1222",16,0.21953896816685,2,6,5,3,0,2,1,4,2,1,3,0,0,0,0,0,0,0,0,12,0,0,12,14,18,17,15,6,0,1,7,9,13,12,10,1,0,1,0,0,4,2,2,0,0,0,0,0,0,0,1,0,0,2,0,0,3,0,0,0,0
"291","1223",21,0.28814489571899,5,6,6,4,0,0,0,3,3,2,0,5,0,0,2,0,0,0,0,12,1,0,13,18,19,19,17,10,0,2,12,17,18,18,16,4,0,3,0,1,7,3,3,1,0,2,1,1,1,1,0,1,0,2,0,0,3,0,0,3,0
"292","1224",12,0.164654226125137,4,0,4,4,0,0,1,0,2,1,1,2,1,0,0,0,0,0,0,9,0,0,9,13,9,13,13,9,0,0,9,13,9,13,13,4,0,0,2,2,3,2,0,0,1,0,0,0,0,0,2,0,0,3,0,0,3,0,0,3,0
"293","1225",77,1.05653128430296,8,27,19,23,0,2,11,11,9,10,3,6,3,6,2,1,0,0,0,32,3,10,46,54,73,65,69,38,1,3,44,52,71,63,67,15,2,8,1,4,18,4,12,1,1,4,1,1,1,1,1,0,0,7,0,2,10,3,4,7,1
"294","1301",1,0.0137211855104281,1,0,0,0,0,0,0,0,0,0,1,0,0,0,0,0,0,0,0,0,0,0,0,1,0,0,0,0,0,0,0,1,0,0,0,1,1,0,0,0,0,0,0,0,0,0,0,0,0,0,0,0,0,0,0,0,0,0,0,0,0
"295","1303",32,0.439077936333699,5,4,9,14,0,0,2,2,1,3,2,5,6,5,4,0,0,0,0,14,11,1,26,31,30,35,40,15,10,0,25,30,29,34,39,2,1,0,0,1,9,0,2,2,5,3,2,2,2,2,2,1,0,4,0,0,6,7,0,6,8
"296","1304",2,0.0274423710208562,0,1,0,1,0,0,0,1,0,0,0,1,0,0,0,0,0,0,0,1,0,0,1,1,2,1,2,1,0,0,1,1,2,1,2,0,0,0,0,0,1,0,1,0,0,1,1,1,1,1,0,0,0,0,0,0,1,0,0,0,0
"297","1306",10,0.137211855104281,1,3,2,4,0,1,1,0,0,1,0,0,3,1,0,0,0,0,0,8,0,0,8,9,11,10,12,8,0,0,8,9,11,10,12,2,0,1,1,0,4,0,1,2,1,1,0,0,0,0,1,0,0,1,0,0,4,0,0,4,0
"298","1307",13,0.178375411635565,3,1,5,4,0,0,0,0,0,1,0,3,2,2,1,0,0,0,0,4,0,0,4,7,5,9,8,8,1,0,9,12,10,14,13,1,1,0,0,0,4,0,0,3,1,2,1,1,1,1,1,0,0,3,0,0,1,0,0,2,0
"299","1309",3,0.0411635565312843,1,0,1,1,0,0,1,1,0,0,0,0,1,0,0,0,0,0,0,2,0,0,2,3,2,3,3,0,0,0,0,1,0,1,1,1,1,0,0,0,0,0,0,0,0,0,0,0,0,0,0,0,0,0,0,0,1,0,0,0,0
"300","1311",21,0.28814489571899,3,7,3,8,0,0,1,2,5,2,2,3,1,1,1,0,0,0,0,11,2,2,15,18,22,18,23,9,1,1,11,14,18,14,19,2,0,2,0,0,3,0,2,0,1,2,1,1,1,1,1,0,0,3,0,1,5,1,1,3,1
"301","1312",2,0.0274423710208562,0,1,0,1,0,0,1,0,0,1,0,0,0,0,0,0,0,0,0,0,0,1,1,1,2,1,2,1,0,0,1,1,2,1,2,0,0,0,0,0,1,0,1,0,0,0,0,0,0,0,0,0,0,0,0,0,0,0,1,0,0
"302","1313",2,0.0274423710208562,1,0,1,0,0,1,0,0,1,0,0,0,0,0,0,0,0,0,0,1,0,0,1,2,1,2,1,2,0,0,2,3,2,3,2,0,0,0,0,0,0,0,0,0,0,0,0,0,0,0,0,0,0,1,0,0,0,0,0,0,0
"303","1314",1,0.0137211855104281,0,0,0,1,0,0,0,0,1,0,0,0,0,0,0,0,0,0,0,1,0,0,1,1,1,1,2,1,0,0,1,1,1,1,2,0,0,0,0,0,1,0,0,0,1,0,0,0,0,0,0,0,0,0,0,0,1,0,0,1,0
"304","1315",10,0.137211855104281,2,2,1,5,0,0,1,0,3,0,1,2,0,0,0,0,0,0,0,5,1,2,8,10,10,9,13,4,0,1,5,7,7,6,10,1,1,0,0,0,1,0,1,0,0,0,0,0,0,0,1,0,0,1,0,1,1,1,2,1,0
"305","1316",23,0.315587266739846,6,6,8,3,0,0,4,2,6,1,4,2,0,3,0,0,0,0,0,10,2,1,14,20,20,22,17,12,2,1,16,22,22,24,19,3,2,1,0,0,4,1,2,0,1,0,0,0,0,0,1,0,0,4,0,0,3,0,0,2,0
"306","1317",14,0.192096597145993,2,3,6,3,0,0,1,1,1,0,2,3,1,1,0,0,0,0,0,9,0,0,9,11,12,15,12,10,0,0,10,12,13,16,13,2,0,0,2,0,2,0,1,1,0,2,1,1,1,1,1,0,0,2,0,0,3,0,0,2,0
"307","1318",9,0.123490669593853,2,1,3,3,0,0,1,2,2,0,2,1,0,0,0,0,0,0,0,3,0,0,4,6,5,7,7,4,0,0,4,6,5,7,7,4,1,1,2,0,0,0,0,0,0,2,1,1,1,1,0,0,0,1,0,0,2,0,0,1,0
"308","1319",39,0.535126234906696,4,6,11,18,0,0,6,9,3,4,2,1,3,3,1,0,0,0,0,25,2,0,27,31,33,38,45,23,1,0,24,28,30,35,42,7,0,1,2,4,9,1,1,2,5,2,1,1,1,1,3,0,0,3,0,0,14,1,0,9,0
"309","1320",3,0.0411635565312843,0,1,0,2,0,0,0,0,1,0,0,0,0,0,0,0,0,0,0,3,0,0,3,3,4,3,5,2,0,0,2,2,3,2,4,1,0,0,0,1,1,0,1,0,0,0,0,0,0,0,0,0,0,0,0,0,2,0,0,2,0
"310","1321",39,0.535126234906696,9,14,10,6,0,1,2,1,2,5,4,3,3,3,1,1,0,0,0,19,1,1,21,30,35,31,27,19,0,1,20,29,34,30,26,8,2,3,1,2,5,0,5,0,0,5,1,1,1,1,0,0,0,5,0,0,3,1,0,1,0
"311","1322",8,0.109769484083425,2,4,0,2,0,0,0,0,2,1,1,1,0,2,0,0,0,0,0,4,0,0,4,6,8,4,6,4,0,0,4,6,8,4,6,3,0,3,0,0,2,0,2,0,0,1,0,0,0,0,1,0,0,1,0,0,2,0,0,1,0
"312","1323",2,0.0274423710208562,0,1,1,0,0,0,0,0,1,1,0,0,0,0,0,0,0,0,0,1,0,0,1,1,2,2,1,2,0,0,2,2,3,3,2,0,0,0,0,0,2,0,1,1,0,0,0,0,0,0,0,0,0,0,0,0,0,0,0,0,0
"313","1325",56,0.768386388583974,14,12,10,20,0,2,2,12,4,4,3,8,2,7,1,0,0,0,0,29,3,1,33,47,45,43,53,24,4,3,31,45,43,41,51,11,5,3,0,3,7,0,5,1,1,8,3,3,3,3,1,0,0,6,1,0,16,0,0,9,0
"314","1326",22,0.301866081229418,3,6,8,5,0,1,3,5,4,2,2,0,3,1,0,0,0,0,0,14,0,1,15,18,21,23,20,14,0,1,15,18,21,23,20,5,1,2,2,0,4,0,4,0,0,2,0,0,0,0,1,0,0,3,0,1,4,0,1,3,0
"315","1327",4,0.0548847420417124,2,0,1,1,0,0,3,0,0,0,0,0,0,0,0,0,0,0,0,2,0,0,2,4,2,3,3,4,0,0,4,6,4,5,5,0,0,0,0,0,0,0,0,0,0,0,0,0,0,0,0,0,0,2,0,0,1,0,0,1,0
"316","1328",16,0.21953896816685,2,5,5,4,0,0,4,1,1,1,0,0,1,2,0,0,0,0,0,8,0,0,8,10,13,13,12,8,0,1,9,11,14,14,13,5,1,3,1,0,0,0,0,0,0,1,0,0,0,0,0,0,0,0,0,0,4,0,0,2,0
"317","1329",13,0.178375411635565,2,5,4,2,0,0,0,1,4,1,1,1,4,0,0,0,0,0,0,9,1,1,11,13,16,15,13,5,0,0,5,7,10,9,7,1,0,0,1,0,0,0,0,0,0,1,0,0,0,0,1,0,0,1,0,0,1,0,1,1,0
"318","1330",21,0.28814489571899,7,5,6,3,0,1,1,5,0,3,2,1,1,3,0,0,0,0,0,12,1,2,16,23,21,22,19,10,1,2,14,21,19,20,17,6,4,1,0,1,2,0,2,0,0,1,1,1,1,1,3,0,0,4,0,0,2,0,0,1,0
"319","1331",44,0.603732162458836,8,11,13,12,0,2,6,6,6,5,3,4,3,2,1,0,0,0,0,24,0,1,26,34,37,39,38,30,1,1,32,40,43,45,44,2,1,0,1,0,7,0,1,1,5,5,2,2,2,2,2,0,0,7,1,1,9,0,1,6,0
"320","1332",3,0.0411635565312843,1,0,1,1,0,0,0,1,0,0,1,0,0,0,0,0,0,0,0,3,0,0,3,4,3,4,4,3,0,0,3,4,3,4,4,0,0,0,0,0,0,0,0,0,0,0,0,0,0,0,1,0,0,1,0,0,1,0,0,1,0
"321","1333",2,0.0274423710208562,0,2,0,0,0,0,0,0,0,1,0,0,0,1,0,0,0,0,0,0,0,0,0,0,2,0,0,0,0,0,0,0,2,0,0,1,0,1,0,0,0,0,0,0,0,1,0,0,0,0,0,0,0,0,0,0,0,0,0,0,0
"322","1334",37,0.50768386388584,1,9,10,17,0,0,3,6,2,6,4,0,2,2,3,0,1,0,0,22,9,1,33,34,42,43,50,10,1,2,13,14,22,23,30,8,0,3,2,3,6,0,1,2,3,1,1,1,1,1,1,0,0,0,0,0,11,5,0,5,0
"323","1335",3,0.0411635565312843,0,0,1,2,0,0,1,0,0,0,1,0,0,0,0,0,0,0,0,1,1,0,2,2,2,3,4,1,1,0,2,2,2,3,4,0,0,0,0,0,0,0,0,0,0,1,0,0,0,0,0,0,0,0,0,0,1,1,0,1,1
"324","1336",9,0.123490669593853,1,3,3,2,0,1,0,1,1,1,1,1,1,2,0,0,0,0,0,4,0,0,5,6,8,8,7,5,0,1,6,7,9,9,8,1,1,0,0,0,3,0,1,1,1,0,0,0,0,0,0,0,0,0,0,0,1,0,0,2,0
"325","1337",20,0.274423710208562,1,4,6,9,0,0,2,1,2,7,0,2,0,3,0,1,0,0,0,14,2,0,16,17,20,22,25,11,2,0,13,14,17,19,22,5,0,1,1,3,4,0,2,0,2,2,1,1,1,1,0,0,0,0,0,0,8,1,0,4,1
"326","1338",1,0.0137211855104281,0,0,0,1,0,0,0,0,0,1,0,0,0,0,0,0,0,0,0,1,0,0,1,1,1,1,2,1,0,0,1,1,1,1,2,0,0,0,0,0,0,0,0,0,0,1,1,1,1,1,0,0,0,0,0,0,1,0,0,1,0
"327","1339",12,0.164654226125137,0,5,2,5,0,0,1,2,0,2,1,2,1,1,1,0,0,0,0,6,1,0,8,8,13,10,13,6,1,0,8,8,13,10,13,0,0,0,0,0,2,0,1,0,1,1,0,0,0,0,0,0,0,0,0,0,4,0,0,3,0
"328","1340",9,0.123490669593853,1,2,2,4,0,0,0,2,0,2,0,0,0,1,0,0,0,0,0,4,0,1,5,6,7,7,9,3,0,1,4,5,6,6,8,1,0,1,0,0,0,0,0,0,0,0,0,0,0,0,0,0,0,1,0,0,2,0,1,1,0
"329","1341",1,0.0137211855104281,0,1,0,0,0,0,0,0,0,0,0,0,0,0,1,0,0,0,0,0,0,0,0,0,1,0,0,1,0,0,1,1,2,1,1,0,0,0,0,0,1,0,1,0,0,0,0,0,0,0,0,0,0,0,0,0,0,0,0,0,0
"330","1342",1,0.0137211855104281,0,1,0,0,0,0,1,0,0,0,0,0,0,0,0,0,0,0,0,0,0,0,0,0,1,0,0,1,0,0,1,1,2,1,1,0,0,0,0,0,0,0,0,0,0,0,0,0,0,0,0,0,0,0,0,0,0,0,0,0,0
"331","1343",2,0.0274423710208562,0,0,0,2,0,0,0,0,0,0,1,0,0,0,0,0,0,0,0,1,1,0,2,2,2,2,4,0,0,0,0,0,0,0,2,0,0,0,0,0,0,0,0,0,0,0,0,0,0,0,0,0,0,0,0,0,1,1,0,0,0
"332","1344",1,0.0137211855104281,0,1,0,0,0,0,1,0,0,0,0,0,0,0,0,0,0,0,0,1,0,0,1,1,2,1,1,0,0,0,0,0,1,0,0,0,0,0,0,0,0,0,0,0,0,0,0,0,0,0,0,0,0,0,0,0,0,0,0,0,0
"333","1345",1,0.0137211855104281,0,0,0,1,0,0,0,0,0,0,0,0,0,0,0,0,0,0,0,1,0,0,1,1,1,1,2,1,0,0,1,1,1,1,2,0,0,0,0,0,0,0,0,0,0,0,0,0,0,0,0,0,0,0,0,0,1,0,0,1,0
"334","1346",2,0.0274423710208562,0,2,0,0,0,0,0,0,0,0,0,0,1,1,0,0,0,0,0,1,0,0,1,1,3,1,1,1,0,0,1,1,3,1,1,1,0,1,0,0,1,0,1,0,0,0,0,0,0,0,0,0,0,0,0,0,0,0,0,0,0
"335","1347",2,0.0274423710208562,1,0,0,1,0,0,0,0,1,0,1,0,0,0,0,0,0,0,0,2,0,0,2,3,2,2,3,1,0,0,1,2,1,1,2,0,0,0,0,0,0,0,0,0,0,0,0,0,0,0,1,0,0,0,0,0,1,0,0,1,0
"336","1349",8,0.109769484083425,2,1,2,3,0,0,0,2,2,1,0,1,0,1,0,0,0,0,0,3,0,0,3,5,4,5,6,4,0,0,4,6,5,6,7,1,1,0,0,0,2,1,0,0,1,1,0,0,0,0,0,0,0,1,0,0,2,0,0,1,0
"337","1350",9,0.123490669593853,1,2,1,5,0,0,1,0,1,2,1,1,2,0,1,0,0,0,0,8,0,0,8,9,10,9,13,4,0,0,4,5,6,5,9,2,0,2,0,0,1,0,0,1,0,0,0,0,0,0,1,0,0,0,0,0,5,0,0,3,0
"338","1351",1,0.0137211855104281,0,1,0,0,0,0,0,0,0,0,0,0,0,1,0,0,0,0,0,1,0,0,1,1,2,1,1,1,0,0,1,1,2,1,1,1,0,1,0,0,1,0,1,0,0,0,0,0,0,0,0,0,0,0,0,0,0,0,0,0,0
"339","1352",16,0.21953896816685,2,5,5,4,0,1,1,1,1,2,0,2,2,0,1,0,0,0,0,8,0,1,9,11,14,14,13,8,1,0,9,11,14,14,13,2,1,1,0,0,2,0,1,1,0,0,0,0,0,0,0,0,0,0,1,0,2,0,1,1,0
"340","1353",5,0.0686059275521405,0,3,0,2,0,0,1,0,1,2,1,0,0,0,0,0,0,0,0,4,0,0,4,4,7,4,6,2,0,0,2,2,5,2,4,2,0,1,0,1,0,0,0,0,0,2,1,1,1,1,0,0,0,0,0,0,2,0,0,0,0
"341","1401",9,0.123490669593853,2,2,2,3,0,0,2,1,1,0,2,2,0,1,0,0,0,0,0,5,1,1,7,9,9,9,10,4,0,1,5,7,7,7,8,2,1,0,0,1,0,0,0,0,0,1,1,1,1,1,1,0,0,1,0,0,2,1,0,1,0
"342","1402",1,0.0137211855104281,0,0,0,1,0,0,0,0,0,1,0,0,0,0,0,0,0,0,0,1,0,0,1,1,1,1,2,1,0,0,1,1,1,1,2,0,0,0,0,0,1,0,0,0,1,0,0,0,0,0,0,0,0,0,0,0,1,0,0,1,0
"343","1403",1,0.0137211855104281,1,0,0,0,0,0,0,0,1,0,0,0,0,0,0,0,0,0,0,1,0,0,1,2,1,1,1,0,0,0,0,1,0,0,0,1,1,0,0,0,0,0,0,0,0,0,0,0,0,0,1,0,0,0,0,0,0,0,0,0,0
"344","1404",3,0.0411635565312843,0,0,1,2,0,0,0,0,1,0,0,0,2,0,0,0,0,0,0,1,0,1,2,2,2,3,4,1,0,1,2,2,2,3,4,0,0,0,0,0,1,0,0,0,1,0,0,0,0,0,0,0,0,0,0,0,1,0,0,1,0
"345","1405",1,0.0137211855104281,0,1,0,0,0,0,0,1,0,0,0,0,0,0,0,0,0,0,0,1,0,0,1,1,2,1,1,0,0,0,0,0,1,0,0,0,0,0,0,0,0,0,0,0,0,0,0,0,0,0,0,0,0,0,0,0,0,0,0,0,0
"346","1408",5,0.0686059275521405,0,1,4,0,0,0,1,0,0,0,0,0,0,0,0,0,0,0,0,2,0,1,3,3,4,7,3,3,0,1,4,4,5,8,4,1,0,0,1,0,3,0,1,2,0,0,0,0,0,0,0,0,0,0,0,0,0,0,0,0,0
"347","1409",19,0.260702524698134,4,6,4,5,0,1,2,3,1,4,0,2,1,1,0,0,0,0,0,8,1,3,13,17,19,17,18,11,2,2,16,20,22,20,21,1,0,1,0,0,5,1,0,2,2,2,0,0,0,0,1,0,1,3,0,0,3,0,1,4,0
"348","1410",2,0.0274423710208562,0,0,2,0,0,0,1,0,1,0,0,0,0,0,0,0,0,0,0,2,0,0,2,2,2,4,2,2,0,0,2,2,2,4,2,0,0,0,0,0,0,0,0,0,0,0,0,0,0,0,0,0,0,0,0,0,0,0,0,0,0
"349","1411",1,0.0137211855104281,0,0,0,1,0,0,0,0,0,0,0,0,0,1,0,0,0,0,0,0,1,0,1,1,1,1,2,0,1,0,1,1,1,1,2,0,0,0,0,0,1,0,0,0,1,0,0,0,0,0,0,0,0,0,0,0,0,1,0,0,1
"350","1412",10,0.137211855104281,2,5,1,2,0,0,0,1,2,1,2,0,1,1,0,0,0,0,0,4,0,0,4,6,9,5,6,8,0,0,8,10,13,9,10,1,0,0,1,0,2,1,0,0,1,1,0,0,0,0,0,0,0,2,0,0,2,0,0,1,0
"351","1413",1,0.0137211855104281,0,0,1,0,0,0,0,0,0,0,0,0,0,0,0,0,0,0,0,0,0,0,0,0,0,1,0,0,0,0,0,0,0,1,0,1,0,0,1,0,0,0,0,0,0,0,0,0,0,0,0,0,0,0,0,0,0,0,0,0,0
"352","1414",18,0.246981339187706,2,1,7,8,0,0,4,1,2,4,0,1,1,0,0,0,0,0,0,14,0,0,14,16,15,21,22,13,1,0,14,16,15,21,22,1,0,0,1,0,3,0,1,1,1,1,1,1,1,1,0,0,0,1,1,0,8,0,0,7,0
"353","1415",4,0.0548847420417124,1,0,0,3,0,0,1,0,1,1,0,0,0,1,0,0,0,0,0,2,0,0,2,3,2,2,5,4,0,0,4,5,4,4,7,0,0,0,0,0,0,0,0,0,0,0,0,0,0,0,0,0,0,1,0,0,2,0,0,3,0
"354","1416",4,0.0548847420417124,0,2,1,1,0,1,0,1,1,0,0,1,0,0,0,0,0,0,0,1,1,0,2,2,4,3,3,1,1,0,2,2,4,3,3,1,0,0,0,1,0,0,0,0,0,1,0,0,0,0,0,0,0,0,0,0,0,0,0,0,0
"355","1417",2,0.0274423710208562,0,0,2,0,0,0,0,0,0,0,1,0,0,0,0,0,0,0,0,1,0,0,1,1,1,3,1,1,0,0,1,1,1,3,1,0,0,0,0,0,0,0,0,0,0,0,0,0,0,0,0,0,0,0,0,0,0,0,0,0,0
"356","1419",1,0.0137211855104281,0,0,0,1,0,0,0,1,0,0,0,0,0,0,0,0,0,0,0,1,0,0,1,1,1,1,2,1,0,0,1,1,1,1,2,0,0,0,0,0,0,0,0,0,0,0,0,0,0,0,0,0,0,0,0,0,1,0,0,1,0
"357","1421",13,0.178375411635565,1,6,4,2,1,0,2,2,1,2,0,2,0,1,1,0,0,0,0,5,0,0,5,6,11,9,7,6,1,0,7,8,13,11,9,3,1,1,1,0,1,1,0,0,0,0,0,0,0,0,0,0,0,0,0,0,2,0,0,0,0
"358","1422",10,0.137211855104281,2,5,3,0,0,0,0,0,3,2,1,1,0,1,0,0,0,0,0,5,0,0,5,7,10,8,5,6,1,1,8,10,13,11,8,1,1,0,0,0,0,0,0,0,0,0,0,0,0,0,0,0,0,1,0,0,0,0,0,0,0
"359","1423",1,0.0137211855104281,0,0,1,0,0,0,0,0,0,0,0,0,0,0,0,0,0,0,0,1,0,0,1,1,1,2,1,0,0,0,0,0,0,1,0,0,0,0,0,0,0,0,0,0,0,0,0,0,0,0,0,0,0,0,0,0,0,0,0,0,0
"360","1424",17,0.233260153677278,2,1,3,11,0,1,1,1,3,3,1,1,1,1,2,1,0,0,0,12,2,1,15,17,16,18,26,9,2,1,12,14,13,15,23,3,1,1,0,1,4,0,0,0,4,0,0,0,0,0,1,0,0,2,0,1,8,2,1,4,2
"361","1425",1,0.0137211855104281,0,0,1,0,0,0,0,0,1,0,0,0,0,0,0,0,0,0,0,1,0,0,1,1,1,2,1,1,0,0,1,1,1,2,1,0,0,0,0,0,0,0,0,0,0,0,0,0,0,0,0,0,0,0,0,0,0,0,0,0,0
"362","1426",2,0.0274423710208562,0,0,1,1,0,0,0,0,0,0,0,0,0,0,1,0,0,0,0,1,0,0,2,2,2,3,3,1,0,0,2,2,2,3,3,0,0,0,0,0,0,0,0,0,0,0,0,0,0,0,0,0,0,0,0,0,1,0,0,1,0
"363","1427",14,0.192096597145993,1,5,3,5,0,0,1,3,1,1,0,2,2,0,0,0,0,0,0,11,1,0,12,13,17,15,17,9,1,0,10,11,15,13,15,1,1,0,0,0,2,0,1,0,1,0,0,0,0,0,0,0,0,1,0,0,5,0,0,3,0
"364","1428",7,0.0960482985729967,3,0,2,2,0,0,0,1,2,0,0,0,3,0,0,0,0,0,0,5,0,0,5,8,5,7,7,6,0,0,6,9,6,8,8,0,0,0,0,0,1,0,0,0,1,1,0,0,0,0,1,0,0,3,0,0,2,0,0,2,0
"365","1429",26,0.356750823271131,4,5,9,8,0,2,1,3,4,2,3,1,2,1,1,0,0,0,0,16,1,1,19,23,24,28,27,17,1,1,19,23,24,28,27,5,1,0,3,1,2,0,1,1,0,2,1,1,1,1,2,0,0,4,0,0,7,1,0,5,1
"366","1430",4,0.0548847420417124,1,0,2,1,1,0,0,1,1,0,0,1,0,0,0,0,0,0,0,2,0,0,2,3,2,4,3,2,0,0,2,3,2,4,3,1,0,0,1,0,0,0,0,0,0,0,0,0,0,0,0,0,0,1,0,0,1,0,0,0,0
"367","1431",5,0.0686059275521405,0,2,2,1,0,0,0,0,1,0,1,0,0,0,0,0,0,0,0,2,0,0,2,2,4,4,3,4,0,0,4,4,6,6,5,2,0,0,2,0,0,0,0,0,0,1,0,0,0,0,0,0,0,0,0,0,1,0,0,1,0
"368","1432",5,0.0686059275521405,2,1,1,1,0,0,1,1,0,1,0,0,0,0,0,0,0,0,0,3,0,0,3,5,4,4,4,1,0,0,1,3,2,2,2,2,1,1,0,0,0,0,0,0,0,1,0,0,0,0,1,0,0,0,0,0,1,0,0,0,0
"369","1434",8,0.109769484083425,2,2,2,2,0,0,0,2,0,1,1,1,1,1,0,0,0,0,0,4,1,0,5,7,7,7,7,5,1,0,6,8,8,8,8,1,0,1,0,0,0,0,0,0,0,0,0,0,0,0,1,0,0,1,0,0,1,1,0,0,1
"370","1435",16,0.21953896816685,0,3,4,9,0,1,4,3,1,3,0,1,0,0,1,0,0,0,0,12,1,0,13,13,16,17,22,13,0,0,13,13,16,17,22,0,0,0,0,0,1,0,0,0,1,1,1,1,1,1,0,0,0,0,0,0,8,0,0,7,0
"371","1436",15,0.205817782656422,2,3,3,7,0,0,1,3,3,1,2,2,0,1,0,0,0,0,0,10,0,0,13,15,16,16,20,6,0,0,8,10,11,11,15,0,0,0,0,0,0,0,0,0,0,2,0,0,0,0,1,0,0,1,0,0,6,0,0,2,0
"372","1438",6,0.0823271130625686,1,0,3,2,0,0,1,0,1,1,1,1,0,0,0,0,0,0,0,5,0,0,5,6,5,8,7,4,0,0,4,5,4,7,6,0,0,0,0,0,0,0,0,0,0,0,0,0,0,0,0,0,0,1,0,0,2,0,0,1,0
"373","1439",4,0.0548847420417124,0,1,3,0,0,1,1,0,0,1,0,0,0,1,0,0,0,0,0,1,1,0,3,3,4,6,3,0,1,0,2,2,3,5,2,0,0,0,0,0,2,0,0,2,0,0,0,0,0,0,0,0,0,0,0,0,0,0,0,0,0
"374","1502",1,0.0137211855104281,0,1,0,0,0,0,0,0,0,0,0,0,0,0,0,0,0,0,0,0,0,0,0,0,1,0,0,0,0,0,0,0,1,0,0,0,0,0,0,0,1,0,1,0,0,0,0,0,0,0,0,0,0,0,0,0,0,0,0,0,0
"375","1503",1,0.0137211855104281,0,0,1,0,0,0,0,1,0,0,0,0,0,0,0,0,0,0,0,1,0,0,1,1,1,2,1,0,0,0,0,0,0,1,0,0,0,0,0,0,0,0,0,0,0,0,0,0,0,0,0,0,0,0,0,0,0,0,0,0,0
"376","1504",13,0.178375411635565,3,1,1,8,0,0,1,2,2,1,0,2,0,2,0,0,0,0,0,11,0,0,11,14,12,12,19,6,0,0,6,9,7,7,14,1,0,0,1,0,2,0,0,1,1,0,0,0,0,0,2,0,0,1,0,0,7,0,0,4,0
"377","1505",72,0.987925356750823,14,19,14,25,0,1,3,11,5,10,6,8,5,11,3,0,0,0,0,39,1,3,43,57,62,57,68,40,1,3,44,58,63,58,69,11,2,4,3,2,8,2,4,1,1,6,3,3,3,3,6,1,1,3,1,1,16,0,1,16,0
"378","1506",96,1.3172338090011,21,31,22,22,0,2,2,18,11,12,8,7,4,8,4,1,0,0,0,45,2,1,48,69,79,70,70,47,3,0,50,71,81,72,72,18,4,6,2,6,21,8,3,4,6,13,2,2,2,2,6,0,1,6,0,0,9,1,0,11,2
"379","1507",124,1.70142700329308,27,34,30,33,0,2,6,17,23,16,6,8,9,6,5,0,0,1,0,86,3,1,92,119,126,122,125,61,2,0,65,92,99,95,98,20,5,8,5,2,24,8,5,3,8,7,2,2,2,2,16,1,0,10,0,0,26,1,0,18,1
"380","1508",4,0.0548847420417124,1,2,1,0,0,1,0,0,0,0,1,0,1,1,0,0,0,0,0,3,0,0,3,4,5,4,3,1,0,0,1,2,3,2,1,1,0,0,1,0,1,1,0,0,0,0,0,0,0,0,0,0,0,0,0,0,0,0,0,0,0
"381","1509",1,0.0137211855104281,0,1,0,0,0,0,0,1,0,0,0,0,0,0,0,0,0,0,0,0,0,0,0,0,1,0,0,1,0,0,1,1,2,1,1,0,0,0,0,0,0,0,0,0,0,0,0,0,0,0,0,0,0,0,0,0,0,0,0,0,0
"382","1510",3,0.0411635565312843,2,0,0,1,0,0,1,0,0,0,0,0,0,0,0,0,0,0,0,1,0,0,1,3,1,1,2,1,0,0,1,3,1,1,2,1,1,0,0,0,1,1,0,0,0,0,0,0,0,0,0,0,0,0,0,0,1,0,0,1,0
"383","1511",59,0.809549945115258,8,13,25,13,0,1,2,9,7,9,5,3,4,1,0,0,0,0,0,30,2,1,33,41,46,58,46,37,1,1,40,48,53,65,53,7,1,0,4,2,17,4,4,7,2,3,2,2,2,2,1,1,0,3,0,0,13,0,0,12,0
"384","1512",35,0.480241492864984,8,10,6,11,0,0,3,6,6,1,4,3,5,1,0,1,0,0,0,21,1,0,23,31,33,29,34,19,0,0,20,28,30,26,31,11,6,1,1,3,12,6,1,2,3,2,1,1,1,1,1,1,0,0,0,0,7,0,0,6,0
"385","1513",4,0.0548847420417124,1,2,0,1,0,0,1,0,1,0,1,0,0,0,0,0,0,0,0,2,0,0,2,3,4,2,3,1,0,0,1,2,3,1,2,1,1,0,0,0,2,1,0,0,1,1,0,0,0,0,0,0,0,0,0,0,0,0,0,0,0
"386","1514",36,0.493962678375412,2,18,9,7,0,0,4,5,2,1,3,6,4,1,0,0,0,0,0,21,4,7,32,34,50,41,39,15,4,3,22,24,40,31,29,3,1,2,0,0,4,1,3,0,0,2,0,0,0,0,0,0,0,0,0,0,5,1,1,3,1
"387","1516",37,0.50768386388584,3,15,8,11,0,2,0,5,5,2,2,2,5,3,1,1,0,0,0,27,0,0,27,30,42,35,38,20,0,0,20,23,35,28,31,5,1,4,0,0,6,1,2,1,2,1,1,1,1,1,0,0,0,3,0,0,10,0,0,5,0
"388","1517",1,0.0137211855104281,0,0,0,1,0,0,0,0,0,0,0,0,0,0,0,0,0,0,0,1,0,0,1,1,1,1,2,0,0,0,0,0,0,0,1,0,0,0,0,0,0,0,0,0,0,0,0,0,0,0,0,0,0,0,0,0,1,0,0,0,0
"389","1518",61,0.836992316136114,9,20,10,22,0,1,0,8,6,7,3,3,9,7,5,0,0,0,0,38,1,0,40,49,60,50,62,28,0,0,29,38,49,39,51,16,4,6,2,4,13,5,3,1,4,5,4,4,4,4,4,0,0,3,0,0,16,1,0,10,0
"390","1520",19,0.260702524698134,1,7,2,9,0,1,1,2,4,1,1,2,3,0,1,0,0,0,0,13,0,0,13,14,20,15,22,6,0,0,6,7,13,8,15,4,0,2,1,1,5,1,1,0,3,1,1,1,1,1,0,0,0,0,0,0,8,0,0,2,0
"391","1521",6,0.0823271130625686,0,3,1,2,0,0,0,2,1,0,0,0,0,0,0,0,0,0,0,3,0,0,3,3,6,4,5,4,0,0,4,4,7,5,6,2,0,2,0,0,1,0,0,1,0,1,0,0,0,0,0,0,0,0,0,0,1,0,0,2,0
"392","1522",2,0.0274423710208562,1,1,0,0,0,0,0,0,0,0,0,1,1,0,0,0,0,0,0,1,0,0,1,2,2,1,1,1,0,0,1,2,2,1,1,1,0,1,0,0,0,0,0,0,0,1,0,0,0,0,0,0,0,0,0,0,0,0,0,0,0
"393","1523",6,0.0823271130625686,2,0,2,2,0,0,1,0,1,0,1,1,0,2,0,0,0,0,0,4,0,0,4,6,4,6,6,2,0,0,2,4,2,4,4,0,0,0,0,0,2,1,0,1,0,1,0,0,0,0,2,0,0,0,0,0,2,0,0,1,0
"394","1524",19,0.260702524698134,5,3,6,5,0,1,4,3,2,1,0,2,1,1,0,0,0,0,0,11,0,1,12,17,15,18,17,9,0,2,11,16,14,17,16,6,3,1,0,2,4,1,1,1,1,2,1,1,1,1,1,0,0,1,0,1,2,0,1,1,0
"395","1525",8,0.109769484083425,0,1,4,3,0,0,1,1,1,3,0,2,0,0,0,0,0,0,0,7,0,0,7,7,8,11,10,3,0,0,4,4,5,8,7,1,0,0,1,0,1,0,0,1,0,0,0,0,0,0,0,0,0,0,0,0,3,0,0,2,0
"396","1526",15,0.205817782656422,2,4,3,6,0,0,1,1,1,0,0,5,2,2,0,0,0,0,0,9,0,1,10,12,14,13,16,5,0,0,5,7,9,8,11,1,0,1,0,0,4,1,1,0,2,3,2,2,2,2,0,0,1,0,0,0,3,0,0,2,0
"397","1527",2,0.0274423710208562,1,0,0,1,0,0,0,0,1,1,0,0,0,0,0,0,0,0,0,0,0,0,0,1,0,0,1,0,0,0,0,1,0,0,1,0,0,0,0,0,0,0,0,0,0,2,1,1,1,1,0,0,0,0,0,0,0,0,0,0,0
"398","1528",1,0.0137211855104281,0,0,1,0,0,0,0,0,0,0,0,0,0,1,0,0,0,0,0,0,0,0,0,0,0,1,0,0,0,0,0,0,0,1,0,1,0,0,1,0,0,0,0,0,0,0,0,0,0,0,0,0,0,0,0,0,0,0,0,0,0
"399","1529",9,0.123490669593853,1,4,1,3,0,0,0,1,0,1,1,0,2,0,0,0,0,0,0,5,0,0,6,7,10,7,9,3,0,0,3,4,7,4,6,3,1,1,1,0,2,1,1,0,0,0,0,0,0,0,0,0,0,0,0,0,2,0,0,1,0
"400","1530",27,0.370472008781559,2,8,8,9,0,1,3,4,3,3,2,1,0,0,0,0,0,0,0,20,1,1,22,24,30,30,31,11,0,2,13,15,21,21,22,4,1,2,1,0,5,1,1,1,2,0,0,0,0,0,1,0,0,0,0,0,8,1,0,5,0
"401","1532",5,0.0686059275521405,0,1,3,1,0,0,0,1,0,1,0,0,0,0,0,0,0,0,0,3,0,0,3,3,4,6,4,4,0,0,4,4,5,7,5,0,0,0,0,0,1,0,0,0,1,0,0,0,0,0,0,0,0,0,0,0,1,0,0,1,0
"402","1533",23,0.315587266739846,1,7,8,7,0,0,1,6,1,2,2,2,3,0,2,0,0,0,0,17,0,0,17,18,24,25,24,9,0,0,9,10,16,17,16,4,1,0,1,2,1,0,1,0,0,1,0,0,0,0,0,0,0,0,0,0,6,0,0,2,0
"403","1602",39,0.535126234906696,6,7,7,19,0,1,2,5,6,2,4,4,3,2,0,0,0,0,0,22,1,2,26,32,33,33,45,21,1,2,25,31,32,32,44,6,4,2,0,0,10,1,0,5,4,2,1,1,1,1,1,0,0,2,0,1,13,1,2,9,1
"404","1603",11,0.150933040614709,1,2,2,6,0,0,1,0,2,0,0,3,1,2,0,1,0,0,0,5,2,0,7,8,9,9,13,6,2,0,8,9,10,10,14,1,0,0,0,1,4,0,0,0,4,0,0,0,0,0,0,0,0,1,0,0,3,1,0,3,1
"405","1604",4,0.0548847420417124,1,0,2,1,0,1,0,0,0,0,2,0,0,0,0,0,0,0,0,2,0,0,2,3,2,4,3,3,0,0,3,4,3,5,4,1,0,0,1,0,0,0,0,0,0,0,0,0,0,0,0,0,0,1,0,0,1,0,0,1,0
"406","1605",10,0.137211855104281,1,4,3,2,0,2,1,2,3,0,0,1,0,0,0,0,0,0,0,6,0,0,6,7,10,9,8,8,0,0,8,9,12,11,10,1,0,1,0,0,1,0,1,0,0,0,0,0,0,0,1,0,0,1,0,0,2,0,0,2,0
"407","1606",6,0.0823271130625686,1,4,1,0,0,0,0,1,0,2,0,2,0,0,0,0,0,0,0,2,0,0,2,3,6,3,2,4,0,0,4,5,8,5,4,0,0,0,0,0,1,1,0,0,0,0,0,0,0,0,0,0,0,0,0,0,0,0,0,0,0
"408","1607",31,0.425356750823271,4,9,7,11,0,0,2,1,3,2,3,5,5,0,3,0,0,0,0,4,4,11,20,24,29,27,31,5,2,5,13,17,22,20,24,4,2,1,1,0,7,1,2,2,2,3,0,0,0,0,0,0,1,0,0,2,1,3,5,1,0
"409","1608",147,2.01701427003293,28,25,34,60,0,2,6,8,14,14,12,11,22,18,8,1,1,0,0,33,24,29,88,116,113,122,148,38,39,33,112,140,137,146,172,12,4,4,3,1,21,3,4,6,8,8,4,4,4,4,3,4,1,7,11,17,21,10,18,16,12
"410","1609",10,0.137211855104281,0,4,1,5,0,0,0,0,2,2,0,1,1,0,0,0,0,0,0,6,0,0,6,6,10,7,11,5,0,0,5,5,9,6,10,1,0,1,0,0,2,0,1,0,1,1,0,0,0,0,0,0,0,0,0,0,5,0,0,3,0
"411","1610",3,0.0411635565312843,0,1,2,0,0,0,0,0,0,1,0,0,0,0,1,0,0,0,0,1,0,1,2,2,3,4,2,0,0,0,0,0,1,2,0,1,0,1,0,0,0,0,0,0,0,0,0,0,0,0,0,0,0,0,0,0,0,0,0,0,0
"412","1611",6,0.0823271130625686,4,0,0,2,0,0,1,0,2,0,0,1,0,0,1,0,0,0,0,1,0,0,2,6,2,2,4,2,0,0,4,8,4,4,6,1,1,0,0,0,2,1,0,0,1,0,0,0,0,0,1,0,0,1,0,0,0,0,0,1,0
"413","1612",9,0.123490669593853,0,3,3,3,0,1,0,1,0,4,0,1,0,0,0,0,0,0,0,4,0,1,5,5,8,8,8,6,0,1,7,7,10,10,10,0,0,0,0,0,1,0,1,0,0,0,0,0,0,0,0,0,0,0,0,0,2,0,1,1,0
"414","1613",11,0.150933040614709,3,0,4,4,0,0,0,2,3,2,1,2,0,0,0,0,0,0,0,6,0,1,7,10,7,11,11,6,0,0,6,9,6,10,10,2,1,0,1,0,0,0,0,0,0,0,0,0,0,0,1,0,0,2,0,0,3,0,1,2,0
"415","1614",29,0.397914379802415,6,7,7,9,0,2,4,0,4,8,1,3,0,4,0,0,0,0,0,15,0,1,16,22,23,23,25,19,0,1,20,26,27,27,29,2,0,1,1,0,4,2,0,1,1,4,0,0,0,0,1,0,1,3,0,1,8,0,0,7,0
"416","1615",17,0.233260153677278,2,4,6,5,0,0,0,4,4,1,3,1,2,2,0,0,0,0,0,10,0,0,11,13,15,17,16,11,0,0,12,14,16,18,17,3,0,1,2,0,4,0,2,1,1,1,1,1,1,1,0,0,0,2,0,0,2,0,0,4,0
"417","1616",8,0.109769484083425,1,2,2,3,0,0,0,1,0,0,0,1,0,2,1,0,0,0,0,3,0,0,3,4,5,5,6,5,0,1,6,7,8,8,9,2,0,1,1,0,1,0,0,1,0,1,0,0,0,0,0,0,0,1,0,0,2,0,0,3,0
"418","1701",1,0.0137211855104281,0,0,0,1,0,0,0,0,0,1,0,0,0,0,0,0,0,0,0,1,0,0,1,1,1,1,2,1,0,0,1,1,1,1,2,0,0,0,0,0,0,0,0,0,0,0,0,0,0,0,0,0,0,0,0,0,1,0,0,1,0
"419","1704",3,0.0411635565312843,0,0,1,2,0,0,1,1,1,0,0,0,0,0,0,0,0,0,0,2,0,0,2,2,2,3,4,2,0,0,2,2,2,3,4,2,0,0,1,1,1,0,0,1,0,0,0,0,0,0,0,0,0,0,0,0,2,0,0,1,0
"420","1706",2,0.0274423710208562,0,1,0,1,0,0,0,0,1,1,0,0,0,0,0,0,0,0,0,2,0,0,2,2,3,2,3,1,0,0,1,1,2,1,2,0,0,0,0,0,1,0,1,0,0,0,0,0,0,0,0,0,0,0,0,0,1,0,0,1,0
"421","1707",6,0.0823271130625686,1,1,2,2,0,0,0,2,0,0,0,2,2,0,0,0,0,0,0,2,1,1,4,5,5,6,6,2,1,2,5,6,6,7,7,1,0,0,0,1,1,1,0,0,0,0,0,0,0,0,0,0,0,1,0,0,1,1,0,0,1
"422","1708",27,0.370472008781559,9,2,8,8,0,0,2,2,4,5,5,2,1,1,0,0,0,0,0,14,0,0,15,24,17,23,23,19,0,1,20,29,22,28,28,3,2,0,1,0,8,5,0,3,0,1,0,0,0,0,2,0,0,7,0,0,7,0,0,6,0
"423","1709",2,0.0274423710208562,0,0,0,2,0,0,1,1,0,0,0,0,0,0,0,0,0,0,0,1,0,0,1,1,1,1,3,1,0,0,1,1,1,1,3,1,0,0,0,1,0,0,0,0,0,0,0,0,0,0,0,0,0,0,0,0,1,0,0,1,0
"424","1710",15,0.205817782656422,1,2,3,9,0,0,3,4,5,0,1,0,1,0,1,0,0,0,0,10,1,1,12,13,14,15,21,7,1,1,9,10,11,12,18,0,0,0,0,0,2,0,0,1,1,1,0,0,0,0,0,0,0,0,0,0,8,1,0,5,0
"425","1711",3,0.0411635565312843,0,1,0,2,0,0,0,1,1,0,0,0,0,0,0,0,0,0,0,2,0,0,2,2,3,2,4,2,0,0,2,2,3,2,4,0,0,0,0,0,0,0,0,0,0,0,0,0,0,0,0,0,0,0,0,0,2,0,0,1,0
"426","1712",9,0.123490669593853,2,3,1,3,1,0,0,0,0,3,2,1,1,1,0,0,0,0,0,0,3,0,4,6,7,5,7,2,3,0,5,7,8,6,8,2,1,0,1,0,1,1,0,0,0,1,0,0,0,0,0,0,0,0,1,0,0,2,0,0,1
"427","1713",14,0.192096597145993,2,3,2,7,0,1,1,2,1,2,1,2,0,1,0,0,0,0,0,11,1,0,12,14,15,14,19,8,1,0,9,11,12,11,16,2,1,0,1,0,2,1,1,0,0,0,0,0,0,0,1,0,0,1,0,0,6,1,0,4,1
"428","1714",2,0.0274423710208562,1,0,1,0,0,0,0,0,1,0,0,0,0,0,0,0,0,0,0,0,0,0,0,1,0,1,0,2,0,0,2,3,2,3,2,0,0,0,0,0,1,1,0,0,0,0,0,0,0,0,0,0,0,1,0,0,0,0,0,0,0
"429","1715",3,0.0411635565312843,0,1,1,1,0,0,0,0,0,1,0,0,0,0,0,0,0,0,0,2,1,0,3,3,4,4,4,2,1,0,3,3,4,4,4,2,0,1,0,1,1,0,0,1,0,0,0,0,0,0,0,0,0,0,0,0,1,0,0,1,0
"430","1801",6,0.0823271130625686,1,1,1,3,0,0,1,1,1,0,0,0,1,0,1,0,0,0,0,3,0,0,3,4,4,4,6,5,0,0,5,6,6,6,8,0,0,0,0,0,1,0,0,0,1,0,0,0,0,0,0,0,0,1,0,0,3,0,0,2,0
"431","1802",5,0.0686059275521405,1,2,1,1,0,0,1,3,0,0,1,0,0,0,0,0,0,0,0,2,0,1,3,4,5,4,4,2,0,1,3,4,5,4,4,0,0,0,0,0,0,0,0,0,0,0,0,0,0,0,0,0,0,1,0,0,1,0,0,0,0
"432","1803",2,0.0274423710208562,0,1,1,0,0,0,0,0,2,0,0,0,0,0,0,0,0,0,0,2,0,0,2,2,3,3,2,0,0,0,0,0,1,1,0,0,0,0,0,0,0,0,0,0,0,0,0,0,0,0,0,0,0,0,0,0,0,0,0,0,0
"433","1804",15,0.205817782656422,4,5,5,1,0,1,1,0,2,2,0,2,1,0,0,0,0,0,0,4,1,1,6,10,11,11,7,4,2,1,7,11,12,12,8,6,2,3,1,0,1,0,1,0,0,1,0,0,0,0,0,0,0,2,0,0,0,0,1,0,0
"434","1805",6,0.0823271130625686,1,0,2,3,0,0,1,1,1,1,0,0,1,0,0,0,0,0,0,5,0,0,5,6,5,7,8,5,0,0,5,6,5,7,8,0,0,0,0,0,1,0,0,0,1,0,0,0,0,0,1,0,0,0,0,0,2,0,0,3,0
"435","1806",13,0.178375411635565,2,2,5,4,0,0,4,3,0,1,1,0,0,0,0,0,0,0,0,7,0,0,7,9,9,12,11,10,0,0,10,12,12,15,14,2,0,0,1,1,1,0,0,1,0,0,0,0,0,0,0,0,0,2,0,0,3,0,0,2,0
"436","1808",24,0.329308452250274,4,5,6,9,0,1,3,5,3,0,3,1,1,1,0,0,0,1,0,9,6,1,17,21,22,23,26,10,3,1,15,19,20,21,24,4,1,0,0,3,2,0,1,1,0,0,0,0,0,0,1,2,0,1,0,1,3,2,1,2,2
"437","1809",4,0.0548847420417124,1,1,1,1,0,0,0,0,0,0,2,1,0,0,0,0,0,0,0,1,1,0,2,3,3,3,3,2,0,0,2,3,3,3,3,1,1,0,0,0,1,0,0,1,0,0,0,0,0,0,0,0,0,0,0,0,0,1,0,0,0
"438","1810",16,0.21953896816685,4,3,6,3,0,0,4,1,1,2,1,2,1,0,0,0,0,0,0,6,2,1,9,13,12,15,12,8,2,0,10,14,13,16,13,2,2,0,0,0,3,2,1,0,0,1,0,0,0,0,1,0,0,2,0,0,2,0,0,0,1
"439","1811",13,0.178375411635565,0,5,5,3,0,0,0,2,4,1,1,1,2,1,0,0,0,0,0,7,2,0,9,9,14,14,12,7,2,0,9,9,14,14,12,3,0,3,0,0,2,0,0,2,0,0,0,0,0,0,0,0,0,0,0,0,2,0,0,2,0
"440","1813",4,0.0548847420417124,1,2,0,1,0,0,0,1,1,0,0,0,0,0,0,0,0,1,0,3,0,0,3,4,5,3,4,1,0,0,1,2,3,1,2,0,0,0,0,0,0,0,0,0,0,0,0,0,0,0,1,0,0,0,0,0,1,0,0,0,0
"441","1814",8,0.109769484083425,1,0,6,1,0,0,1,1,1,1,0,1,0,0,1,0,0,0,0,3,2,1,7,8,7,13,8,2,1,1,5,6,5,11,6,1,0,0,1,0,3,0,0,2,1,0,0,0,0,0,1,0,0,0,0,0,0,0,0,0,0
"442","1816",10,0.137211855104281,1,1,4,4,0,0,2,1,0,3,0,0,1,1,0,0,0,0,0,7,0,1,8,9,9,12,12,5,0,2,7,8,8,11,11,0,0,0,0,0,1,0,1,0,0,0,0,0,0,0,0,0,0,1,0,1,3,0,1,3,0
"443","1818",8,0.109769484083425,1,2,2,3,0,0,0,1,0,0,2,1,1,0,0,1,0,0,0,4,1,0,5,6,7,7,8,5,0,0,5,6,7,7,8,2,1,0,0,1,1,0,0,0,1,0,0,0,0,0,0,0,0,0,0,0,2,1,0,1,0
"444","1820",3,0.0411635565312843,0,1,2,0,0,0,2,0,0,0,0,0,0,0,0,0,0,0,0,1,0,0,1,1,2,3,1,1,0,0,1,1,2,3,1,1,0,1,0,0,0,0,0,0,0,0,0,0,0,0,0,0,0,0,0,0,0,0,0,0,0
"445","1821",3,0.0411635565312843,0,1,2,0,0,0,0,2,0,0,0,0,0,1,0,0,0,0,0,2,0,0,2,2,3,4,2,0,0,0,0,0,1,2,0,1,0,1,0,0,0,0,0,0,0,1,0,0,0,0,0,0,0,0,0,0,0,0,0,0,0
"446","1902",2,0.0274423710208562,1,0,0,1,0,0,1,1,0,0,0,0,0,0,0,0,0,0,0,1,0,0,1,2,1,1,2,1,0,1,2,3,2,2,3,0,0,0,0,0,0,0,0,0,0,0,0,0,0,0,1,0,0,1,0,1,0,0,0,0,0
"447","1903",1,0.0137211855104281,1,0,0,0,0,0,1,0,0,0,0,0,0,0,0,0,0,0,0,0,0,0,0,1,0,0,0,1,0,0,1,2,1,1,1,0,0,0,0,0,0,0,0,0,0,0,0,0,0,0,0,0,0,1,0,0,0,0,0,0,0
"448","1904",2,0.0274423710208562,1,1,0,0,0,0,0,0,1,0,0,0,0,0,0,0,0,0,0,1,0,0,1,2,2,1,1,2,0,0,2,3,3,2,2,0,0,0,0,0,0,0,0,0,0,0,0,0,0,0,0,0,0,1,0,0,0,0,0,0,0
"449","1905",6,0.0823271130625686,0,2,1,3,0,1,1,0,1,0,1,1,0,0,0,0,0,0,0,5,0,0,5,5,7,6,8,4,0,0,4,4,6,5,7,2,0,1,1,0,0,0,0,0,0,0,0,0,0,0,0,0,0,0,0,0,3,0,0,2,0
"450","1906",8,0.109769484083425,2,0,5,1,0,0,0,2,1,0,1,0,1,0,0,0,0,0,0,6,0,0,6,8,6,11,7,6,0,0,6,8,6,11,7,1,1,0,0,0,2,0,0,2,0,0,0,0,0,0,0,0,0,1,0,0,1,0,0,0,0
"451","1907",1,0.0137211855104281,0,0,0,1,0,0,0,0,0,0,0,0,0,1,0,0,0,0,0,1,0,0,1,1,1,1,2,1,0,0,1,1,1,1,2,0,0,0,0,0,0,0,0,0,0,0,0,0,0,0,0,0,0,0,0,0,1,0,0,1,0
"452","1909",1,0.0137211855104281,0,0,0,1,0,0,0,0,0,1,0,0,0,0,0,0,0,0,0,1,0,0,1,1,1,1,2,0,0,0,0,0,0,0,1,0,0,0,0,0,0,0,0,0,0,0,0,0,0,0,0,0,0,0,0,0,1,0,0,0,0
"453","1910",2,0.0274423710208562,0,0,1,1,0,0,0,1,0,1,0,0,0,0,0,0,0,0,0,2,0,0,2,2,2,3,3,2,0,0,2,2,2,3,3,0,0,0,0,0,0,0,0,0,0,0,0,0,0,0,0,0,0,0,0,0,1,0,0,1,0
"454","1911",2,0.0274423710208562,0,1,1,0,0,0,0,1,0,0,0,0,0,0,0,0,0,0,0,2,0,0,2,2,3,3,2,1,0,0,1,1,2,2,1,0,0,0,0,0,0,0,0,0,0,1,0,0,0,0,0,0,0,0,0,0,0,0,0,0,0
"455","1912",13,0.178375411635565,3,5,3,2,0,0,1,2,0,0,1,3,2,0,0,0,0,0,0,7,0,0,7,10,12,10,9,9,0,0,9,12,14,12,11,1,0,1,0,0,1,1,0,0,0,0,0,0,0,0,1,0,0,2,0,0,2,0,0,1,0
"456","1913",2,0.0274423710208562,0,2,0,0,0,1,0,0,1,0,0,0,0,0,0,0,0,0,0,1,0,0,1,1,3,1,1,2,0,0,2,2,4,2,2,0,0,0,0,0,0,0,0,0,0,0,0,0,0,0,0,0,0,0,0,0,0,0,0,0,0
"457","1914",3,0.0411635565312843,1,0,2,0,0,0,1,0,1,1,0,0,0,0,0,0,0,0,0,2,0,0,2,3,2,4,2,2,0,0,2,3,2,4,2,0,0,0,0,0,0,0,0,0,0,0,0,0,0,0,0,0,0,1,0,0,0,0,0,0,0
"458","1915",16,0.21953896816685,1,6,4,5,0,0,2,3,1,4,2,1,1,1,0,0,0,0,0,12,0,0,12,13,18,16,17,11,0,1,12,13,18,16,17,3,1,1,1,0,3,0,2,0,1,0,0,0,0,0,0,0,0,0,0,0,5,0,0,5,0
"459","1916",3,0.0411635565312843,0,1,1,1,0,0,1,0,1,0,0,0,0,0,0,0,0,0,0,1,0,0,1,1,2,2,2,3,0,0,3,3,4,4,4,0,0,0,0,0,0,0,0,0,0,0,0,0,0,0,0,0,0,0,0,0,1,0,0,1,0
"460","1917",1,0.0137211855104281,1,0,0,0,0,0,0,0,0,0,0,0,0,0,1,0,0,0,0,0,0,0,0,1,0,0,0,1,0,0,1,2,1,1,1,0,0,0,0,0,0,0,0,0,0,0,0,0,0,0,0,0,0,1,0,0,0,0,0,0,0
"461","1918",9,0.123490669593853,0,2,2,5,0,0,2,1,0,1,0,1,1,2,0,1,0,0,0,4,0,0,4,4,6,6,9,5,0,0,5,5,7,7,10,1,0,0,0,1,1,0,0,0,1,2,1,1,1,1,0,0,0,0,0,0,3,0,0,3,0
"462","1919",1,0.0137211855104281,1,0,0,0,0,0,0,0,0,0,0,0,0,0,0,0,0,0,0,1,0,0,1,2,1,1,1,1,0,0,1,2,1,1,1,0,0,0,0,0,0,0,0,0,0,0,0,0,0,0,1,0,0,1,0,0,0,0,0,0,0
"463","1920",4,0.0548847420417124,0,2,1,1,0,1,1,0,0,1,0,1,0,0,0,0,0,0,0,4,0,0,4,4,6,5,5,3,0,0,3,3,5,4,4,0,0,0,0,0,0,0,0,0,0,0,0,0,0,0,0,0,0,0,0,0,1,0,0,1,0
"464","1921",6,0.0823271130625686,0,3,2,1,0,0,0,1,1,1,0,1,0,0,1,0,0,0,0,2,0,0,2,2,5,4,3,2,0,0,2,2,5,4,3,2,0,1,0,1,1,0,0,1,0,1,0,0,0,0,0,0,0,0,0,0,1,0,0,0,0
"465","1922",20,0.274423710208562,1,2,7,10,0,1,0,0,4,3,5,2,1,0,0,0,0,0,0,14,0,0,14,15,16,21,24,13,0,0,13,14,15,20,23,1,0,1,0,0,9,1,1,1,6,4,0,0,0,0,0,0,0,0,0,0,8,0,0,8,0
"466","1924",3,0.0411635565312843,2,0,1,0,0,0,1,0,1,1,0,0,0,0,0,0,0,0,0,1,0,0,1,3,1,2,1,3,0,0,3,5,3,4,3,0,0,0,0,0,0,0,0,0,0,0,0,0,0,0,0,0,0,2,0,0,0,0,0,0,0
"467","2001",5,0.0686059275521405,3,0,0,2,0,1,0,2,0,0,0,1,0,1,0,0,0,0,0,2,0,0,2,5,2,2,4,3,0,0,3,6,3,3,5,0,0,0,0,0,2,2,0,0,0,0,0,0,0,0,1,0,0,2,0,0,1,0,0,1,0
"468","2002",6,0.0823271130625686,2,3,1,0,0,0,1,1,1,0,0,0,0,1,0,0,0,0,0,2,0,0,2,4,5,3,2,4,0,1,5,7,8,6,5,1,0,1,0,0,1,0,1,0,0,0,0,0,0,0,0,0,0,1,0,0,0,0,0,0,0
"469","2003",9,0.123490669593853,1,4,1,3,0,0,1,1,0,1,1,1,1,1,0,0,0,0,0,4,0,0,4,5,8,5,7,7,0,0,7,8,11,8,10,0,0,0,0,0,3,0,2,0,1,0,0,0,0,0,0,0,0,1,0,0,2,0,0,2,0
"470","2004",118,1.61909989023052,16,21,32,49,0,3,4,14,12,5,11,20,15,10,5,1,1,0,0,32,22,31,87,103,108,119,136,30,21,27,80,96,101,112,129,17,5,3,7,2,29,7,7,6,9,7,1,1,1,1,2,0,1,5,3,12,18,9,17,13,9
"471","2006",5,0.0686059275521405,2,0,0,3,0,0,0,0,0,1,1,1,0,0,0,0,0,0,0,3,0,0,3,5,3,3,6,0,0,1,1,3,1,1,4,0,0,0,0,0,1,1,0,0,0,1,0,0,0,0,0,0,0,0,0,0,3,0,0,0,0
"472","2007",7,0.0960482985729967,1,1,4,1,0,0,0,0,0,0,2,1,0,0,0,1,0,0,0,0,4,0,4,5,5,8,5,2,4,0,6,7,7,10,7,2,1,0,0,1,3,1,0,2,0,1,0,0,0,0,0,0,0,1,0,0,0,1,0,0,0
"473","2008",4,0.0548847420417124,1,1,1,1,0,0,0,0,2,0,0,0,0,0,0,0,0,0,0,0,0,0,0,1,1,1,1,3,0,0,3,4,4,4,4,0,0,0,0,0,1,1,0,0,0,1,0,0,0,0,0,0,0,0,0,0,0,0,0,1,0
"474","2009",35,0.480241492864984,7,4,14,10,0,2,1,0,3,3,2,10,6,2,1,1,0,1,0,9,7,5,22,29,26,36,32,12,9,3,24,31,28,38,34,6,1,1,4,0,7,3,2,0,2,5,0,0,0,0,2,0,1,4,1,1,3,4,2,3,4
"475","2010",1,0.0137211855104281,0,0,1,0,0,0,0,0,0,0,0,0,0,0,0,0,0,0,0,0,0,0,0,0,0,1,0,1,0,0,1,1,1,2,1,0,0,0,0,0,0,0,0,0,0,0,0,0,0,0,0,0,0,0,0,0,0,0,0,0,0
"476","2011",6,0.0823271130625686,3,1,1,1,0,1,1,0,0,0,0,1,0,0,0,0,0,0,0,2,0,0,2,5,3,3,3,4,0,0,4,7,5,5,5,1,0,0,0,1,3,1,0,1,1,0,0,0,0,0,0,0,0,2,0,0,0,0,0,0,0
"477","2012",36,0.493962678375412,1,12,13,10,0,0,0,1,3,0,3,4,8,5,3,1,0,0,0,2,17,3,25,26,37,38,35,3,15,2,22,23,34,35,32,2,0,1,0,1,10,1,3,4,2,2,1,1,1,1,0,0,0,0,0,0,1,4,0,2,1
"478","2013",29,0.397914379802415,5,5,11,8,0,0,0,2,4,5,2,2,2,5,1,1,0,0,0,14,7,2,23,28,28,34,31,13,1,3,18,23,23,29,26,4,1,2,1,0,5,1,2,1,1,0,0,0,0,0,3,0,0,1,0,0,6,2,0,6,1
"479","2014",8,0.109769484083425,1,1,2,4,0,0,1,0,0,2,0,0,4,1,0,0,0,0,0,3,2,2,7,8,8,9,11,3,1,2,6,7,7,8,10,1,0,0,0,1,1,0,0,0,1,0,0,0,0,0,0,0,1,0,0,1,1,1,1,1,1
"480","2015",10,0.137211855104281,3,2,0,5,0,0,1,3,0,0,2,1,0,0,0,0,0,0,0,7,0,0,7,10,9,7,12,6,0,0,6,9,8,6,11,0,0,0,0,0,4,2,0,0,2,0,0,0,0,0,0,0,0,2,0,0,5,0,0,2,0
"481","2016",6,0.0823271130625686,0,2,4,0,0,0,0,0,0,2,0,0,1,0,0,0,0,0,0,0,1,0,1,1,3,5,1,3,1,0,4,4,6,8,4,2,0,0,2,0,1,0,1,0,0,0,0,0,0,0,0,0,0,0,0,0,0,0,0,0,0
"482","2017",9,0.123490669593853,2,2,3,2,0,0,0,1,1,0,1,2,1,0,1,0,0,0,0,4,1,0,6,8,8,9,8,4,1,0,6,8,8,9,8,3,2,0,1,0,1,1,0,0,0,1,0,0,0,0,0,0,0,0,0,0,1,0,0,1,0
"483","2018",11,0.150933040614709,2,2,1,6,0,0,1,4,0,0,2,1,0,0,0,0,1,0,0,3,1,1,5,7,7,6,11,4,0,2,6,8,8,7,12,5,1,1,1,2,5,2,1,0,2,0,0,0,0,0,0,0,0,1,0,1,3,0,1,2,0
"484","2019",26,0.356750823271131,3,5,7,11,0,0,2,5,8,2,1,1,3,0,2,1,0,0,0,12,2,3,19,22,24,26,30,9,0,3,13,16,18,20,24,2,1,0,0,1,10,2,1,3,4,0,0,0,0,0,1,0,0,1,0,1,6,1,2,4,0
"485","2020",5,0.0686059275521405,0,1,2,2,0,1,0,1,0,0,0,0,0,1,0,0,0,0,0,3,0,0,3,3,4,5,5,5,0,0,5,5,6,7,7,1,0,0,0,1,2,0,0,1,1,0,0,0,0,0,0,0,0,0,0,0,1,0,0,2,0
"486","2021",3,0.0411635565312843,1,1,0,1,0,0,0,1,0,1,0,0,0,0,0,0,0,0,0,2,0,0,2,3,3,2,3,2,0,0,2,3,3,2,3,0,0,0,0,0,1,1,0,0,0,0,0,0,0,0,0,0,0,0,0,0,1,0,0,1,0
"487","2101",2,0.0274423710208562,0,1,1,0,0,0,0,0,0,0,0,1,1,0,0,0,0,0,0,1,0,0,1,1,2,2,1,1,0,0,1,1,2,2,1,0,0,0,0,0,0,0,0,0,0,0,0,0,0,0,0,0,0,0,0,0,0,0,0,0,0
"488","2102",2,0.0274423710208562,0,2,0,0,0,0,0,0,1,0,0,0,0,0,0,0,0,0,0,1,0,0,1,1,3,1,1,2,0,0,2,2,4,2,2,0,0,0,0,0,1,0,1,0,0,0,0,0,0,0,0,0,0,0,0,0,0,0,0,0,0
"489","2103",5,0.0686059275521405,0,3,2,0,0,0,0,0,1,0,1,0,1,0,0,0,0,0,0,2,0,0,2,2,5,4,2,3,0,0,3,3,6,5,3,2,0,1,1,0,0,0,0,0,0,0,0,0,0,0,0,0,0,0,0,0,0,0,0,0,0
"490","2104",3,0.0411635565312843,0,1,1,1,0,0,0,2,0,0,0,0,1,0,0,0,0,0,0,3,0,0,3,3,4,4,4,1,0,0,1,1,2,2,2,0,0,0,0,0,0,0,0,0,0,0,0,0,0,0,0,0,0,0,0,0,1,0,0,0,0
"491","2105",1,0.0137211855104281,0,0,0,1,0,0,1,0,0,0,0,0,0,0,0,0,0,0,0,1,0,0,1,1,1,1,2,0,0,0,0,0,0,0,1,0,0,0,0,0,0,0,0,0,0,0,0,0,0,0,0,0,0,0,0,0,1,0,0,0,0
"492","2107",2,0.0274423710208562,0,1,0,1,0,0,0,0,0,0,0,0,0,0,0,0,0,0,0,2,0,0,2,2,3,2,3,1,0,0,1,1,2,1,2,0,0,0,0,0,0,0,0,0,0,0,0,0,0,0,0,0,0,0,0,0,1,0,0,0,0
"493","2108",8,0.109769484083425,2,1,4,1,0,1,2,0,0,1,0,2,0,0,0,0,0,0,0,4,0,1,5,7,6,9,6,6,0,0,6,8,7,10,7,0,0,0,0,0,2,1,0,1,0,0,0,0,0,0,1,0,0,1,0,0,1,0,0,1,0
"494","2110",3,0.0411635565312843,2,0,0,1,0,0,0,0,1,2,0,0,0,0,0,0,0,0,0,3,0,0,3,5,3,3,4,0,0,0,0,2,0,0,1,0,0,0,0,0,0,0,0,0,0,0,0,0,0,0,2,0,0,0,0,0,1,0,0,0,0
"495","2112",5,0.0686059275521405,0,2,1,2,0,0,3,1,0,0,0,0,0,1,0,0,0,0,0,3,0,0,3,3,5,4,5,4,0,0,4,4,6,5,6,0,0,0,0,0,2,0,1,0,1,0,0,0,0,0,0,0,0,0,0,0,2,0,0,2,0
"496","2113",2,0.0274423710208562,0,0,0,2,0,0,0,0,1,0,1,0,0,0,0,0,0,0,0,1,0,0,1,1,1,1,3,2,0,0,2,2,2,2,4,0,0,0,0,0,0,0,0,0,0,0,0,0,0,0,0,0,0,0,0,0,1,0,0,2,0
"497","2114",4,0.0548847420417124,0,0,3,1,0,0,0,0,1,0,1,0,1,0,0,0,0,0,0,4,0,0,4,4,4,7,5,2,0,0,2,2,2,5,3,1,0,0,0,1,1,0,0,1,0,0,0,0,0,0,0,0,0,0,0,0,1,0,0,0,0
"498","2115",4,0.0548847420417124,0,2,2,0,0,0,1,1,0,0,1,1,0,0,0,0,0,0,0,3,0,0,3,3,5,5,3,1,0,0,1,1,3,3,1,1,0,1,0,0,1,0,1,0,0,0,0,0,0,0,0,0,0,0,0,0,0,0,0,0,0
"499","2116",6,0.0823271130625686,0,2,0,4,0,0,0,1,0,2,0,1,0,1,0,0,0,0,0,3,0,1,4,4,6,4,8,2,0,1,3,3,5,3,7,1,0,0,0,1,0,0,0,0,0,0,0,0,0,0,0,0,0,0,0,0,3,0,0,1,0
"500","2119",32,0.439077936333699,6,10,11,5,0,2,3,2,5,2,5,1,3,2,0,0,0,0,0,18,2,0,22,28,32,33,27,11,2,0,14,20,24,25,19,7,2,3,1,1,4,1,1,2,0,2,1,1,1,1,4,0,0,1,0,0,3,0,0,2,0
"501","2120",1,0.0137211855104281,0,0,1,0,1,0,0,0,0,0,0,0,0,0,0,0,0,0,0,0,0,0,0,0,0,1,0,0,0,0,0,0,0,1,0,0,0,0,0,0,0,0,0,0,0,1,0,0,0,0,0,0,0,0,0,0,0,0,0,0,0
"502","2121",10,0.137211855104281,0,1,5,4,0,0,1,2,1,1,1,0,1,1,0,0,0,0,0,4,1,1,6,6,7,11,10,4,0,1,5,5,6,10,9,2,0,0,2,0,1,0,0,0,1,1,1,1,1,1,0,0,0,0,0,0,2,0,0,0,0
"503","2122",7,0.0960482985729967,1,0,2,4,0,0,1,1,1,2,0,1,0,0,0,0,0,0,0,6,0,0,6,7,6,8,10,3,0,1,4,5,4,6,8,0,0,0,0,0,1,1,0,0,0,0,0,0,0,0,0,0,0,0,0,0,4,0,0,2,0
"504","2123",5,0.0686059275521405,2,1,1,1,0,0,0,2,0,0,1,0,0,1,0,0,0,0,0,3,0,0,3,5,4,4,4,5,0,0,5,7,6,6,6,0,0,0,0,0,1,1,0,0,0,0,0,0,0,0,0,0,0,2,0,0,1,0,0,1,0
