municipality,SSN,average_d_cultural,average_d_naloxone,average_d_syringe,ndvi
absecon city,101,0.591184919324948,0.292949413741979,1.40387898510272,0.478287703280979
atlantic city,102,0.565905519048228,0.410166354176349,0.725342001079877,0.293692125291091
brigantine city,103,0.494027423335533,0.442488384921296,1.38862215049442,0.318956895815093
buena boro,104,0.731562379308845,1.0622831371387,9.20704270591899,0.532303381990132
buena vista twp,105,0.552113919543463,0.480498436923694,2.9887868970794,0.640182868109809
corbin city,106,0.336392450972019,0.184559342931477,0.545475989688689,0.567856465076265
egg harbor city,107,2.52379595264385,0.891275256409103,4.07193488283184,0.707151844443044
egg harbor twp,108,1.16591439778985,0.399012744116108,2.06702124895849,0.582609439958845
estell manor city,109,1.65779253073319,0.908877631365255,2.67176698984025,0.718746851439576
folsom boro,110,0.504557877535133,0.679092463105679,3.73692127554911,0.642353404017857
galloway twp,111,1.47106965251993,0.860475667780228,3.80855969584623,0.504206129064857
hamilton twp,112,3.19029018499758,1.03126693784366,5.78668726979344,0.681181185613083
hammonton town,113,1.15430016491583,1.09067344254039,10.9506083791707,0.573218451831959
linwood city,114,1.25351314835025,0.38048813912035,2.75650074013617,0.593325328480114
longport boro,115,0.038790511837491,0.0357123844837247,0.144647755806488,0.049046423339844
margate city,116,0.442150196405847,0.299888166712858,2.92646297618182,0.363928564453125
mullica twp,117,0.990935106096924,0.801329167245721,3.05678680052599,0.689934589709974
northfield city,118,1.71184056407371,0.312219506601835,3.38115815735398,0.58910072265625
pleasantville city,119,1.21349559765921,0.253878924126662,1.79668047353498,0.442472556666324
port republic city,120,0.175273904613427,0.0954650180105172,0.361404101756199,0.636619387090774
somers point city,121,1.17574410138322,0.321720146865357,3.48146662776473,0.480904167683919
ventnor city,122,0.644835992716584,0.162897182390227,1.2432881288662,0.407063102213542
weymouth twp,123,0.30556107400574,0.16689639950933,0.49137726777472,0.711260270690918
allendale boro,201,0.400635114111923,0.0530936829111979,1.16149832187585,0.693766322544643
alpine boro,202,0.356673132050067,0.334689678988017,2.12329635264318,0.706313385009766
bergenfield boro,203,0.698636202875573,0.168637905323459,2.90642760296217,0.521418366350446
bogota boro,204,0.231581237410571,0.104629541783676,2.01968337222792,0.352764282226562
carlstadt boro,205,0.25116238617381,0.251667242878354,0.879411223158558,0.366883571777344
cliffside park boro,206,0.819255486346654,0.124681568563431,2.92875744308574,0.339457145182292
closter boro,207,0.302593573001646,0.155931260762308,2.70094612265568,0.642822326660156
cresskill boro,208,0.181331918448094,0.0223644888122139,1.48033017406626,0.54516904296875
demarest boro,209,0.0494881392868031,0.143197528218332,1.52787970510717,0.588434521484375
dumont boro,210,0.561573855314319,0.0937413888130742,2.5770506041203,0.547392858886719
elmwood park boro,211,0.775050602483434,0.170961788743106,0.806073930371646,0.356174606662326
east rutherford boro,212,0.328030275080523,0.187411472468802,1.19151046442853,0.374888094075521
edgewater boro,213,0.494523080649938,0.124822626701069,1.89170971612979,0.351021427408854
emerson boro,214,0.0785188030233106,0.105707996731182,0.810844989720996,0.575695239257813
englewood city,215,0.48949113817012,0.27811805312256,4.00959399076869,0.594013739483173
englewood cliffs boro,216,0.0672804096570834,0.248722713762493,1.64633535252714,0.6299728515625
fair lawn boro,217,0.565604084206933,0.192601452834924,0.863023279159706,0.445157690429688
fairview boro,218,0.356586706213059,0.0570951876030903,1.66437993838388,0.357210717773437
fort lee boro,219,0.805552136872554,0.168761552388165,4.97294324338269,0.431845247395833
franklin lakes boro,220,0.79744559653805,0.357215971465003,1.28570115207683,0.696688626663773
garfield city,221,0.325038966014891,0.126387334392907,1.25911232916831,0.28386142578125
glen rock boro,222,0.370470513784464,0.0967237556171109,0.686507681692698,0.539352861328125
hackensack city,223,0.327866329099859,0.150335529557703,2.31030757093875,0.380944160600142
harrington park boro,224,0.394010460594846,0.233598860313923,1.73784229439203,0.685161897786458
hasbrouck heights boro,225,0.30948402777022,0.0647271370679365,1.44263728259242,0.388888094075521
haworth boro,226,0.342461775277996,0.282475599892366,1.76438431352022,0.641410205078125
hillsdale boro,227,0.546267522136042,0.137817822096317,1.53857138968233,0.577857139756944
ho-ho-kus boro,228,0.449040912601389,0.183787210607359,0.809545120573402,0.54037572265625
leonia boro,229,0.0774934468978935,0.0600204684709578,1.72650370427907,0.517542846679688
little ferry boro,230,0.32244801262521,0.288001748946387,2.54043932117433,0.35434857421875
lodi boro,231,0.517536395076728,0.101782702161021,1.36368431984192,0.337519995117187
lyndhurst twp,232,0.465194346268722,0.222485471593802,1.7865290386539,0.429789288330078
mahwah twp,233,0.713203934341048,0.584464907944876,4.33494683158693,0.73960220229205
maywood boro,234,0.695901833746407,0.24954079545105,1.85110506262145,0.414125712890625
midland park boro,235,0.415934588997301,0.100040770233087,0.779140144878609,0.628474991861979
montvale boro,236,0.376416912434157,0.0970113228065013,1.812453443535,0.572435715060764
moonachie boro,237,0.151257853223982,0.235338401992545,1.18109047660437,0.401569051106771
new milford boro,238,0.575214469612743,0.108578589169769,2.19678054165094,0.542781435546875
north arlington boro,239,0.699006985711885,0.17068580513985,1.20149592183791,0.388420235188802
northvale boro,240,0.630760045879121,0.0800864985398181,2.33611827962798,0.642509537760417
norwood boro,241,0.358313313984295,0.193497602281607,1.74747074329852,0.659820532226562
oakland boro,242,1.49177969796203,0.282120095604965,2.65603904789921,0.711990132068452
old tappan boro,243,0.69191348443875,0.30402090060826,1.86199060527944,0.606328569335937
oradell boro,244,0.141968745158679,0.0845968687625893,1.38639694155615,0.57366904296875
palisades park boro,245,0.486913642802494,0.149699961108434,3.38095995305199,0.415723803710937
paramus boro,246,0.42581534244449,0.38596580782277,1.32207100248679,0.519913055630388
park ridge boro,247,1.03237566233905,0.243384492075108,3.35668966626223,0.572628578404018
ramsey boro,248,0.825013965579244,0.211636382620362,3.6386719563485,0.691089049479167
ridgefield boro,249,0.36610276996815,0.154350808471698,1.27007045616312,0.399847963169643
ridgefield park village,250,0.416091797544789,0.134785611698381,2.4778018048434,0.405156124441964
ridgewood village,251,0.728393805236836,0.215229289840777,1.46142940073016,0.560666666666667
river edge boro,252,0.389769443130245,0.107345478958125,1.11525876096548,0.527944051106771
river vale twp,253,0.773555575898938,0.161282798149397,2.27231243707978,0.6502875
rochelle park twp,254,0.372078215355962,0.06135761885372,0.557998560417164,0.398207137044271
rockleigh boro,255,0.495734491423592,0.0649723121060973,1.84353418537718,0.627038102213542
rutherford boro,256,0.381805856218666,0.232004136467494,2.25944086180768,0.404130355834961
saddle brook twp,257,0.517536361692394,0.0793533600195889,0.771822516124812,0.358408164760045
saddle river boro,258,0.274431741238482,0.203829588240922,1.02604903227494,0.662528098958333
south hackensack twp,259,0.0289772755991682,0.0201803912385737,0.254338102773655,0.290235709635417
teaneck twp,260,0.311183135491247,0.12636287705073,2.36492958994354,0.516866194661458
tenafly boro,261,0.308839914101221,0.240202635147893,2.95742752623276,0.582826620205966
teterboro boro,262,0.0766887393341201,0.0588853672456075,1.09028028342267,0.322689282226562
upper saddle river boro,263,0.0691802799357392,0.236804591989171,1.49911566288578,0.64289560171274
waldwick boro,264,1.00265824741759,0.114061987846601,1.92078994396832,0.61202142578125
wallington boro,265,0.641153108208196,0.21995034821404,1.7240372068439,0.289152384440104
washington twp,266,0.599134618595821,0.123011343940523,1.73622553253499,0.546294900948661
westwood boro,267,0.467493589788082,0.157050890098951,2.29551514437504,0.543922615559896
woodcliff lake boro,268,0.349640352529845,0.160015178337558,1.09977581784672,0.625970532226563
wood-ridge boro,269,0.208503251399971,0.0269573514648801,0.674428121736924,0.357346429443359
wyckoff twp,270,0.91154144521816,0.151273664619015,1.73393721252441,0.686819647216797
bass river twp,301,0.69342336555865,0.681109019516661,1.46839989764457,0.652156552466416
beverly city,302,2.42766456764713,0.370043936393881,4.30959512282423,0.457642846679688
bordentown city,303,0.0682889584418466,0.0689336018420457,1.71884505112525,0.663853564453125
bordentown twp,304,0.303679302008207,0.161113651925727,1.56693054185401,0.641241304347826
burlington city,305,2.92958505894671,0.374894872530125,6.33666773878614,0.47048571234809
burlington twp,306,1.22189143950352,0.210110301480869,3.06423021437322,0.557078954418285
chesterfield twp,307,0.828613052571437,0.691557035126723,2.36540795944286,0.681536332334321
cinnaminson twp,308,1.06370292745119,0.224584021375398,2.70875389305015,0.51377340766059
delanco twp,309,0.8848559458795,0.269138546245703,1.76733422666547,0.511026624644886
delran twp,310,0.979942572489564,0.198828807090075,2.65144739431672,0.534007541232639
eastampton twp,311,0.199239332449805,0.230231087192776,1.78630186986086,0.669070977783203
edgewater park twp,312,1.80794817097868,0.160299759173969,3.38423313581955,0.593451025390625
evesham twp,313,0.773615978910821,0.484765530967839,5.07352082226608,0.652798190104167
fieldsboro boro,314,0.0573153224119905,0.0510493001072233,0.40481538678025,0.563264306640625
florence twp,315,0.517647889411459,0.376443226475319,3.13174915938206,0.562458788123498
hainesport twp,316,0.30088788693517,0.0641625792886668,1.65758536515583,0.654277854003906
lumberton twp,317,0.475128301374943,0.35280558164838,4.431253200985,0.618621877288818
mansfield twp,318,1.08237855317653,1.08599322551815,3.17357790573845,0.645545841619318
maple shade twp,319,0.964436240878971,0.466461748646241,2.86012088581997,0.507717260742187
medford twp,320,0.590496103515489,0.345835931360787,3.72993418200759,0.710412503286508
medford lakes boro,321,0.941195695897503,0.062019439522997,5.11764679960616,0.606828564453125
moorestown twp,322,0.418830453857121,0.310344525491644,2.50432733914256,0.635306964111328
mount holly twp,323,0.130729930392067,0.300832452465575,6.08385283297269,0.623174490792411
mount laurel twp,324,1.09379614637084,0.368582531374663,5.24699395673756,0.576324933416193
new hanover twp,325,1.2911919360298,0.554213300352705,4.7620944870695,0.603631154869343
north hanover twp,326,1.51197716567783,0.471904868269505,3.11970435680485,0.693846599469866
palmyra boro,327,2.12007022439426,0.574400407184306,3.08826384676305,0.363864285714286
pemberton boro,328,0.147939567345125,1.77759237506344,6.18342698321411,0.675610717773438
pemberton twp,329,1.30958215920474,1.09226069784521,10.4066904902025,0.679931472833807
riverside twp,330,3.15258599394208,0.723020981652098,6.81828440729517,0.51299
riverton boro,331,1.16675780759601,0.0650845543066962,2.03831882997504,0.275053576660156
shamong twp,332,1.22377841098814,0.616559739977621,2.74186136790173,0.675244126555879
southampton twp,333,0.981764748986465,0.527577411221489,5.04026240188262,0.695773540675951
springfield twp,334,0.39348395673904,0.421164025692628,1.26981568281248,0.68036038961039
tabernacle twp,335,2.07469539744691,0.933407993510506,4.85913333750388,0.6375536578125
washington twp,336,0.591360022245192,0.573289721057904,1.25162856921731,0.643024723607588
westampton twp,337,0.21356162411187,0.0959528239874364,1.36757803406816,0.615960478515625
willingboro twp,338,2.97446901009715,0.468259063086944,7.49378782812584,0.584547141113281
woodland twp,339,0.472913390443062,0.459440009501003,1.01695388388184,0.628939212701743
wrightstown boro,340,0.179666440235095,0.0855866572539103,0.699600083540555,0.67004404296875
audubon boro,401,0.569085984165529,0.120400894981548,0.518784814608928,0.534771435546875
audubon park boro,402,0.365911807359107,0.0339752256330864,0.195530084082522,0.503969653320313
barrington boro,403,0.458623664887939,0.0674735141166906,0.855471357881176,0.558538564453125
bellmawr boro,404,0.42287688276326,0.189993297254475,0.744386435694432,0.507937299262153
berlin boro,405,0.852502070467127,0.0617960349302082,1.72312331276253,0.539549282226563
berlin twp,406,0.824027641984218,0.0545851932891711,1.74338387174606,0.528329361979167
brooklawn boro,407,0.338775040939008,0.0620413252359358,0.507456037622088,0.353996423339844
camden city,408,1.04393805174851,0.363373006643473,1.18241762290531,0.251330772282527
cherry hill twp,409,0.515758923113599,0.348277771954468,2.4538403862477,0.532251209435096
chesilhurst boro,410,2.56395623585479,0.911887488829129,5.66296054922945,0.70777427734375
clementon boro,411,0.517931949197422,0.0189105817514332,1.36082514548974,0.524628564453125
collingswood boro,412,0.732024946769047,0.105737827578882,0.351106930016093,0.41153572265625
gibbsboro boro,413,0.661644238405656,0.0955666609689611,1.77129407388249,0.640626196289062
gloucester city,414,0.787308092392693,0.195694766311622,0.502916293836551,0.298259182303292
gloucester twp,415,1.09007108315895,0.291857197087521,3.81772127376494,0.585304480601165
haddon twp,416,0.399890777951817,0.0504542620551935,0.445291480949828,0.5031875
haddonfield boro,417,0.168595799245069,0.17060139507466,1.04643614758566,0.584854768880208
haddon heights boro,418,0.624206708955651,0.174125087457932,0.884896101254883,0.557958935546875
hi-nella boro,419,0.176607616743213,0.0109322655777394,0.36833230939372,0.541371423339844
laurel springs boro,420,0.558129415953153,0.0724325760477683,1.30160061152707,0.550707153320313
lawnside boro,421,0.321748081776017,0.109711836444841,0.822484448890846,0.549548205566406
lindenwold boro,422,1.09392673623843,0.176631102525738,2.65218766185107,0.581800708007812
magnolia boro,423,0.340911693991386,0.0536443727632147,0.644283312746075,0.47703095703125
merchantville boro,424,0.60419247826996,0.00506107386223203,0.616777997339953,0.470139282226562
mount ephraim boro,425,0.45831141493371,0.0812946267535271,0.397050732851946,0.49966787109375
oaklyn boro,426,0.793138237698309,0.111009792810935,0.332877840948838,0.495959537760417
pennsauken twp,427,1.44489365652525,0.283012974512826,1.50548713625566,0.353140884978196
pine hill boro,428,0.705601585970785,0.237984250591835,2.45652080254132,0.60333896484375
pine valley boro,429,1.31505604656642,0.305117730241007,3.5525322106587,0.651228564453125
runnemede boro,430,0.495910155703191,0.113645975497607,0.870555460077561,0.49399404296875
somerdale boro,431,0.622147475635519,0.0971161928997397,1.11042759389151,0.494416064453125
stratford boro,432,0.833959092674235,0.0505813460004973,1.64024220581497,0.555601782226563
tavistock boro,433,0.064770227835103,0.0794402986530705,0.313623090165119,0.576614282226563
voorhees twp,434,1.12645212885796,0.211065364686432,3.4056931328141,0.612040146821121
waterford twp,435,1.84439730941656,0.722130154552204,4.28250873007865,0.677917966180099
winslow twp,436,1.97249475197581,0.627024678749155,5.38736125158586,0.634649334960937
woodlynne boro,437,0.49412462608467,0.140493926325655,0.0741730719873512,0.349921435546875
avalon boro,501,0.0494573729571744,1.16829599943871,7.52348578219612,0.394008675711496
cape may city,502,0.183290459254749,0.373641441807349,9.90892830743334,0.511722615559896
cape may point boro,503,0.0831185322200093,0.0602411228760408,1.91016941760218,0.044357144165039
dennis twp,504,1.30271024221487,1.15571725272542,5.28543197713149,0.748141997629189
lower twp,505,0.954521766026109,0.646846680669033,21.0466170241683,0.595670073661321
middle twp,506,0.721814398194435,0.543065677145458,9.96553417459247,0.644266267923875
north wildwood city,507,0.43595829669811,0.322347766078526,8.70015665571901,0.226774999491374
ocean city,508,0.851792423243519,0.449836987943174,7.98625949424456,0.10175094909668
sea isle city,509,0.0312491035645299,0.177375161318684,4.88968379083094,0.423827384440104
stone harbor boro,510,0.223000485218918,0.853534563673453,6.2823171342554,0.144663098144531
upper twp,511,0.789439852512258,0.541313638674647,3.94398476559539,0.654272183744642
west cape may boro,512,0.163583808714679,0.119037640712284,3.77082589869142,0.749324287109375
west wildwood boro,513,0.0078444591816616,0.00742837674387725,2.01831911377932,0.220667858886719
wildwood city,514,0.0985603056919979,0.070726522857895,9.19534400004103,0.303584282226563
wildwood crest boro,515,0.330001194125067,0.270722845191851,8.75175993826235,0.233652860107422
woodbine boro,516,1.88228087270635,1.94684794701726,7.41977116472695,0.724350650301847
bridgeton city,601,0.536166666470825,0.553023123278498,23.786382021051,0.590384524197049
commercial twp,602,1.73570541240393,2.08751246658714,8.33003418328566,0.676754762145295
deerfield twp,603,0.679229866900862,0.530748427107394,4.4218598458795,0.626069105423328
downe twp,604,2.44854752515399,3.17026171364228,10.4617805345746,0.650514391534593
fairfield twp,605,0.952099104253241,0.964681334882959,7.24527474675628,0.633669488311232
greenwich twp,606,0.630308124093289,0.661800620593512,3.59405335500769,0.652452913743622
hopewell twp,607,0.323610320861021,0.399300906065705,5.57006438057733,0.637130919767681
lawrence twp,608,1.81667484181205,1.89338944936598,9.44411495330971,0.647467408707998
maurice river twp,609,2.24553561985291,2.18987550590061,6.66087325407576,0.698529207981743
millville city,610,0.512331698092331,0.610937908012496,15.2392625394145,0.608614282869038
shiloh boro,611,0.0378044849582014,0.0466353129409079,0.640019724098132,0.601142846679688
stow creek twp,612,0.641713849307733,0.673516761440432,3.65688328585665,0.666944755460778
upper deerfield twp,613,0.0330626004127638,0.196868084447752,2.98308703343017,0.592665748541039
vineland city,614,0.98435894736167,0.622119328419525,16.3272465387889,0.58264329155816
belleville twp,701,0.609804109922746,0.14989688221537,1.37900568899817,0.44161103737571
bloomfield twp,702,0.494827956734808,0.238106793633249,1.94941975238169,0.568006039663462
caldwell boro,703,1.03183224258719,0.423653011954155,2.63151150287085,0.561408923339844
cedar grove twp,704,0.468672123412397,0.0947356496209093,1.45229665631016,0.563167854817708
east orange city,705,0.827999463960979,0.270760662607474,0.971351435571244,0.404764284939236
essex fells boro,706,0.371419447764073,0.220765746284641,0.919566824485024,0.603861897786458
fairfield twp,707,0.635676756434809,0.0808737783070079,0.90175146809306,0.660832908412388
glen ridge boro,708,0.0480585543961062,0.06695921082492,0.455757825197738,0.52371787109375
irvington twp,709,1.2127186003156,0.241060034209155,1.35590066832007,0.355961905924479
livingston twp,710,1.1594958457484,0.339553486183446,3.17882417010396,0.627976446368243
maplewood twp,711,0.294514747685492,0.203398748627992,1.46988793269436,0.61536904703776
millburn twp,712,0.404236003735466,0.221758929912966,1.55519798041113,0.663811637369792
montclair twp,713,0.466261168051595,0.32446135537845,2.82164693953673,0.598627676391602
newark city,714,0.977455540015124,0.439722042622197,1.26429607668203,0.256797059810863
north caldwell boro,715,0.36430001912563,0.139310724185395,0.754801397375662,0.581299997287326
nutley twp,716,0.812328471042955,0.202369136632299,2.09588504822893,0.460176779174805
city of orange twp,717,0.376556990474318,0.254884198883618,1.294157544592,0.435267858886719
roseland boro,718,0.588889447409207,0.146614539153612,1.22544170147684,0.649576629083807
south orange village twp,719,0.396526834915265,0.153967944740792,1.05251474646145,0.639554760742188
verona twp,720,0.354330096880136,0.145142588503379,1.77639783197371,0.59030306222098206
west caldwell twp,721,1.21758139612954,0.226968084411363,2.50144235593054,0.578025274188702
west orange twp,722,0.538142787709096,0.245450214148662,1.60966676816138,0.609649762369792
clayton boro,801,0.535246175798141,0.159853274848756,2.83913524244186,0.641253567165799
deptford twp,802,0.70223954395578,0.367734094076036,2.41724419304827,0.61195151782746
east greenwich twp,803,0.455493147303522,0.271164069483526,1.42143749423664,0.616352677001953
elk twp,804,0.407339015949713,0.238243970559405,2.12060339181112,0.612842713647959
franklin twp,805,1.55704054921005,0.849864721328313,6.31444385271964,0.67384538590827
glassboro boro,806,0.300162624950236,0.287050362661381,4.44413245451561,0.512983140625
greenwich twp,807,1.78860390322896,0.45100387825849,2.89797391637098,0.366400479939779
harrison twp,808,0.386595921412206,0.256699686367139,3.50478109081643,0.611788242594401
logan twp,809,1.96796870448413,0.579693446753319,3.99074289212818,0.468086120113645
mantua twp,810,0.488145085567575,0.256292761873156,2.37542163154165,0.609893195452009
monroe twp,811,2.30502216946857,0.412866812524079,6.48346440223683,0.650714703369141
national park boro,812,0.864735591561442,0.845705047358962,1.79453477924349,0.216139291381836
newfield boro,813,1.54317731634867,1.26333525867444,12.6709276440585,0.654951196289063
paulsboro boro,814,0.924949623498212,0.0361081700944128,1.76944355185542,0.248101014927455
pitman boro,815,0.124268292589439,0.351629817264904,4.06293507824826,0.581490813337054
south harrison twp,816,0.422479849233143,0.183868090595647,2.45268834774759,0.622472108677455
swedesboro boro,817,2.30119847411083,0.448365099434325,7.95769302362383,0.555240478515625
washington twp,818,1.10481631546127,0.380640810083987,5.37068376953597,0.556308443714489
wenonah boro,819,0.573753781780265,0.339106189738606,2.21105656514255,0.624703564453125
west deptford twp,820,0.860225204135995,0.466858044350524,2.51291657902406,0.452687874159702
westville boro,821,0.204586301428515,0.161361385563527,0.55146830356802,0.321251782226562
woodbury city,822,0.166394252253062,0.120066103356696,1.72368050954425,0.564268359375
woodbury heights boro,823,0.234233334942869,0.173559504342276,1.03457474051183,0.594473795572917
woolwich twp,824,0.555234829714564,0.0567791400920815,1.88817300315542,0.598170330341046
bayonne city,901,0.860086241789105,0.41180257076769,3.34686224062373,0.013969048055013
east newark boro,902,0.176917458473537,0.0931267778522619,0.329832004521192,0.285423217773437
guttenberg town,903,0.15838495626912,0.121866110862913,1.72872413009078,0.213407153320312
harrison town,904,0.311299498290145,0.153362388189818,0.670799006021182,0.194208926391602
hoboken city,905,0.198308455956008,0.183999472653192,1.97030857466785,0.172814282226563
jersey city,906,0.601289386799987,0.407023179328352,1.10246074121519,0.230082059141647
kearny town,907,0.875909920697303,0.159252211216587,1.089442082718,0.306478811035156
north bergen twp,908,0.263353733774448,0.110040467663513,2.00356927404175,0.343902378336589
secaucus town,909,0.820723314235188,0.348894040712968,1.6797431724041,0.384212698025174
union city,910,0.391034033794778,0.168057611411712,2.29546686558097,0.190955355834961
weehawken twp,911,0.274584214078774,0.0982489882975691,1.13659126853039,0.124414282226563
west new york town,912,0.397235340215355,0.165427112757364,2.8088751353555,0.163746429443359
alexandria twp,1001,1.16147111588138,0.567482652816773,4.44634309982441,0.757807746478873
bethlehem twp,1002,0.479799499061994,0.524989075088822,3.47647923359635,0.7639145703125
bloomsbury boro,1003,0.0511646793978593,0.0557727413130891,0.370799422819242,0.67388095703125
califon boro,1004,0.0585173321414895,0.0341441589909677,0.519073677517807,0.730033333333333
clinton town,1005,0.0139485140905967,0.113189975727666,5.61619241696343,0.671295231119792
clinton twp,1006,0.497414466638572,0.626924398473216,4.77711911551884,0.720075080732866
delaware twp,1007,0.654433807303393,0.569319868030997,2.10968603108708,0.690832963053385
east amwell twp,1008,0.449168976121123,0.405394145378239,1.41669788703294,0.731579333333333
flemington boro,1009,0.0225997941221684,0.112709118719315,4.79454911121596,0.569426188151042
franklin twp,1010,0.629793635134519,0.524136180891669,3.10058198553426,0.744598331705729
frenchtown boro,1011,0.14232109562321,0.10854193716345201,0.360323657726044,0.730525
glen gardner boro,1012,0.215537214430399,0.451157916923615,5.53188688231083,0.7628119140625
hampton boro,1013,0.160080565982926,0.336148596573898,4.12311039075044,0.738314282226562
high bridge boro,1014,0.784952425672682,0.984201991981062,10.1130081591222,0.752528572591146
holland twp,1015,1.70119072909721,0.598939692923241,7.66901161374359,0.752687122182377
kingwood twp,1016,2.75502376902822,2.10441916864842,6.96029037149753,0.745075745646159
lambertville city,1017,0.0511096297870273,0.19013977161413,3.92921464511894,0.576353588867188
lebanon boro,1018,1.33855524249447,1.21953667851596,9.41174810220078,0.669971435546875
lebanon twp,1019,0.342236263840788,0.202174608690771,3.0894595095916,0.773424913062119
milford boro,1020,0.161141418633599,0.0767368369053518,0.626635393936654,0.770583333333333
raritan twp,1021,0.607351976982496,0.463099267763453,6.35184123503567,0.688492410786947
readington twp,1022,0.589282379223586,0.354921648550429,5.53615665361278,0.753138209794207
stockton boro,1023,0.0864433802360884,0.0752479648806129,0.278440681705587,0.725371411132812
tewksbury twp,1024,1.08325203800412,0.584979181971808,4.48140120955359,0.761598567504883
union twp,1025,0.416252687622464,0.269437646891833,4.22181625766764,0.742719670881305
west amwell twp,1026,0.542178701981298,0.547229985556529,2.47999139419875,0.708890888503502
east windsor twp,1101,1.22076256925557,0.250968063497494,4.58402081123482,0.641840178222656
ewing twp,1102,0.480629032315723,0.456783553203798,1.18099331355143,0.630216784667969
hamilton twp,1103,0.648472178599369,0.380666013029546,2.56858912929873,0.601264615288131
hightstown boro,1104,1.02336318329419,0.249758025321319,4.65700042006273,0.593008923339844
hopewell boro,1105,0.0955477389204946,2.37482669413059,5.39860606787573,0.730017846679687
hopewell twp,1106,0.54336953431625,0.51934662124918,1.59881952096048,0.749090350139694
lawrence twp,1107,0.493998561285072,0.277778443475713,1.43044995432455,0.656968913664641
pennington boro,1108,0.939391913490587,0.116169652535528,1.62101567377124,0.637978580729167
trenton city,1111,0.467771286738478,0.37902285309578,1.42895428390229,0.477803402855283
robbinsville twp,1112,0.62236460327689,0.337363673998318,1.73711632021534,0.674848626239483
west windsor twp,1113,0.809058518939007,0.450033738951527,2.96033361106689,0.700673030113106
princeton,1114,0.40658465739686,0.422753317085258,4.9866175447471,0.72307996985394
carteret boro,1201,1.75617007605944,0.435981011109964,7.17125551771334,0.331413688151042
cranbury twp,1202,0.0405084017822369,0.251352046419941,1.71583357095266,0.607090756405101
dunellen boro,1203,0.199801795392544,0.119268744761264,2.61265918045082,0.592959537760417
east brunswick twp,1204,2.0921923198465,0.446159918903869,9.51053535464996,0.570264541625977
edison twp,1205,0.83908583393788,0.358055803241277,8.27404170327361,0.509590748948317
helmetta boro,1206,2.0739317142146,0.713286024374137,6.88836502317197,0.761742854817708
highland park boro,1207,0.307802537362012,0.147133575199704,6.3408039701984,0.485977138671875
jamesburg boro,1208,1.14018656413135,0.0424422117753042,4.91416842906361,0.56755
old bridge twp,1209,1.55366269129396,0.458082043301926,9.5846628856817,0.620901914112838
metuchen boro,1210,0.189531171919823,0.154473036752636,4.83656357591974,0.59413369140625
middlesex boro,1211,0.474497830576484,0.153118394765362,4.0212575402284,0.641337299262153
milltown boro,1212,0.599743134380671,0.14424423754517,4.7885061165167,0.513266076660156
monroe twp,1213,1.64078717410487,0.528446062554643,7.666356303936,0.61963038840554
new brunswick city,1214,0.336337188619271,0.266984124085653,10.2684052487835,0.451801344299316
north brunswick twp,1215,1.27591100923548,0.28158802671289,8.9022847627409,0.496256708688447
perth amboy city,1216,2.28042960475505,0.414932756122003,12.875382256445,0.289269050089518
piscataway twp,1217,0.737694680432643,0.573771030419108,9.02814854836817,0.56379571484375
plainsboro twp,1218,1.24961007780464,0.478106362632868,5.04600966376562,0.672201668294271
sayreville boro,1219,1.5312090236503,0.515436796695308,8.34835764603496,0.461010796267487
south amboy city,1220,1.03383461770297,0.473431385537777,7.15932108842805,0.349465712890625
south brunswick twp,1221,2.21934721687572,0.757588303230892,7.0119029683011,0.636353960848722
south plainfield boro,1222,0.650036926510107,0.265806923344846,6.55991653649317,0.512590907981179
south river boro,1223,1.73553685882753,0.344216084104639,8.55976016908928,0.435713498263889
spotswood boro,1224,1.51467599348875,0.104169024979953,5.0902078550362,0.618170403180804
woodbridge twp,1225,0.852772036992327,0.399876452555756,7.9047067648548,0.47154660064197
allenhurst boro,1301,0.0637270950476881,0.0494407406819025,0.0572922906938613,0.506204768880208
allentown boro,1302,1.74337790504166,0.896315726648502,3.63179367881888,0.683285717773437
asbury park city,1303,0.231460988228575,0.263016923977855,0.332655562487817,0.49343095703125
atlantic highlands boro,1304,0.204395719713028,0.300722248692985,3.33855857098471,0.52793095703125
avon-by-the-sea boro,1305,0.260654335680116,0.147308417312287,0.429986736302492,0.393485717773437
belmar boro,1306,0.583510604790706,0.127186380347558,1.03191501803449,0.387232135009766
bradley beach boro,1307,0.29719248365335,0.209854078031499,0.588457865719474,0.350835717773438
brielle boro,1308,0.173361700111516,0.167553738595603,1.06628729450169,0.612438094075521
colts neck twp,1309,0.985055483021455,0.853298700893795,2.58518140625023,0.714677539650791
deal boro,1310,0.291466410920853,0.226543363840801,0.261005283549287,0.601908935546875
eatontown boro,1311,0.544195897418153,0.217367203060105,1.30750012331865,0.544379521484375
englishtown boro,1312,1.18679261553661,0.104266995673467,4.76112839384155,0.682989282226563
fair haven boro,1313,0.295714668313161,0.317069311226631,1.85104114376299,0.558674287109375
farmingdale boro,1314,1.02795291623475,1.23954781513851,2.83364086004833,0.678171435546875
freehold boro,1315,0.25863171488162,0.236378080320898,6.97807741280312,0.593375
freehold twp,1316,0.425826968385014,0.360523708003327,3.90919762344377,0.670256515203738
highlands boro,1317,0.554123346805459,0.175586793296771,2.92199241989415,0.525721435546875
holmdel twp,1318,0.247703289912322,0.351100911985975,2.65122042335056,0.648387578549592
howell twp,1319,1.35220817517642,0.604954076093719,4.52710346547821,0.679580435085889
interlaken boro,1320,0.0595559545168426,0.0484139079146434,0.0534444398273818,0.73015
keansburg boro,1321,1.62176231429421,0.940400279927282,6.7098945836497,0.286185709635417
keyport boro,1322,0.632124240425963,0.115627157014344,3.84148942003516,0.45649287109375
little silver boro,1323,0.207527514530156,0.0500360790534113,1.05031887304415,0.620680608258929
loch arbour village,1324,0.0417787940398929,0.0326807851843633,0.0369460559244608,0.475264306640625
long branch city,1325,0.904515389841975,0.393709198182816,2.90990143839846,0.519319046223958
manalapan twp,1326,1.47601860925104,0.344768517643886,6.84887874013225,0.681859978465545
manasquan boro,1327,0.29252297531925,0.246222342073668,3.08843594695953,0.437944647216797
marlboro twp,1328,1.08285948645668,0.524484627543121,6.15391987050039,0.65567994541266
matawan boro,1329,0.563767577999054,0.127675029945136,3.89850381540871,0.56955
aberdeen twp,1330,0.740266857690005,0.323479065710671,6.25077510570888,0.524002380371094
middletown twp,1331,0.938287278216135,0.693316027138074,6.48618820918653,0.619149811169109
millstone twp,1332,1.14482652797693,0.637152416405453,3.28771361879341,0.718719071158183
monmouth beach boro,1333,0.738261762844977,0.41020533643735,1.46861695425394,0.384598217773438
neptune twp,1334,0.582383935378411,0.325786787004475,1.00859966060357,0.560471431790865
neptune city boro,1335,0.247157085480642,0.0879458128496103,0.346421954235258,0.43426429036458303
tinton falls boro,1336,0.469705992025596,0.244146931592413,1.22769483207565,0.645194948075457
ocean twp,1337,0.511960389750784,0.280855068964102,1.05419610777868,0.63438461726262
oceanport boro,1338,0.385626666613692,0.222173945599508,1.00792957284399,0.537071428888494
hazlet twp,1339,0.663936247802381,0.15517226972583,4.61437234090208,0.47580223236084
red bank boro,1340,0.086766765718959707,0.142457578143945,2.61001986274186,0.45846309000651
roosevelt boro,1341,0.382513961756196,0.217800379071304,0.839448688642132,0.781946435546875
rumson boro,1342,0.886091774680233,0.314885036329368,2.73147304688604,0.663027066200658
sea bright boro,1343,0.270753485782455,0.193730524036445,0.977201188234004,0.507590478515625
sea girt boro,1344,0.0698618777272139,0.161360949062413,1.14777277189415,0.558052376302083
shrewsbury boro,1345,0.0930660901551682,0.144326994016912,1.36296270294149,0.569676196289063
shrewsbury twp,1346,0.0108884309549659,0.0161877207003165,0.152659535972875,0.575555358886719
lake como boro,1347,0.633012169387758,0.123421412677942,1.25329569285103,0.415576782226563
spring lake boro,1348,0.384826082731599,0.236312508600626,1.07005100987294,0.526588102213542
spring lake heights boro,1349,0.398286353634032,0.166024761902499,1.35640556562996,0.591159521484375
union beach boro,1350,0.754143333286069,0.246203199329419,3.66427278023314,0.317308924865723
upper freehold twp,1351,1.13846079216454,0.767152885810896,1.9028629692657,0.698933564969195
wall twp,1352,0.368242781687812,0.288117421482194,1.39067651624786,0.65556616027832
west long branch boro,1353,0.172738800616867,0.14921929439526,0.757214839398799,0.550938110351562
boonton town,1401,1.09057292147382,0.11447869141137,3.28120310815875,0.67190427734375
boonton twp,1402,0.490395963652532,0.21966089555781,1.55651209609719,0.784103108016304
butler boro,1403,0.969248284086292,0.124389064342481,3.20450272106713,0.650151188151042
chatham boro,1404,0.513228795654879,0.15946860140889,2.51711192473563,0.658463094075521
chatham twp,1405,0.493376148103606,0.285116370268326,2.72241791343709,0.778808699898098
chester boro,1406,3.90236995657261,0.24168167811474,13.2646296959334,0.69480857421875
chester twp,1407,0.786964016214069,0.0877614930589432,2.62218870354982,0.748739237077269
denville twp,1408,0.38135727973646,0.306182263996106,4.42090170785892,0.680921647135417
dover town,1409,0.610275956683154,0.183937441963902,6.35269353837462,0.522225
east hanover twp,1410,0.307950599246226,0.0653425268814192,1.74232963213693,0.612194900948661
florham park boro,1411,0.296404560027843,0.150108065418355,2.23941547929058,0.610968045847039
hanover twp,1412,0.235432441130254,0.190045269173221,3.73254053664435,0.586188773018973
harding twp,1413,0.0461142041327999,0.368280829419357,1.66827668383655,0.789329944786659
jefferson twp,1414,1.56067357885751,0.780659741226425,6.18163413155695,0.763284118652344
kinnelon boro,1415,0.990811757110149,0.470864216972065,2.59031192036223,0.764418572265625
lincoln park boro,1416,0.692621856344006,0.1770428538237,1.73488511621443,0.704263019875919
madison boro,1417,0.241055268323207,0.243328808986229,3.99021054125916,0.632293956580529
mendham boro,1418,1.9423017955663,0.37834113505315,7.18881822518894,0.744999551391602
mendham twp,1419,0.599806380674391,0.0387228344482207,2.3788880468095,0.783247418342753
mine hill twp,1420,0.343595468193788,0.262189147108307,4.64979843672819,0.632284695870536
montville twp,1421,1.5333798488651,0.55508870954488,3.34499929318434,0.712737055460612
morris twp,1422,0.381781335852878,0.356522241410726,4.40954742699545,0.697893215332031
morris plains boro,1423,0.24693945124461,0.216776287882852,4.69527654314497,0.645875
morristown town,1424,0.256763950840753,0.147728519205467,6.85399547318009,0.604009193638393
mountain lakes boro,1425,0.342405817249549,0.160556883354366,2.17427444681991,0.716085711669922
mount arlington boro,1426,0.254452703630974,0.451429806448773,4.14872486738875,0.582714285714286
mount olive twp,1427,1.32307579766682,0.264011122281585,7.92896718943939,0.69306825508777
netcong boro,1428,0.408165955680019,0.0456536305354178,5.75909818846102,0.62334287109375
parsippany-troy hills twp,1429,1.16252704488916,0.413000926849686,6.69788240804282,0.632138202829072
long hill twp,1430,0.828576225084866,0.341936089096254,4.19559041955127,0.80015915222168
pequannock twp,1431,0.246623588695623,0.325479809074631,2.34468487111468,0.641242141113281
randolph twp,1432,0.587489254128368,0.466479074230788,7.63905430394632,0.689951322880498
riverdale boro,1433,0.20820088461814,0.0283059136515347,1.06160860689269,0.574290009765625
rockaway boro,1434,0.132953440168283,0.0616470615530238,2.70479656947009,0.619742861328125
rockaway twp,1435,0.631799246978864,0.522333630273932,5.39770456643548,0.759723510335287
roxbury twp,1436,0.626422678834766,0.410686786812628,6.51570423256008,0.659248852539063
victory gardens boro,1437,0.522828106272385,0.209927289047857,5.09614513287917,0.523338102213542
washington twp,1438,2.8938844568782,1.00183382329273,11.6292823382985,0.732939653909617
wharton boro,1439,0.43789731071889,0.110913553209679,3.56178230568435,0.621321427408854
barnegat light boro,1501,0.0925318077134698,0.224319132096525,1.34120486417735,0.107114290364583
bay head boro,1502,0.119040119573389,0.233643780557128,1.58662688575841,0.245078578186035
beach haven boro,1503,0.220019897648655,0.803261034577195,1.93475464706585,-0.158151190694173
beachwood boro,1504,0.60787828349448,0.343050349992633,9.43698009266044,0.514263094075521
berkeley twp,1505,1.28580841350718,0.700792216623336,9.2849628673319,0.382594939295451
brick twp,1506,1.42406809271253,0.729194290579025,7.77097670306609,0.537876014313874
toms river twp,1507,0.953612455733417,0.540839495275346,9.7852149555066,0.399800107625326
eagleswood twp,1508,0.713469067935046,0.58443232378137,3.53342577438495,0.552559854431152
harvey cedars boro,1509,0.0977804538110983,0.186924887479175,1.16816022319511,-0.2
island heights boro,1510,0.0573435568553479,0.325091181082209,5.13231675130432,0.535460717773438
jackson twp,1511,1.66692079779082,0.596913953393473,6.4391122447662,0.695859324308206
lacey twp,1512,2.29875028380495,0.928161873458251,9.94867893762274,0.514959737896919
lakehurst boro,1513,0.271426956817157,0.861518622942694,4.24973683224351,0.4746619140625
lakewood twp,1514,0.87598890216599,0.547936725358275,7.3943706461594,0.550594104585193
lavallette boro,1515,0.665996078475099,0.106862178144949,3.12867207328251,-0.042516070175171
little egg harbor twp,1516,1.10273097395988,0.9844371636289,6.75105520247392,0.333085752013357
long beach twp,1517,0.488385838205164,1.0195472472692,5.13002448205221,-0.159614402695953
manchester twp,1518,1.96020327305748,1.33671895309605,12.7255539028931,0.602709993031103
mantoloking boro,1519,0.135628655243381,0.268085962999518,1.80030146290874,0.309604768880208
ocean twp,1520,1.08964205669737,0.5097032905027,5.4407639137388,0.385134670573909
ocean gate boro,1521,0.233674609418132,0.347108515959586,5.24576058797487,0.245355949910482
pine beach boro,1522,0.252231816533253,0.211194872309947,5.61839689356175,0.107157141113281
plumsted twp,1523,1.58125952244266,0.514762132185258,4.53463641028112,0.687304972809436
point pleasant boro,1524,0.450718494699443,0.167391018280455,3.91747379773004,0.518766670735677
point pleasant beach boro,1525,0.338558204459812,0.119733613616255,1.95164387890727,0.251619641113281
seaside heights boro,1526,0.317988391866318,0.0587497790643954,2.05261246935442,-0.055307141113281
seaside park boro,1527,0.918814747630784,0.16652463377427,5.94228283233331,-0.2
ship bottom boro,1528,0.0219032331324524,0.0495384263815425,3.17811313603,-0.00498571472168
south toms river boro,1529,0.126450540642748,0.0996231994780956,2.77505869775546,0.455637153320313
stafford twp,1530,2.84227318336179,0.767144597821581,11.4855273846788,0.518271032105552
surf city boro,1531,0.0492624659655544,0.069964195546878,4.00374223046342,-0.132835713195801
tuckerton boro,1532,0.189204328338607,0.318826397925051,4.12478530167123,0.565992211914062
barnegat twp,1533,2.50269584673379,1.07764486233029,9.6840788038768,0.53097737941368
bloomingdale boro,1601,0.482419287216863,0.182643101169202,1.24609169356525,0.749800598144531
clifton city,1602,0.360197849491607,0.207898862715631,1.61176367555997,0.429352303584929
haledon boro,1603,0.0420169020013524,0.0566623809437006,0.355084624516296,0.500877138671875
hawthorne boro,1604,0.147467555673916,0.160218266452866,0.584986733089103,0.555311614990234
little falls twp,1605,0.252592393768906,0.151676113364381,0.755803061441928,0.498491831752232
north haledon boro,1606,0.157736945838938,0.208457794302025,0.437666193228876,0.705862711588542
passaic city,1607,0.646682318133288,0.183918693093182,2.16411205653199,0.306464286295573
paterson city,1608,0.650361386877275,0.411942869924718,0.7103263591495,0.358473930664063
pompton lakes boro,1609,0.519613164409911,0.195153099792729,2.1690597887726,0.605180358886719
prospect park boro,1610,0.114039784060512,0.0670652002797295,0.23288735839699,0.512064306640625
ringwood boro,1611,0.486555976874086,0.53892035602539,3.64478665433104,0.75797199321546
totowa boro,1612,0.563948076056775,0.238768120905831,0.881213398782329,0.537805193536932
wanaque boro,1613,1.34779529468114,0.228999588819361,3.12387854125358,0.690537266474185
wayne twp,1614,1.24508354249631,0.527580799623511,2.92388299644218,0.654462997886783
west milford twp,1615,1.3693369413339,0.883360395441376,5.84145614758026,0.763580313621411
woodland park boro,1616,0.278864063707235,0.163108216285228,0.582498460337765,0.540522216796875
alloway twp,1701,1.03611347768399,0.862184606217075,3.9212541750824,0.680503450886587
elmer boro,1702,2.28005392505673,2.01945423087531,7.41783865483047,0.555153564453125
elsinboro twp,1703,2.59875049336108,0.493326607415518,5.67013444011389,0.568649569239761
lower alloways creek twp,1704,2.30111123804574,1.28351517676604,7.17662787359875,0.627090708067359
mannington twp,1705,1.64026681866411,0.537924743848659,3.35495525591665,0.609672018967461
oldmans twp,1706,1.66347100083592,0.474053801601552,3.41638645429413,0.587614544519945
penns grove boro,1707,6.35645905262116,0.179411246842727,11.4219236661522,0.173414288330078
pennsville twp,1708,7.24299250412994,0.411081562563284,12.7727207045119,0.593427913607084
pilesgrove twp,1709,0.830429601961336,0.133161128478264,2.40318346154859,0.623409309712956
pittsgrove twp,1710,1.36920958614837,1.19160212933403,6.37607510376918,0.650084188868857
quinton twp,1711,1.33111378486943,0.661499112192586,4.36224826717712,0.675012585255456
salem city,1712,5.27077728251943,0.272610051382862,11.2845120681061,0.5886125
carneys point twp,1713,3.76969805636141,0.439629698928113,7.13453383000404,0.587851746554904
upper pittsgrove twp,1714,0.87822959855373794,0.723568132911439,2.39952510527245,0.61151930072491
woodstown boro,1715,3.81897122048889,0.398735024247194,10.6895657139476,0.614921423339844
bedminster twp,1801,0.287163773188906,1.03434919554898,4.27036460677722,0.769617957221137
bernards twp,1802,0.56667976996115,1.07005158273898,5.43027717157096,0.772374834735577
bernardsville boro,1803,0.538734543247842,0.476859766370132,2.64174375977462,0.775237229225852
bound brook boro,1804,0.874779163614184,0.889552620232551,9.35266376278599,0.665032141113281
branchburg twp,1805,0.525410771987584,0.902776555652732,5.99979015850995,0.695266946231618
bridgewater twp,1806,0.598210544833854,1.51281904596222,6.65173573596988,0.683816483248197
far hills boro,1807,0.331869531310786,1.10167487718202,3.88424377304968,0.80087754952567
franklin twp,1808,0.789873591716303,0.617002173609118,6.1560902764741,0.669273477723169
green brook twp,1809,0.161344171435307,0.0447758001872164,2.02594624586111,0.709664932528409
hillsborough twp,1810,1.43683291492611,1.85129790376794,6.39158977040772,0.697563331109705
manville boro,1811,1.23178453107784,2.68529251102216,11.8631396901557,0.562112248883929
millstone boro,1812,0.833215837033523,0.974472091526676,3.78297406631497,0.742889282226562
montgomery twp,1813,1.73651736096879,1.25008775021184,5.10106864038663,0.703005214734024
north plainfield boro,1814,0.356973658049376,0.257996125272906,7.13123275940683,0.607909826660156
peapack-gladstone boro,1815,0.85495630691548,1.00844899408123,4.85826070394522,0.777532414362981
raritan boro,1816,0.24831022023365,1.53073672588053,5.49375078138388,0.56758142578125
rocky hill boro,1817,1.13634720108998,0.865726163936679,4.60982991028808,0.720164306640625
somerville boro,1818,0.226710573310642,2.26155469841533,9.86566846809697,0.515219641113281
south bound brook boro,1819,0.160051094625722,0.372593879061818,3.6329469279511,0.536110717773437
warren twp,1820,0.702145409098436,0.579820591251431,4.40153911545204,0.767935153377757
watchung boro,1821,0.216902225772679,0.137158670603383,1.70479067243641,0.725293879045759
andover boro,1901,0.181685191248445,0.17387032989966,1.44890200142241,0.772525
andover twp,1902,0.471187283671653,0.448309381038093,5.18449936743679,0.778329242519163
branchville boro,1903,0.0405045032124279,0.0740688255956879,0.386285353663974,0.69099287109375
byram twp,1904,1.05771349487286,0.594631843245372,7.5488095240226,0.773545200435451
frankford twp,1905,1.10694087427736,1.8217326667648,9.96354543688366,0.757102905005151
franklin boro,1906,0.124361112226247,0.186615957039417,7.19000954157699,0.731595454545455
fredon twp,1907,0.525897703342751,0.553825162051598,5.16170156612948,0.77259042137633
green twp,1908,0.70157454977687,0.82469788941488,5.61763012371187,0.768099478372713
hamburg boro,1909,0.496435588847491,0.073361384773583,5.32473920923788,0.737914282226563
hampton twp,1910,0.519538122203861,0.549188960650729,7.07884572543953,0.768334415690104
hardyston twp,1911,0.288874266609653,0.271876163355331,3.67238157699683,0.769695048384233
hopatcong boro,1912,0.937537686567468,1.26951364425816,10.6057145883609,0.71643755827873
lafayette twp,1913,0.343160858236543,0.643571958674185,4.32694671697692,0.749638253038194
montague twp,1914,1.52668563723458,1.16411456491002,10.1169402051519,0.78510816004136
newton town,1915,0.188855236919734,0.199109484471002,12.6959232611008,0.70528642578125
ogdensburg boro,1916,0.123655284643695,0.664104780759048,6.1267907687444,0.740057145182292
sandyston twp,1917,0.120533091174203,1.18867184335895,5.01804331326346,0.814612270951705
sparta twp,1918,0.910199955453366,0.539238951820506,6.99045475341428,0.743842638790246
stanhope boro,1919,0.256467780710562,0.166453968534614,3.89837924860615,0.735639290364583
stillwater twp,1920,0.968629997383955,1.06194756593484,6.44296885041661,0.772107240804036
sussex boro,1921,1.48421661140489,0.183844560905605,10.1814678569826,0.773289282226562
vernon twp,1922,1.92742317157557,1.90308821002979,17.3250649798666,0.79508105935086
walpack twp,1923,0.139848407274117,1.17982864956239,5.02627072599179,0.798935718491498
wantage twp,1924,0.967861434569116,0.809428075625653,7.46171363336857,0.768852720225941
berkeley heights twp,2001,0.165389052703287,0.0842915577403537,2.43516109682357,0.70081428527832
clark twp,2002,0.208990097133442,0.0917972976422702,2.36409243255754,0.588098699396307
cranford twp,2003,0.401045174900775,0.26995027228087,2.75140851372214,0.5091091796875
elizabeth city,2004,0.572069644761974,0.470759642395399,4.17370516831702,0.216299035108412
fanwood boro,2005,0.334067026434632,0.10948290911735,1.80535179874538,0.5926125
garwood boro,2006,0.144326989839871,0.019100684333425,1.17953172614904,0.55509287109375
hillside twp,2007,0.40718549713234,0.116233654526622,1.10807132306889,0.360551188151042
kenilworth boro,2008,0.212132310535749,0.040946654034455,0.890709310194616,0.431163098144531
linden city,2009,0.768773149016363,0.241281960263003,3.39345612125337,0.382327040754046
mountainside boro,2010,0.198304558382469,0.321520738523976,1.45928028896828,0.702029768880208
new providence boro,2011,0.594190411950016,0.155704973585071,2.95638198324571,0.642025717773438
plainfield city,2012,0.526683355901158,0.418233894685914,6.74943076990027,0.58669857421875
rahway city,2013,0.419276903879428,0.316430616738078,5.40291613812287,0.502127272727273
roselle boro,2014,0.844805266353807,0.229803008896392,2.88321358359682,0.512827553013393
roselle park boro,2015,0.881716117902282,0.174195038893398,2.96482898560271,0.495678564453125
scotch plains twp,2016,0.513906947098406,0.27395095692853,2.94576756122274,0.68694503014606
springfield twp,2017,0.427566643660205,0.22220815879599,1.95280198650125,0.556947246844952
summit city,2018,0.291947555709317,0.271395234324279,3.12532533534701,0.594688260323661
union twp,2019,0.725192386409154,0.24204927072466,2.36796396267574,0.452686057245164
westfield town,2020,0.433082865350287,0.289943923997037,4.08084665761134,0.606962698025174
winfield twp,2021,0.250874796940159,0.184389002457221,1.80918341444056,0.556398217773437
allamuchy twp,2101,0.154379087940274,0.21103723660532,6.90441653248528,0.752134656213831
alpha boro,2102,1.26368110809339,0.707926409486725,17.6004342947599,0.63841
belvidere town,2103,2.1240784396023,0.681587663226661,21.5485920841606,0.726659537760417
blairstown twp,2104,0.592702617747111,0.303593795629555,8.8409324423114,0.737265111678686
franklin twp,2105,0.550096916981341,0.934881992853945,8.78490022629647,0.763007618815104
frelinghuysen twp,2106,0.316583292118925,0.517046761427304,4.66423014597797,0.782273776095031
greenwich twp,2107,0.368039413504906,0.266154138112653,7.02504497007949,0.666021684919085
hackettstown town,2108,1.04159621636758,0.179771907853502,8.44558528655578,0.699330009765625
hardwick twp,2109,0.480761996594581,0.504307777757907,7.07724872403047,0.775203278958068
harmony twp,2110,0.176869579723438,1.14619815860543,10.0391987169006,0.758230568007172
hope twp,2111,0.627034020050366,0.542661156720454,4.85291768390762,0.747507450534986
independence twp,2112,0.572871706958877,0.429621210832061,5.38143614478633,0.761334772073998
knowlton twp,2113,0.861040613233568,0.743087060153542,6.70294729124597,0.75172805211164
liberty twp,2114,0.412270159674115,0.356374496932131,3.19437178336583,0.774763612365723
lopatcong twp,2115,0.18406521589949,0.186573442707162,5.59247726543454,0.685293569335937
mansfield twp,2116,0.654667658384072,0.540043870504535,5.47254751672492,0.762841447368421
oxford twp,2117,0.0774393139893626,0.698989634024444,8.22583159370191,0.736963805338542
phillipsburg town,2119,0.456596743836472,0.644220200249905,25.1145655703374,0.525549207899306
pohatcong twp,2120,0.509993583281303,0.395851226931193,5.01666054131642,0.702250816127232
washington boro,2121,1.40534045005106,0.0679914023773932,18.8048141862447,0.683653576660156
washington twp,2122,0.264452176732201,0.0541063603647976,3.86472179754972,0.742890965800383
white twp,2123,0.540370131768819,0.357411385749019,8.74879080198663,0.753630599398226
