SSNCode,Pop2018a,Male18,Fem18,a05,a59,a1014,a1519,a2024,a2534,a3544,a4554,a5559 ,a6064,a6574,a7584,a85,a1564,w18,wp18,b18,bp18,ai18,aip18,a18,ap18,o18,op18,his18,hisp18
101,8289,4031,4258,510,427,439,441,570,834,882,1088,637,610,1062,479,310,5062,6574,0.793,741,0.089,0,0,427,0.052,299,0.036,774,0.09
102,38372,19526,18846,2917,2679,2494,2031,2744,5603,4756,5150,2388,2377,3020,1722,491,25049,12003,0.313,13619,0.355,140,0.004,6493,0.169,4583,0.119,11877,0.31
103,8966,4235,4731,262,292,351,304,328,991,815,1183,942,949,1459,751,339,5512,8217,0.916,124,0.014,11,0.001,273,0.03,164,0.018,665,0.074
104,4422,2456,1966,323,264,340,239,193,680,590,556,301,157,413,327,39,2716,3275,0.741,282,0.064,7,0.002,140,0.032,605,0.137,1245,0.282
105,7366,3675,3691,476,352,423,563,398,1068,872,738,570,620,853,324,109,4829,5882,0.799,723,0.098,185,0.025,51,0.007,385,0.052,1138,0.154
106,457,219,238,24,27,25,31,23,48,55,87,51,31,42,9,4,326,436,0.954,1,0.002,0,0,6,0.013,0,0,7,0.015
108,43002,20110,22892,2901,2882,2942,3186,2034,4929,5085,6837,3470,2887,3753,1669,427,28428,29198,0.679,3640,0.085,85,0.002,5000,0.116,2911,0.068,7835,0.182
107,4153,2112,2041,376,349,263,298,225,740,410,606,153,175,396,50,112,2607,2174,0.523,958,0.231,29,0.007,303,0.073,527,0.127,1066,0.257
109,1752,897,855,103,70,72,90,200,193,149,399,122,164,137,37,16,1317,1677,0.957,24,0.014,0,0,8,0.005,16,0.009,88,0.05
110,1768,933,835,96,95,91,114,113,154,204,315,128,118,198,89,53,1146,1595,0.902,59,0.033,0,0,19,0.011,4,0.002,120,0.068
111,36437,17362,19075,1667,1765,1687,3127,3625,4223,3355,5350,2965,2418,3399,1985,871,25063,25709,0.706,4253,0.117,84,0.002,3566,0.098,1559,0.043,4221,0.116
112,26218,13157,13061,1244,1586,2112,1400,1829,3272,3684,3960,2001,1653,2201,1038,238,17799,16910,0.645,3758,0.143,339,0.013,2334,0.089,1523,0.058,3916,0.149
113,14284,6992,7292,429,942,1282,1035,763,1479,1841,2179,976,745,1229,921,463,9018,11725,0.821,445,0.031,8,0.001,146,0.01,1384,0.097,3057,0.214
114,6826,3221,3605,365,460,398,367,378,534,685,1150,566,484,715,435,289,4164,6179,0.905,104,0.015,3,0,301,0.044,58,0.008,405,0.059
115,828,376,452,19,31,21,20,17,24,44,94,120,82,187,111,58,401,805,0.972,5,0.006,2,0.002,7,0.008,0,0,7,0.008
116,6076,2923,3153,172,146,205,86,291,560,331,638,632,646,1334,772,263,3184,5687,0.936,118,0.019,18,0.003,98,0.016,29,0.005,152,0.025
117,5987,2925,3062,268,318,359,367,517,503,678,1057,578,333,568,351,90,4033,5278,0.882,334,0.056,0,0,20,0.003,133,0.022,540,0.09
118,8344,3771,4573,299,401,865,594,415,645,1149,1364,574,676,786,390,186,5417,7416,0.889,146,0.017,3,0,478,0.057,128,0.015,711,0.085
119,20374,9650,10724,1467,1336,1310,1590,1626,3031,2665,2475,1484,965,1397,652,376,13836,8257,0.405,8741,0.429,55,0.003,369,0.018,1955,0.096,8860,0.435
120,1178,602,576,44,43,52,68,53,169,149,177,108,56,156,35,68,780,1144,0.971,12,0.01,0,0,11,0.009,0,0,5,0.004
121,10460,4787,5673,589,503,655,594,894,1157,1026,1359,1023,776,1172,495,217,6829,8185,0.783,1528,0.146,0,0,487,0.047,113,0.011,1016,0.097
122,10232,4851,5381,606,442,403,550,799,844,968,1378,1103,742,1211,864,322,6384,8307,0.812,446,0.044,0,0,980,0.096,185,0.018,2368,0.231
123,2748,1215,1533,111,213,73,167,106,168,254,272,245,215,515,367,42,1427,2281,0.83,258,0.094,0,0,50,0.018,6,0.002,56,0.02
201,6762,3004,3758,289,658,632,521,306,372,694,1299,629,453,500,182,227,4274,5807,0.859,84,0.012,0,0,714,0.106,0,0,131,0.019
202,1513,709,804,95,83,107,81,56,100,130,214,127,105,278,108,29,813,884,0.584,118,0.078,0,0,464,0.307,20,0.013,121,0.08
203,27372,13053,14319,1507,1850,1644,1777,1950,3225,3683,3489,2365,1802,2288,1060,732,18291,14479,0.529,1897,0.069,109,0.004,7451,0.272,2795,0.102,7863,0.287
204,8362,3949,4413,490,427,426,435,766,1169,1083,1264,514,743,705,262,78,5974,5773,0.69,925,0.111,0,0,674,0.081,698,0.083,3520,0.421
205,6191,3029,3162,338,231,309,477,299,986,923,827,431,290,600,354,126,4233,5368,0.867,41,0.007,0,0,556,0.09,55,0.009,1490,0.241
206,24883,11685,13198,1216,1227,724,1063,1308,3658,3278,3501,1525,1981,2971,1667,764,16314,16721,0.672,849,0.034,13,0.001,4030,0.162,2372,0.095,7917,0.318
207,8585,4327,4258,446,493,646,656,454,611,980,1565,837,579,739,366,213,5682,5058,0.589,140,0.016,0,0,3294,0.384,11,0.001,343,0.04
208,8730,4237,4493,514,776,548,658,342,635,1174,1286,839,548,889,331,190,5482,5775,0.662,32,0.004,0,0,2789,0.319,38,0.004,580,0.066
209,4959,2419,2540,218,355,481,478,160,167,691,839,438,357,503,187,85,3130,3239,0.653,0,0,0,0,1606,0.324,43,0.009,345,0.07
210,17694,8570,9124,914,717,1268,1056,1046,2207,2026,2453,1719,1105,1507,1032,644,11612,12951,0.732,928,0.052,22,0.001,2910,0.164,556,0.031,3303,0.187
212,9466,4620,4846,562,305,570,502,393,2008,1360,1239,518,457,914,380,258,6477,6560,0.693,603,0.064,51,0.005,1579,0.167,416,0.044,2217,0.234
213,12184,5704,6480,1075,561,479,282,546,2362,2444,1624,612,644,748,418,389,8514,6706,0.55,563,0.046,11,0.001,4272,0.351,254,0.021,1686,0.138
211,20112,9622,10490,1158,1299,1141,1292,1289,2654,2983,2740,1236,1275,1885,858,302,13469,14790,0.735,1517,0.075,32,0.002,1750,0.087,1241,0.062,5326,0.265
214,7611,3479,4132,441,482,354,773,282,517,879,1534,453,474,494,608,320,4912,6396,0.84,43,0.006,0,0,797,0.105,24,0.003,1439,0.189
215,28332,13549,14783,1571,1960,1513,1452,1556,3668,3864,4485,2128,1625,2489,1530,491,18778,14907,0.526,8324,0.294,122,0.004,2369,0.084,1547,0.055,7758,0.274
216,5356,2642,2714,218,389,466,247,99,336,691,714,471,383,672,486,184,2941,2818,0.526,77,0.014,11,0.002,2249,0.42,0,0,406,0.076
217,33081,15736,17345,1556,2339,2177,2086,1913,3189,4355,5150,2574,2306,2812,1592,1032,21573,27421,0.829,622,0.019,32,0.001,4126,0.125,296,0.009,4561,0.138
218,14269,6766,7503,1067,458,633,667,956,2727,2081,1985,990,634,916,822,333,10040,10770,0.755,558,0.039,71,0.005,809,0.057,1676,0.117,8785,0.616
219,36990,17391,19599,1988,1960,1282,1652,1295,4250,5488,5038,2440,2476,4511,3013,1597,22639,18431,0.498,927,0.025,90,0.002,15722,0.425,795,0.021,5306,0.143
220,10883,5433,5450,380,701,792,797,531,770,1096,1861,887,797,1277,667,327,6739,9249,0.85,260,0.024,4,0,939,0.086,230,0.021,901,0.083
221,31578,15093,16485,2062,1943,1995,2068,1951,5055,4644,4361,2162,1806,2078,885,568,22047,26268,0.832,1338,0.042,35,0.001,861,0.027,1982,0.063,11537,0.365
222,11826,5954,5872,903,1087,1048,755,536,703,1656,1967,822,735,761,448,405,7174,9970,0.843,166,0.014,52,0.004,1152,0.097,28,0.002,854,0.072
223,44381,21460,22921,3136,2024,1661,1726,3023,8538,6795,5855,2774,2548,3791,1618,892,31259,21444,0.483,11114,0.25,114,0.003,4809,0.108,5334,0.12,16907,0.381
224,4761,2282,2479,295,302,467,270,233,408,502,616,510,330,461,241,126,2869,3658,0.768,32,0.007,0,0,918,0.193,55,0.012,300,0.063
225,12091,5998,6093,449,560,907,917,846,1087,1645,1943,920,746,1074,725,272,8104,8944,0.74,706,0.058,34,0.003,1920,0.159,360,0.03,1686,0.139
226,3418,1716,1702,110,242,270,332,137,196,357,589,279,282,352,201,71,2172,2763,0.808,45,0.013,0,0,556,0.163,0,0,120,0.035
227,10395,5009,5386,462,740,735,809,568,742,1245,1821,770,799,1037,364,303,6754,8908,0.857,299,0.029,21,0.002,885,0.085,92,0.009,739,0.071
228,4101,1870,2231,300,232,524,206,123,251,536,604,354,306,403,171,91,2380,3703,0.903,12,0.003,0,0,299,0.073,42,0.01,402,0.098
229,9111,4420,4691,400,523,603,597,684,626,1423,1222,802,634,668,650,279,5988,4629,0.508,284,0.031,4,0,3657,0.401,114,0.013,1599,0.176
230,10827,5233,5594,583,317,551,534,752,1748,1596,1625,772,836,819,440,254,7863,6933,0.64,257,0.024,0,0,2780,0.257,532,0.049,3217,0.297
231,24498,11968,12530,1381,1162,1377,1487,1887,4026,3495,3256,1602,1389,1855,1222,359,17142,18289,0.747,1827,0.075,24,0.001,2529,0.103,1218,0.05,8891,0.363
232,22030,11449,10581,974,1163,1203,1182,1334,3018,3000,3518,1659,1460,1807,1207,505,15171,18630,0.846,456,0.021,25,0.001,1536,0.07,904,0.041,4884,0.222
233,26325,12125,14200,1260,1357,1602,2335,2490,2404,2971,3761,1994,1647,2417,1571,516,17602,21289,0.809,766,0.029,45,0.002,3474,0.132,500,0.019,2723,0.103
234,9654,4408,5246,439,515,511,676,591,1116,1198,1587,759,521,941,525,275,6448,7070,0.732,406,0.042,109,0.011,1409,0.146,303,0.031,2219,0.23
235,7263,3610,3653,528,351,612,360,416,693,995,1347,283,445,690,312,231,4539,6851,0.943,90,0.012,0,0,125,0.017,113,0.016,994,0.137
236,8438,3873,4565,414,509,722,610,473,685,877,1677,542,380,822,532,195,5244,6542,0.775,272,0.032,0,0,1222,0.145,282,0.033,1077,0.128
237,2739,1320,1419,326,81,159,106,85,358,339,368,162,180,365,204,6,1598,1990,0.727,30,0.011,0,0,197,0.072,321,0.117,849,0.31
238,16578,8231,8347,1142,884,748,900,1131,2110,2119,2170,1135,1550,1429,829,431,11115,11515,0.695,566,0.034,55,0.003,3219,0.194,786,0.047,3013,0.182
239,15724,7851,7873,663,952,830,840,961,2077,2212,2094,1336,926,1593,842,398,10446,12731,0.81,415,0.026,0,0,1075,0.068,1159,0.074,4449,0.283
240,4854,2521,2333,262,250,399,201,225,417,682,842,389,406,513,159,109,3162,3383,0.697,73,0.015,3,0.001,1319,0.272,8,0.002,555,0.114
241,5819,2617,3202,166,464,327,334,275,445,566,1049,571,402,533,369,318,3642,4014,0.69,32,0.005,51,0.009,1579,0.271,103,0.018,320,0.055
242,13009,6225,6784,678,743,1097,1040,706,846,1661,2295,1151,813,1106,517,356,8512,11741,0.903,256,0.02,3,0,832,0.064,0,0,820,0.063
243,5923,2963,2960,337,298,463,383,240,476,610,987,496,459,745,313,116,3651,4318,0.729,80,0.014,0,0,1255,0.212,10,0.002,257,0.043
244,8134,4080,4054,323,530,795,534,369,586,910,1331,810,491,839,337,279,5031,6486,0.797,130,0.016,0,0,1113,0.137,81,0.01,398,0.049
245,20554,10640,9914,818,1197,767,841,1393,3632,3539,2627,1808,1046,1707,793,386,14886,5911,0.288,216,0.011,75,0.004,12192,0.593,1815,0.088,4142,0.202
246,26613,12989,13624,1043,1347,1601,1794,1448,2344,3082,3882,1852,1998,2818,1986,1418,16400,17809,0.669,801,0.03,28,0.001,7298,0.274,293,0.011,2558,0.096
247,8804,4533,4271,426,334,661,705,474,811,941,1403,496,746,845,580,382,5576,7995,0.908,100,0.011,6,0.001,352,0.04,163,0.019,1359,0.154
248,14963,7385,7578,685,1146,1006,1149,671,784,1789,3107,1295,872,1649,645,165,9667,13497,0.902,74,0.005,0,0,1251,0.084,19,0.001,768,0.051
249,11248,5691,5557,421,506,751,816,815,1439,1380,1939,809,817,895,378,282,8015,6956,0.618,134,0.012,42,0.004,3379,0.3,404,0.036,3374,0.3
250,12934,6373,6561,516,898,779,730,898,2005,1885,1587,943,1012,980,470,231,9060,9636,0.745,822,0.064,25,0.002,1531,0.118,624,0.048,5618,0.434
251,25269,12022,13247,1323,2159,2661,2113,852,1535,3338,4492,1985,1308,2039,994,470,15623,20089,0.795,475,0.019,38,0.002,3708,0.147,108,0.004,1974,0.078
252,11530,5612,5918,692,803,656,945,651,1146,1631,2084,913,477,808,563,161,7847,8060,0.699,243,0.021,35,0.003,2530,0.219,432,0.037,1366,0.118
253,9976,5058,4918,473,747,825,586,510,618,1024,1712,918,736,956,582,289,6104,8950,0.897,55,0.006,61,0.006,614,0.062,2,0,329,0.033
254,5613,2625,2988,232,297,172,328,450,766,506,1051,260,278,524,356,393,3639,4438,0.791,130,0.023,11,0.002,733,0.131,228,0.041,1280,0.228
255,558,229,329,5,11,41,47,0,21,23,61,19,23,65,132,110,194,485,0.869,21,0.038,10,0.018,32,0.057,1,0.002,54,0.097
256,18427,8642,9785,932,1185,1026,1124,1038,2159,3055,2941,1470,1008,1450,636,403,12795,14153,0.768,383,0.021,41,0.002,3000,0.163,182,0.01,3212,0.174
257,13918,7001,6917,687,698,664,725,597,2331,1406,1995,1235,1080,1251,870,379,9369,11848,0.851,573,0.041,16,0.001,1143,0.082,188,0.014,2275,0.163
258,3212,1547,1665,95,86,216,190,158,138,177,479,330,328,410,336,269,1800,2207,0.687,146,0.045,0,0,697,0.217,56,0.017,169,0.053
259,2699,1418,1281,187,114,138,206,200,322,422,401,197,130,172,134,76,1878,2271,0.841,73,0.027,0,0,38,0.014,223,0.083,1358,0.503
260,40543,20043,20500,2399,2637,2677,3462,2877,4248,5080,5495,2495,2545,3887,1627,1114,26202,23007,0.567,10762,0.265,137,0.003,3363,0.083,2239,0.055,7643,0.189
261,14687,7200,7487,624,1400,1746,1251,781,544,1815,3062,813,698,1038,586,329,8964,9540,0.65,463,0.032,0,0,4031,0.274,307,0.021,1387,0.094
262,107,48,59,4,15,6,7,6,14,16,12,7,9,2,9,0,71,103,0.963,4,0.037,0,0,0,0,0,0,32,0.299
263,8242,4173,4069,407,704,735,680,554,673,735,1364,737,544,605,448,56,5287,6300,0.764,321,0.039,0,0,1064,0.129,63,0.008,1040,0.126
264,9948,4942,5006,641,663,722,569,514,1090,1124,1510,913,494,963,468,277,6214,8818,0.886,140,0.014,0,0,717,0.072,81,0.008,1005,0.101
265,11580,5541,6039,516,543,544,681,482,1986,1734,1559,1002,791,989,476,277,8235,10115,0.873,468,0.04,8,0.001,838,0.072,88,0.008,1559,0.135
266,9243,4602,4641,562,558,592,487,581,710,995,1497,650,642,1049,597,323,5562,8486,0.918,42,0.005,8,0.001,533,0.058,109,0.012,1028,0.111
267,11145,5325,5820,444,877,893,385,614,1451,1407,1556,734,662,1051,752,319,6809,9142,0.82,333,0.03,4,0,975,0.087,458,0.041,2303,0.207
268,5816,2711,3105,238,361,404,510,361,252,609,1090,609,382,559,276,165,3813,5176,0.89,185,0.032,7,0.001,392,0.067,0,0,47,0.008
269,8511,4054,4457,556,412,362,462,763,997,1365,982,781,597,708,293,233,5947,6673,0.784,264,0.031,0,0,1012,0.119,212,0.025,1142,0.134
270,17047,8180,8867,820,1232,1320,1398,982,800,2050,2598,1386,1147,1670,988,656,10361,15835,0.929,109,0.006,0,0,893,0.052,19,0.001,699,0.041
301,1499,826,673,48,65,132,95,111,146,190,246,162,117,109,52,26,1067,1362,0.909,12,0.008,0,0,12,0.008,0,0,103,0.069
302,2348,1023,1325,181,147,124,98,123,226,279,431,216,223,156,96,48,1596,1405,0.598,463,0.197,0,0,13,0.006,161,0.069,284,0.121
303,3840,1771,2069,148,269,63,289,205,709,543,435,305,217,314,191,152,2703,3083,0.803,471,0.123,5,0.001,179,0.047,41,0.011,132,0.034
304,11917,5712,6205,620,895,452,825,646,1333,1520,1985,895,1057,1027,444,218,8261,9118,0.765,1065,0.089,0,0,1199,0.101,230,0.019,937,0.079
305,9814,4707,5107,701,575,571,547,617,1015,1262,1397,802,717,905,469,236,6357,5234,0.533,3261,0.332,13,0.001,328,0.033,173,0.018,984,0.1
306,22587,10918,11669,1180,1564,1549,1653,1674,2374,2506,4224,1667,1111,1622,867,596,15209,12277,0.544,6711,0.297,25,0.001,1708,0.076,583,0.026,2467,0.109
307,7516,4572,2944,539,445,483,549,930,1348,1086,881,432,225,392,150,56,5451,4733,0.63,1398,0.186,0,0,982,0.131,230,0.031,837,0.111
308,16493,8207,8286,845,792,875,1135,1030,1819,1913,2681,1295,997,1627,918,566,10870,14893,0.903,803,0.049,3,0,239,0.014,307,0.019,1047,0.063
309,4485,2064,2421,198,156,272,172,181,594,588,627,422,338,537,317,83,2922,3529,0.787,667,0.149,0,0,17,0.004,78,0.017,157,0.035
310,16631,7713,8918,937,1124,901,1014,1250,2498,2075,2514,1296,885,1254,622,261,11532,13795,0.829,1569,0.094,0,0,804,0.048,154,0.009,299,0.018
311,5954,2765,3189,485,482,297,392,408,779,773,893,464,436,359,93,93,4145,3673,0.617,1221,0.205,41,0.007,412,0.069,210,0.035,569,0.096
312,8731,3926,4805,320,409,625,716,290,1378,930,1647,573,345,922,460,116,5879,5479,0.628,2412,0.276,0,0,155,0.018,428,0.049,1435,0.164
313,45193,21970,23223,2435,2130,3119,2681,2575,5787,5265,7332,3489,2919,3895,2211,1355,30048,38545,0.853,2435,0.054,0,0,2687,0.059,566,0.013,1898,0.042
314,906,502,404,15,82,71,57,105,164,135,84,93,28,27,32,13,666,526,0.581,57,0.063,0,0,62,0.068,126,0.139,147,0.162
315,12589,5839,6750,626,1002,579,688,747,1542,1662,1802,917,915,1291,603,215,8273,9657,0.767,1521,0.121,0,0,699,0.056,208,0.017,823,0.065
316,6048,3029,3019,161,433,483,392,364,513,729,933,813,274,531,323,99,4018,4892,0.809,598,0.099,0,0,372,0.062,0,0,191,0.032
317,12287,5912,6375,593,688,1029,747,778,1273,1471,1974,1132,796,977,594,235,8171,8302,0.676,2197,0.179,7,0.001,776,0.063,228,0.019,752,0.061
318,8538,4199,4339,222,333,458,368,512,831,672,1454,629,526,1072,963,498,4992,6508,0.762,740,0.087,0,0,1082,0.127,26,0.003,247,0.029
319,18729,8966,9763,1141,855,928,894,1219,3550,2247,2361,1417,1099,1594,972,452,12787,14150,0.756,1910,0.102,0,0,1330,0.071,925,0.049,2009,0.107
320,23293,11507,11786,1040,1191,2089,1524,943,1749,2747,3729,1844,1746,2903,1050,738,14282,21648,0.929,350,0.015,6,0,523,0.022,271,0.012,847,0.036
321,4031,1885,2146,111,160,407,365,247,261,416,752,407,205,429,208,63,2653,3938,0.977,31,0.008,0,0,18,0.004,0,0,104,0.026
322,20436,9859,10577,580,1517,1772,1631,1099,1376,2557,3262,1987,1153,1688,1257,557,13065,17433,0.853,1080,0.053,3,0,1353,0.066,140,0.007,522,0.026
323,9573,5180,4393,418,564,592,528,624,1432,1558,1191,780,686,745,356,99,6799,6409,0.669,2175,0.227,0,0,171,0.018,379,0.04,1549,0.162
324,41518,19626,21892,2329,2288,2249,2450,2016,4863,5400,6451,3049,2836,4199,2364,1024,27065,31752,0.765,4099,0.099,84,0.002,3953,0.095,378,0.009,2074,0.05
325,7366,6364,1002,213,145,133,348,1012,1740,1778,976,506,210,239,66,0,6570,3770,0.512,2489,0.338,41,0.006,197,0.027,408,0.055,1630,0.221
326,7540,4003,3537,844,704,629,375,582,1475,1123,688,217,325,226,314,38,4785,5544,0.735,809,0.107,31,0.004,161,0.021,344,0.046,1416,0.188
327,7223,3524,3699,318,432,394,300,497,1068,826,1153,579,538,769,256,93,4961,5124,0.709,1267,0.175,0,0,212,0.029,497,0.069,698,0.097
328,1416,623,793,102,81,66,40,96,195,128,195,122,112,193,72,14,888,975,0.689,225,0.159,2,0.001,44,0.031,81,0.057,307,0.217
329,27327,13522,13805,1589,2031,1681,1672,2477,3798,3388,3434,1767,1679,2157,1349,305,18215,17139,0.627,5918,0.217,40,0.001,696,0.025,815,0.03,3257,0.119
330,7884,4139,3745,437,429,484,449,609,1174,1118,1240,488,400,531,309,216,5478,6133,0.778,831,0.105,30,0.004,142,0.018,693,0.088,1054,0.134
331,2704,1309,1395,155,153,168,150,136,382,231,492,211,164,292,83,87,1766,2443,0.903,130,0.048,2,0.001,10,0.004,34,0.013,133,0.049
332,6415,3071,3344,519,538,523,320,419,739,563,931,712,424,483,139,105,4108,5900,0.92,100,0.016,0,0,33,0.005,10,0.002,367,0.057
333,10201,4906,5295,379,272,471,462,508,639,905,1232,877,850,2027,1112,467,5473,9410,0.922,378,0.037,0,0,50,0.005,154,0.015,478,0.047
334,3298,1681,1617,228,233,246,222,190,245,354,614,319,195,197,205,50,2139,3036,0.921,135,0.041,0,0,29,0.009,29,0.009,315,0.096
335,6868,3609,3259,402,395,474,411,373,456,880,1078,642,530,934,202,91,4370,6630,0.965,39,0.006,0,0,53,0.008,3,0,62,0.009
336,763,416,347,16,33,29,59,58,97,72,117,81,68,65,52,16,552,673,0.882,15,0.02,0,0,3,0.004,71,0.093,116,0.152
337,8703,3930,4773,256,719,665,554,406,1111,1199,1476,872,439,704,189,113,6057,5031,0.578,2116,0.243,0,0,406,0.047,272,0.031,1084,0.125
338,31545,14568,16977,1812,1565,1787,2129,2505,3701,3746,4211,2508,2014,3108,1827,632,20814,6316,0.2,22531,0.714,12,0,442,0.014,741,0.023,3474,0.11
339,1499,855,644,46,80,110,122,66,155,133,251,191,106,154,49,36,1024,1356,0.905,30,0.02,0,0,8,0.005,20,0.013,92,0.061
340,659,336,323,39,33,42,58,57,52,107,126,49,36,32,26,2,485,337,0.511,172,0.261,0,0,60,0.091,44,0.067,129,0.196
401,8660,4165,4495,339,334,538,512,651,1150,1029,1562,796,333,882,396,138,6033,8188,0.945,339,0.039,0,0,14,0.002,45,0.005,137,0.016
402,912,365,547,26,8,29,32,40,135,59,189,74,75,165,67,13,604,906,0.993,0,0,0,0,0,0,0,0,9,0.01
403,6741,3297,3444,602,220,324,231,300,1258,859,879,611,440,579,354,84,4578,6255,0.928,139,0.021,24,0.004,105,0.016,52,0.008,254,0.038
404,11415,5778,5637,607,766,572,785,488,1442,1661,1434,777,773,1138,729,243,7360,8916,0.781,227,0.02,32,0.003,1242,0.109,756,0.066,1371,0.12
405,7547,3544,4003,343,345,500,656,448,930,798,1318,449,358,701,381,320,4957,6592,0.873,306,0.041,0,0,199,0.026,221,0.029,412,0.055
406,5487,2686,2801,376,187,235,336,240,819,646,743,469,366,701,251,118,3619,4291,0.782,540,0.098,0,0,258,0.047,297,0.054,422,0.077
407,2023,969,1054,102,133,82,170,151,309,241,447,121,91,117,42,17,1530,1672,0.826,116,0.057,0,0,48,0.024,144,0.071,139,0.069
408,74608,35719,38889,6617,6615,6455,5353,5939,11533,9637,7873,4300,3308,4372,1916,690,47943,16335,0.219,31620,0.424,499,0.007,1928,0.026,21242,0.285,37498,0.503
409,70859,34675,36184,3738,3753,4573,4782,3681,8099,8717,10091,5369,4798,6408,4695,2155,45537,52241,0.737,4890,0.069,71,0.001,9616,0.136,2089,0.029,4971,0.07
410,1499,761,738,71,34,50,76,91,109,167,255,129,111,220,161,25,938,703,0.469,585,0.39,34,0.023,7,0.005,42,0.028,182,0.121
411,4911,2358,2553,220,404,401,286,459,630,651,580,274,404,390,175,37,3284,2839,0.578,1497,0.305,9,0.002,72,0.015,341,0.069,915,0.186
412,13912,6846,7066,703,880,750,497,742,2343,2006,1840,861,938,1482,532,338,9227,11414,0.82,1663,0.12,0,0,283,0.02,241,0.017,928,0.067
413,2223,1080,1143,70,148,143,199,144,188,257,340,163,161,232,133,45,1452,1997,0.898,37,0.017,0,0,28,0.013,106,0.048,156,0.07
414,63700,31406,32294,3170,3967,3937,3850,4718,9005,7693,8508,5269,4218,5642,2611,1112,43261,46316,0.727,10979,0.172,24,0,2407,0.038,1895,0.03,4664,0.073
415,11246,5106,6140,964,662,976,732,574,1737,1723,1158,676,807,660,383,194,7407,8810,0.783,484,0.043,17,0.002,525,0.047,1255,0.112,1370,0.122
418,14521,6810,7711,812,699,827,804,838,1992,1693,2268,1098,680,1455,839,516,9373,13610,0.937,161,0.011,0,0,281,0.019,325,0.022,721,0.05
416,11369,5667,5702,668,904,1057,652,324,864,1595,1851,882,621,1097,571,283,6789,10772,0.947,73,0.006,0,0,272,0.024,34,0.003,440,0.039
417,7491,3506,3985,458,522,363,347,317,861,980,1062,601,466,777,462,275,4634,7071,0.944,88,0.012,0,0,106,0.014,123,0.016,205,0.027
419,959,453,506,98,29,44,48,101,217,105,140,55,27,65,14,16,693,689,0.718,97,0.101,0,0,46,0.048,57,0.059,124,0.129
420,1907,939,968,102,123,81,135,128,254,236,333,120,102,164,85,44,1308,1787,0.937,23,0.012,0,0,47,0.025,0,0,67,0.035
421,2897,1265,1632,174,129,141,129,221,299,247,584,140,134,293,311,95,1754,162,0.056,2470,0.853,0,0,26,0.009,53,0.018,121,0.042
422,17354,7990,9364,1504,1090,941,807,1197,2845,2156,2313,1058,1040,1531,608,264,11416,7010,0.404,6375,0.367,0,0,240,0.014,3061,0.176,4210,0.243
423,4289,2168,2121,270,182,216,295,318,702,611,625,253,274,287,215,41,3078,2824,0.658,832,0.194,6,0.001,122,0.028,238,0.055,477,0.111
424,3726,1916,1810,341,203,173,264,178,375,525,562,253,206,353,247,46,2363,2353,0.632,693,0.186,0,0,172,0.046,488,0.131,781,0.21
425,4607,2105,2502,263,233,210,281,330,843,496,565,387,354,356,176,113,3256,4266,0.926,233,0.051,49,0.011,22,0.005,9,0.002,82,0.018
426,3954,1982,1972,220,171,194,220,139,737,500,615,397,272,354,61,74,2880,3516,0.889,159,0.04,8,0.002,100,0.025,35,0.009,171,0.043
427,35638,16805,18833,2314,2184,2137,2594,2106,4585,4783,5132,2599,2282,3011,1446,465,24081,16532,0.464,9088,0.255,137,0.004,2376,0.067,6387,0.179,12144,0.341
428,10443,4749,5694,687,508,601,774,736,1485,1340,1776,700,680,628,447,81,7491,6728,0.644,2541,0.243,0,0,302,0.029,392,0.038,1101,0.105
429,4,2,2,0,0,0,0,0,0,0,0,0,0,4,0,0,0,4,1,0,0,0,0,0,0,0,0,0,0
430,8328,3932,4396,568,610,463,367,521,1322,1113,1085,498,572,643,414,152,5478,6812,0.818,685,0.082,19,0.002,327,0.039,357,0.043,914,0.11
431,5407,2604,2803,222,272,164,234,387,807,770,979,424,266,526,222,134,3867,3317,0.613,1394,0.258,0,0,191,0.035,313,0.058,625,0.116
432,6967,3326,3641,289,456,440,363,569,833,800,1141,591,485,593,324,83,4782,5631,0.808,682,0.098,0,0,372,0.053,163,0.023,402,0.058
433,3,1,2,0,0,0,0,0,0,0,0,0,0,3,0,0,0,3,1,0,0,0,0,0,0,0,0,0,0
434,29217,13959,15258,1358,1701,1882,1602,1558,3239,3455,4184,1989,2313,3086,1720,1130,18340,19438,0.665,2947,0.101,125,0.004,5643,0.193,299,0.01,1240,0.042
435,10705,5585,5120,534,706,621,514,565,1769,1012,1592,963,737,1187,330,175,7152,9394,0.878,508,0.047,0,0,122,0.011,383,0.036,615,0.057
436,38923,19032,19891,2143,2813,2433,2461,2464,5281,5010,6181,3039,2236,3155,1194,513,26672,20708,0.532,14524,0.373,118,0.003,1235,0.032,793,0.02,3825,0.098
437,2915,1517,1398,273,256,341,222,248,362,481,303,129,103,97,85,15,1848,728,0.25,901,0.309,0,0,311,0.107,859,0.295,1364,0.468
501,1409,673,736,26,22,24,31,38,53,110,91,119,175,393,220,107,617,1404,0.996,2,0.001,0,0,3,0.002,0,0,20,0.014
502,3491,1903,1588,194,82,124,316,486,532,151,169,156,259,462,357,203,2069,3227,0.924,86,0.025,10,0.003,3,0.001,119,0.034,611,0.175
503,188,80,108,0,0,0,5,2,0,4,8,10,37,68,37,17,66,188,1,0,0,0,0,0,0,0,0,0,0
504,6244,3194,3050,289,384,415,292,320,688,596,877,516,627,743,351,146,3916,6137,0.983,20,0.003,0,0,48,0.008,13,0.002,401,0.064
505,21838,10709,11129,971,1040,903,1178,1109,2451,2460,2954,1633,2104,2885,1576,574,13889,20722,0.949,356,0.016,0,0,121,0.006,261,0.012,1400,0.064
506,18492,8982,9510,1136,1117,1121,910,997,2591,1855,2217,1359,1257,2109,1179,644,11186,15265,0.825,2339,0.126,0,0,224,0.012,254,0.014,1768,0.096
507,3849,1702,2147,26,102,162,195,148,264,117,667,278,372,827,555,136,2041,3686,0.958,109,0.028,0,0,0,0,19,0.005,95,0.025
508,11202,5173,6029,548,394,624,560,469,811,875,1357,945,1076,1863,998,682,6093,10147,0.906,354,0.032,4,0,197,0.018,238,0.021,822,0.073
509,1955,929,1026,26,46,54,74,74,49,89,195,200,258,581,236,73,939,1939,0.992,0,0,0,0,15,0.008,1,0.001,15,0.008
510,955,457,498,2,0,36,51,69,44,15,109,68,155,224,135,47,511,948,0.993,1,0.001,0,0,6,0.006,0,0,6,0.006
511,11909,5852,6057,545,679,803,748,788,1083,1390,1763,731,1247,1419,571,142,7750,11700,0.982,43,0.004,0,0,77,0.006,18,0.002,149,0.013
512,1103,556,547,61,65,46,74,51,134,36,157,77,79,189,86,48,608,958,0.869,61,0.055,0,0,11,0.01,3,0.003,167,0.151
513,376,201,175,15,20,2,8,3,34,35,51,23,35,96,51,3,189,365,0.971,3,0.008,0,0,0,0,0,0,2,0.005
514,5073,2461,2612,302,194,232,272,399,493,452,978,352,409,626,289,75,3355,4182,0.824,413,0.081,0,0,186,0.037,188,0.037,608,0.12
515,3131,1558,1573,61,113,92,175,183,105,314,368,201,386,717,348,68,1732,3115,0.995,0,0,0,0,0,0,0,0,219,0.07
516,2490,1399,1091,179,155,114,85,173,301,235,355,309,168,250,124,42,1626,1548,0.622,571,0.229,12,0.005,19,0.008,150,0.06,705,0.283
601,24841,13866,10975,2160,2547,1991,1585,1782,4813,3813,2451,1120,867,928,538,246,16431,12714,0.512,7687,0.309,256,0.01,93,0.004,3499,0.141,12671,0.51
602,5026,2360,2666,347,280,379,300,195,583,707,659,399,381,510,171,115,3224,4301,0.856,358,0.071,36,0.007,64,0.013,53,0.011,353,0.07
603,3069,1547,1522,165,101,240,176,167,433,299,442,242,210,377,184,33,1969,2266,0.738,593,0.193,45,0.015,34,0.011,67,0.022,261,0.085
604,1177,588,589,71,37,85,87,33,109,149,163,88,117,121,88,29,746,1103,0.937,26,0.022,0,0,6,0.005,25,0.021,24,0.02
605,6158,3423,2735,358,271,288,376,386,1044,909,901,368,345,574,243,95,4329,2336,0.379,2974,0.483,314,0.051,17,0.003,220,0.036,894,0.145
606,613,265,348,47,23,38,32,42,40,74,74,28,76,77,45,17,366,522,0.852,40,0.065,4,0.007,20,0.033,0,0,35,0.057
607,4432,2290,2142,92,295,231,384,182,420,580,576,347,300,552,293,180,2789,3624,0.818,358,0.081,71,0.016,97,0.022,115,0.026,342,0.077
608,3178,1553,1625,274,210,189,226,232,447,353,406,189,272,218,127,35,2125,2352,0.74,479,0.151,56,0.018,0,0,219,0.069,525,0.165
609,7704,6431,1273,54,126,136,158,219,2154,1931,1585,459,231,377,228,46,6737,3619,0.47,2850,0.37,35,0.005,164,0.021,806,0.105,1118,0.145
610,27950,13983,13967,1290,2099,2252,1718,1636,3390,3304,3915,2281,1650,2247,1487,681,17894,20858,0.746,5147,0.184,66,0.002,576,0.021,434,0.016,4741,0.17
611,374,154,220,28,13,21,26,10,55,51,54,28,22,21,45,0,246,353,0.944,0,0,13,0.035,2,0.005,0,0,2,0.005
612,1048,504,544,44,43,61,42,50,106,125,162,85,100,147,58,25,670,964,0.92,50,0.048,11,0.01,2,0.002,0,0,40,0.038
613,7473,3308,4165,477,408,497,533,406,1200,507,1163,300,504,853,394,231,4613,5696,0.762,724,0.097,18,0.002,202,0.027,101,0.014,929,0.124
614,60357,28415,31942,4538,4036,3605,3749,4310,7469,7531,7979,4247,3204,5794,2630,1265,38489,42391,0.702,8287,0.137,211,0.003,905,0.015,5276,0.087,24319,0.403
701,36069,17831,18238,2484,1928,1764,2196,2755,5031,5102,5489,2586,2301,2685,1175,573,25460,21680,0.601,4147,0.115,62,0.002,3917,0.109,4824,0.134,16452,0.456
702,48810,23485,25325,3216,2654,2726,2790,3200,7772,7730,6188,3165,2819,3614,1844,1092,33664,30144,0.618,9744,0.2,37,0.001,4273,0.088,3268,0.067,13969,0.286
703,7971,3770,4201,388,227,526,467,649,1051,1040,1359,369,572,689,430,204,5507,7011,0.88,204,0.026,10,0.001,415,0.052,216,0.027,907,0.114
704,12531,5555,6976,579,575,684,592,845,999,1639,1906,643,860,1269,1094,846,7484,10646,0.85,858,0.068,27,0.002,874,0.07,1,0,674,0.054
705,64400,29683,34717,4281,4285,4248,3982,4768,9598,8788,8431,4294,3587,4624,2330,1184,43448,2107,0.033,54939,0.853,260,0.004,721,0.011,5527,0.086,7309,0.113
706,2205,1017,1188,97,164,195,176,66,99,237,426,177,122,223,147,76,1303,2036,0.923,0,0,0,0,77,0.035,0,0,128,0.058
707,7400,3670,3730,320,544,442,355,264,433,1049,1125,641,540,673,681,333,4407,6989,0.944,0,0,0,0,313,0.042,18,0.002,594,0.08
708,7573,3825,3748,294,815,839,525,354,324,1174,1675,563,254,311,302,143,4869,6129,0.809,431,0.057,0,0,430,0.057,32,0.004,661,0.087
709,54035,25769,28266,3865,4260,3340,2608,3884,8441,7844,7235,3329,2838,3897,1979,515,36179,3776,0.07,46896,0.868,56,0.001,937,0.017,1902,0.035,5001,0.093
710,29698,14796,14902,1533,2197,2326,2066,1032,1686,4113,4863,2225,2125,2911,1485,1136,18110,20946,0.705,681,0.023,0,0,6995,0.236,395,0.013,1045,0.035
711,24596,12002,12594,1734,1854,2331,1524,1196,2045,3719,4108,1685,1591,1510,764,535,15868,13102,0.533,9390,0.382,45,0.002,625,0.025,593,0.024,1790,0.073
712,20179,10205,9974,1191,1958,2187,1512,520,1108,3004,3669,1470,1004,1620,558,378,12287,14262,0.707,466,0.023,0,0,4473,0.222,451,0.022,1005,0.05
713,38296,18240,20056,2164,2703,3141,2508,1726,4270,5324,6178,2732,2627,3134,1284,505,25365,25186,0.658,9179,0.24,29,0.001,1302,0.034,894,0.023,3995,0.104
714,280463,137093,143370,21631,18814,18369,19120,22130,45475,39963,37211,15626,13973,17100,7771,3280,193498,73240,0.261,139464,0.497,1370,0.005,5882,0.021,53558,0.191,102007,0.364
715,6621,3221,3400,272,411,663,493,201,157,952,1256,674,329,739,379,95,4062,6019,0.909,0,0,0,0,497,0.075,0,0,181,0.027
716,28493,13802,14691,1482,1639,1438,1832,1486,3628,4301,4104,2161,1618,2781,1350,673,19130,22574,0.792,795,0.028,16,0.001,3104,0.109,1229,0.043,4675,0.164
717,,,,,,,,,,,,,,,,,0,,,,,,,,,,,,
718,5849,2791,3058,295,404,247,380,160,596,577,831,452,403,669,333,502,3399,5102,0.872,0,0,0,0,518,0.089,98,0.017,390,0.067
719,16434,7969,8465,848,962,864,1951,1896,1806,2011,2179,856,1115,1103,593,250,11814,10423,0.634,4284,0.261,10,0.001,848,0.052,141,0.009,1117,0.068
720,13413,6154,7259,814,905,822,593,642,1190,1815,2088,934,924,1687,628,371,8186,12036,0.897,222,0.017,0,0,822,0.061,70,0.005,851,0.063
721,10843,5095,5748,518,666,640,474,592,1028,1305,1675,843,740,981,620,761,6657,10142,0.935,151,0.014,0,0,418,0.039,60,0.006,694,0.064
722,47210,22569,24641,2324,2541,3190,2655,2747,5645,5931,6954,3522,3106,4722,2413,1460,30560,26603,0.564,13091,0.277,75,0.002,3672,0.078,2169,0.046,9204,0.195
801,8545,4307,4238,335,621,321,665,703,1097,999,1256,568,644,804,185,347,5932,6422,0.752,1265,0.148,35,0.004,159,0.019,52,0.006,268,0.031
802,30454,14436,16018,1492,1606,1813,1445,1759,4590,3789,4489,2306,2042,2871,1487,765,20420,23022,0.756,3839,0.126,13,0,1790,0.059,796,0.026,2354,0.077
803,10396,5028,5368,874,1093,731,372,488,1090,1650,1086,832,736,794,495,155,6254,8454,0.813,988,0.095,0,0,578,0.056,55,0.005,338,0.033
804,4120,1939,2181,132,186,244,326,277,348,709,661,277,350,334,226,50,2948,3474,0.843,438,0.106,0,0,32,0.008,95,0.023,171,0.042
805,16505,8218,8287,899,945,991,910,898,1941,2191,2620,1614,1211,1526,623,136,11385,13930,0.844,1248,0.076,0,0,288,0.017,618,0.037,1163,0.07
806,19580,9917,9663,839,1040,1052,2578,3105,2506,1951,2113,1082,987,1499,611,217,14322,13561,0.693,3519,0.18,6,0,697,0.036,1130,0.058,1944,0.099
807,4839,2228,2611,203,234,355,328,192,608,530,640,422,369,456,292,210,3089,4636,0.958,132,0.027,0,0,43,0.009,21,0.004,122,0.025
808,12930,6356,6574,789,948,1223,1095,552,1292,1640,2155,1089,799,855,319,174,8622,12331,0.954,221,0.017,0,0,42,0.003,245,0.019,486,0.038
809,5949,2945,3004,280,448,568,409,335,595,942,1107,351,394,434,69,17,4133,4854,0.816,737,0.124,0,0,44,0.007,162,0.027,235,0.04
810,14992,6866,8126,667,823,1125,1125,638,1973,1673,2692,1065,964,1321,686,240,10130,13751,0.917,517,0.034,59,0.004,377,0.025,27,0.002,493,0.033
811,36732,18420,18312,1752,2560,2661,2557,1805,4278,4699,5796,2709,2146,3314,1710,745,23990,28911,0.787,5396,0.147,0,0,937,0.026,433,0.012,2287,0.062
812,2983,1366,1617,188,170,173,208,210,395,380,497,186,175,227,134,40,2051,2709,0.908,94,0.032,0,0,26,0.009,42,0.014,155,0.052
813,1572,702,870,46,103,131,89,59,191,247,201,99,152,144,83,27,1038,1485,0.945,18,0.011,0,0,0,0,32,0.02,133,0.085
814,5937,2635,3302,318,138,164,670,387,480,851,822,627,651,372,357,100,4488,4138,0.697,1558,0.262,0,0,0,0,53,0.009,545,0.092
815,8830,4221,4609,393,475,601,583,729,904,1063,1110,770,724,877,257,344,5883,8179,0.926,199,0.023,17,0.002,108,0.012,20,0.002,232,0.026
816,3167,1593,1574,181,254,343,204,175,348,390,495,252,161,233,98,33,2025,3091,0.976,28,0.009,0,0,16,0.005,2,0.001,185,0.058
817,2585,1199,1386,163,182,197,225,94,346,416,488,103,107,127,94,43,1779,1938,0.75,353,0.137,0,0,19,0.007,181,0.07,474,0.183
818,47809,23193,24616,2505,2709,3206,2724,3238,5903,5313,7370,3440,3334,4765,2316,986,31322,41317,0.864,2742,0.057,25,0.001,2271,0.048,321,0.007,2158,0.045
819,2225,1176,1049,69,123,245,148,152,217,175,417,156,193,220,78,32,1458,2053,0.923,28,0.013,0,0,37,0.017,43,0.019,48,0.022
820,21214,10279,10935,1129,1328,1061,1033,1451,2748,2575,2925,1500,1698,2404,846,516,13930,17827,0.84,1929,0.091,13,0.001,495,0.023,515,0.024,982,0.046
821,4185,1996,2189,190,421,236,214,247,618,567,651,334,196,313,156,42,2827,3537,0.845,308,0.074,0,0,116,0.028,40,0.01,318,0.076
822,9929,4596,5333,935,541,560,433,808,1468,1284,1353,669,446,705,487,240,6461,5648,0.569,3070,0.309,15,0.002,91,0.009,494,0.05,1202,0.121
823,2993,1529,1464,241,136,160,148,110,342,435,491,182,264,315,112,57,1972,2821,0.943,48,0.016,0,0,38,0.013,14,0.005,213,0.071
824,12381,6084,6297,888,1192,893,950,531,1180,2062,2191,729,489,939,211,126,8132,9597,0.775,1281,0.103,0,0,745,0.06,352,0.028,786,0.063
901,65300,32520,32780,4332,4038,4293,3856,3465,9452,9565,8526,3997,4538,5303,2796,1139,43399,41368,0.634,7510,0.115,64,0.001,6435,0.099,7325,0.112,20534,0.314
902,2665,1359,1306,151,149,153,214,160,522,334,364,244,113,134,105,22,1951,1295,0.486,72,0.027,0,0,128,0.048,1166,0.438,2039,0.765
903,11436,5448,5988,611,542,478,628,749,2218,1494,1743,639,764,931,436,203,8235,6889,0.602,392,0.034,70,0.006,963,0.084,2840,0.248,7195,0.629
904,16180,8105,8075,1145,889,1043,628,1206,3648,2597,2060,808,666,901,396,193,11613,8303,0.513,595,0.037,63,0.004,3434,0.212,3340,0.206,7407,0.458
905,53211,26453,26758,3708,1767,1298,1620,3716,19677,9667,4646,2124,1556,1767,1214,451,43006,43784,0.823,1646,0.031,0,0,4865,0.091,1114,0.021,8393,0.158
906,261746,129245,132501,20337,14530,12280,12217,17595,58359,42719,30448,12960,12619,17048,7862,2772,186917,91597,0.35,62591,0.239,1355,0.005,65602,0.251,31720,0.121,76103,0.291
907,41567,21221,20346,2523,2452,2496,2324,2885,6412,5784,5974,2882,2479,3419,1239,698,28740,28211,0.679,1916,0.046,116,0.003,1958,0.047,7545,0.182,20860,0.502
908,61970,31351,30619,4030,3845,3291,3174,3755,9685,9477,8047,3660,4126,4557,2732,1591,41924,41914,0.676,2293,0.037,88,0.001,4358,0.07,10970,0.177,43909,0.709
909,19390,9443,9947,1167,823,917,1058,1093,3113,2960,2587,1206,1276,1613,1048,529,13293,12063,0.622,691,0.036,93,0.005,5395,0.278,633,0.033,4235,0.218
910,68362,33590,34772,4587,4062,4440,4192,4456,11646,10263,10377,3626,3339,3817,2530,1027,47899,50698,0.742,3241,0.047,54,0.001,2593,0.038,9419,0.138,52816,0.773
911,14327,7347,6980,805,560,698,451,602,3348,2492,1746,993,960,910,617,145,10592,10583,0.739,469,0.033,86,0.006,1566,0.109,987,0.069,5164,0.36
912,52477,26186,26291,3650,3264,2467,2439,3057,11038,7723,7269,2706,2381,3192,2384,907,36613,31655,0.603,1799,0.034,121,0.002,3267,0.062,13962,0.266,40094,0.764
1001,4797,2483,2314,173,286,375,334,270,516,365,944,370,330,567,137,130,3129,4686,0.977,10,0.002,0,0,89,0.019,0,0,0,0
1002,3905,1985,1920,202,148,331,222,171,264,376,725,562,372,380,109,43,2692,3771,0.966,0,0,0,0,101,0.026,23,0.006,123,0.031
1003,721,366,355,25,29,30,96,46,73,63,143,84,59,68,5,0,564,680,0.943,18,0.025,0,0,14,0.019,0,0,13,0.018
1004,1194,580,614,66,92,109,87,41,126,176,229,69,75,92,21,11,803,1156,0.968,0,0,0,0,18,0.015,0,0,16,0.013
1005,2676,1332,1344,118,196,194,175,183,296,287,584,164,139,208,103,29,1828,2301,0.86,13,0.005,0,0,308,0.115,15,0.006,203,0.076
1006,12957,7605,5352,382,514,776,1457,1769,1514,1060,2001,1150,775,1008,354,197,9726,9992,0.771,1653,0.128,35,0.003,725,0.056,345,0.027,1148,0.089
1007,4474,2058,2416,108,172,241,286,242,172,429,926,478,442,602,271,105,2975,4366,0.976,2,0,0,0,12,0.003,33,0.007,314,0.07
1008,3888,1937,1951,115,107,145,330,214,303,386,623,360,436,524,216,129,2652,3685,0.948,71,0.018,14,0.004,70,0.018,16,0.004,285,0.073
1009,4624,2259,2365,258,324,303,242,287,793,766,615,207,245,351,148,85,3155,3508,0.759,99,0.021,0,0,476,0.103,436,0.094,1510,0.327
1010,3281,1561,1720,174,135,175,177,233,193,314,621,240,270,494,150,105,2048,3225,0.983,8,0.002,0,0,21,0.006,1,0,136,0.041
1011,1297,600,697,70,53,101,87,27,177,104,256,124,93,113,84,8,868,1201,0.926,22,0.017,0,0,44,0.034,25,0.019,55,0.042
1012,1590,762,828,120,51,52,96,129,154,219,272,140,152,120,73,12,1162,1437,0.904,57,0.036,0,0,15,0.009,54,0.034,197,0.124
1013,1219,591,628,67,81,46,82,26,131,148,206,131,89,121,70,21,813,1156,0.948,20,0.016,0,0,12,0.01,22,0.018,107,0.088
1014,3527,1797,1730,133,202,315,205,201,313,460,588,368,300,294,104,44,2435,3309,0.938,121,0.034,0,0,38,0.011,0,0,445,0.126
1015,5157,2544,2613,178,328,421,255,329,318,587,877,568,305,497,367,127,3239,5105,0.99,52,0.01,0,0,0,0,0,0,150,0.029
1016,3751,2035,1716,74,164,270,224,247,253,424,607,375,298,450,191,174,2428,3567,0.951,67,0.018,0,0,15,0.004,0,0,52,0.014
1017,3820,2084,1736,16,95,108,199,206,424,313,605,460,539,662,162,31,2746,3725,0.975,26,0.007,0,0,46,0.012,0,0,179,0.047
1018,1945,864,1081,120,64,106,203,109,227,242,335,129,100,174,96,40,1345,1820,0.936,19,0.01,0,0,87,0.045,13,0.007,163,0.084
1019,6132,3053,3079,145,396,369,313,260,492,588,1152,699,648,621,327,122,4152,5822,0.949,39,0.006,0,0,94,0.015,0,0,290,0.047
1020,1295,626,669,57,47,29,86,90,110,137,168,156,111,194,94,16,858,1277,0.986,0,0,0,0,6,0.005,0,0,48,0.037
1021,22063,10411,11652,958,1142,1927,1465,1220,1459,2745,3940,2189,1458,1933,1036,591,14476,19584,0.888,641,0.029,0,0,1403,0.064,61,0.003,1149,0.052
1022,15880,7662,8218,869,753,844,1051,904,1154,1697,2811,1402,1202,1972,926,295,10221,14805,0.932,58,0.004,14,0.001,701,0.044,139,0.009,829,0.052
1023,655,319,336,29,50,42,56,16,57,77,70,58,52,99,37,12,386,655,1,0,0,0,0,0,0,0,0,50,0.076
1024,5830,2771,3059,213,233,497,431,336,284,397,971,594,662,594,473,145,3675,5538,0.95,0,0,0,0,273,0.047,0,0,107,0.018
1025,5599,2855,2744,163,272,368,760,426,657,547,911,482,262,429,217,105,4045,4782,0.854,373,0.067,0,0,248,0.044,80,0.014,287,0.051
1026,2774,1307,1467,149,133,164,191,140,178,348,461,254,214,312,196,34,1786,2566,0.925,0,0,0,0,118,0.043,14,0.005,86,0.031
1101,27294,13109,14185,2034,1586,1886,1684,1733,3294,4131,3923,1912,1129,2072,1086,824,17806,18382,0.673,2442,0.089,14,0.001,5238,0.192,703,0.026,6711,0.246
1102,36057,17372,18685,1819,1329,1704,3895,4205,3838,3702,4661,2612,2340,3435,1679,838,25253,22391,0.621,10414,0.289,122,0.003,1706,0.047,650,0.018,3026,0.084
1103,87799,42265,45534,4962,4133,4326,5157,6377,11678,10773,12536,6424,6064,8547,4375,2447,59009,66788,0.761,12347,0.141,62,0.001,4099,0.047,2512,0.029,13880,0.158
1104,5413,2523,2890,397,433,156,149,377,772,828,605,445,331,573,203,144,3507,4194,0.775,560,0.103,0,0,346,0.064,313,0.058,1677,0.31
1105,1940,957,983,103,158,174,88,88,166,271,287,141,207,155,73,29,1248,1837,0.947,5,0.003,0,0,86,0.044,0,0,77,0.04
1106,18224,9064,9160,856,1016,1191,1306,1090,1458,1962,3092,1793,1439,1826,911,284,12140,15196,0.834,881,0.048,1,0,1500,0.082,131,0.007,917,0.05
1107,32794,15610,17184,1448,1643,1734,2506,2518,4483,3555,4829,2575,2104,2711,1628,1060,22570,23013,0.702,3766,0.115,0,0,4841,0.148,287,0.009,2743,0.084
1108,2527,1223,1304,107,208,157,139,173,114,265,377,231,162,278,171,145,1461,2250,0.89,107,0.042,0,0,102,0.04,0,0,29,0.011
1114,30728,15673,15055,1093,1502,1966,3777,4001,3123,2741,3935,2031,1553,2747,1610,649,21161,22458,0.731,1776,0.058,14,0,5045,0.164,442,0.014,2360,0.077
1112,14245,6992,7253,604,1087,1117,993,647,1275,2508,2870,993,677,842,442,190,9963,10535,0.74,681,0.048,0,0,2564,0.18,146,0.01,665,0.047
1111,83734,42051,41683,6251,6095,5975,5620,6228,13090,12502,10921,4458,4397,4820,2275,1102,57216,34411,0.411,42438,0.507,278,0.003,981,0.012,4410,0.053,30439,0.364
1113,28007,13530,14477,1276,2097,2420,1883,1392,2682,4265,4724,2224,1617,2015,1010,402,18787,13304,0.475,759,0.027,0,0,13124,0.469,106,0.004,847,0.03
1201,23682,11178,12504,1489,1048,2158,1504,1047,4090,2721,3425,1737,1646,1534,797,486,16170,12578,0.531,3930,0.166,89,0.004,4967,0.21,1308,0.055,8388,0.354
1202,3821,1965,1856,106,175,363,251,177,125,466,772,403,226,438,203,116,2420,2952,0.773,237,0.062,0,0,477,0.125,93,0.024,187,0.049
1203,7284,3658,3626,635,431,500,408,424,831,1150,929,646,565,375,260,130,4953,4705,0.646,840,0.115,22,0.003,428,0.059,1170,0.161,2155,0.296
1204,47981,22792,25189,2110,2834,3071,2994,2254,4423,6152,7929,4352,3803,4656,2137,1266,31907,31787,0.662,1705,0.036,26,0.001,12141,0.253,966,0.02,4390,0.091
1205,100809,49945,50864,6243,7248,5966,4920,3844,15089,15481,14144,6829,6681,8011,4164,2189,66988,37077,0.368,7785,0.077,303,0.003,48724,0.483,4076,0.04,10471,0.104
1206,2283,1105,1178,78,181,108,101,101,357,293,387,235,156,157,83,46,1630,1931,0.846,116,0.051,7,0.003,89,0.039,97,0.042,346,0.152
1207,13992,6666,7326,676,899,865,834,1027,2648,1995,1951,794,641,931,426,305,9890,9437,0.674,1412,0.101,34,0.002,1937,0.138,629,0.045,2283,0.163
1208,5947,2942,3005,584,457,330,311,248,753,982,865,275,455,474,179,34,3889,4863,0.818,505,0.085,0,0,322,0.054,33,0.006,1480,0.249
1210,13858,6826,7032,945,1012,962,558,493,1467,2131,2186,1113,775,1224,659,333,8723,10036,0.724,742,0.054,0,0,2329,0.168,240,0.017,926,0.067
1211,13659,6832,6827,768,619,1168,855,607,2030,1458,2051,1319,639,1171,595,379,8959,9341,0.684,998,0.073,0,0,822,0.06,1846,0.135,3244,0.237
1212,6993,3356,3637,437,472,314,524,394,429,1129,1344,447,485,572,317,129,4752,6453,0.923,110,0.016,0,0,303,0.043,23,0.003,911,0.13
1213,43828,20729,23099,1657,2060,2687,1846,1109,2324,4498,5121,3032,3192,7970,5191,3141,21122,32552,0.743,1434,0.033,104,0.002,8476,0.193,297,0.007,2184,0.05
1214,56084,26930,29154,3797,3828,3632,7057,11897,8684,6456,4569,1611,1341,1622,1061,529,41615,36030,0.642,8166,0.146,39,0.001,5629,0.1,5075,0.09,28099,0.501
1215,41948,20152,21796,2924,3016,2069,2996,2795,6366,6872,5569,2565,1870,2776,1625,505,29033,20625,0.492,8301,0.198,158,0.004,10341,0.247,1714,0.041,8683,0.207
1209,65935,32157,33778,3523,3555,3714,3758,2900,9058,9039,10667,5649,4700,5879,2354,1139,45771,49549,0.751,4290,0.065,63,0.001,9071,0.138,1445,0.022,9092,0.138
1216,51832,25802,26030,3898,4160,3667,3829,4108,7631,6912,6971,2802,2191,3261,1439,963,34444,41062,0.792,4357,0.084,70,0.001,697,0.013,4580,0.088,41687,0.804
1217,56931,29016,27915,2570,2659,2344,6643,8855,8294,6779,6343,3111,3081,3791,1718,743,43106,19793,0.348,11463,0.201,144,0.003,21959,0.386,1476,0.026,6923,0.122
1218,23120,11365,11755,1391,1780,1590,1249,577,3938,4142,3330,1555,1217,1391,580,380,16008,8085,0.35,1206,0.052,253,0.011,12920,0.559,179,0.008,492,0.021
1219,44285,21616,22669,2431,2933,2447,2809,1905,6506,6712,6504,2972,2907,3593,1621,945,30315,29609,0.669,5350,0.121,60,0.001,7029,0.159,1037,0.023,5954,0.134
1220,8694,4661,4033,805,495,233,413,512,925,1310,1328,721,589,856,326,181,5798,7188,0.827,674,0.078,0,0,321,0.037,424,0.049,1531,0.176
1221,45255,22340,22915,2269,3087,3638,3406,1930,4757,7030,7702,3131,2821,3487,1279,718,30777,19686,0.435,4125,0.091,109,0.002,19685,0.435,767,0.017,3255,0.072
1222,23906,11897,12009,1465,1397,1403,1155,1339,3129,3216,3612,1605,1698,2240,1059,588,15754,14785,0.618,3024,0.126,0,0,3695,0.155,1604,0.067,4348,0.182
1223,16091,7977,8114,1193,1010,944,1008,969,2533,2203,2179,1117,717,1326,503,389,10726,12850,0.799,1470,0.091,16,0.001,732,0.045,477,0.03,3959,0.246
1224,8293,3989,4304,387,395,575,431,350,833,1190,1305,594,605,836,517,275,5308,7312,0.882,328,0.04,9,0.001,396,0.048,81,0.01,773,0.093
1225,100187,51351,48836,6155,5290,5586,5123,4759,15615,13843,15212,8045,6318,7965,4519,1757,68915,56732,0.566,11774,0.118,358,0.004,24221,0.242,4396,0.044,19855,0.198
1330,18317,9019,9298,835,1095,1080,1122,1058,2829,2196,2950,1583,1161,1590,557,261,12899,14641,0.799,1593,0.087,15,0.001,964,0.053,550,0.03,2180,0.119
1301,502,256,246,6,26,21,34,33,36,34,112,44,44,67,28,17,337,483,0.962,2,0.004,0,0,2,0.004,7,0.014,7,0.014
1302,1903,947,956,156,81,51,192,171,187,202,314,159,143,142,80,25,1368,1758,0.924,84,0.044,0,0,16,0.008,8,0.004,63,0.033
1303,15674,7556,8118,990,1093,941,668,1443,2576,2212,2166,803,956,1102,445,279,10824,6046,0.386,6931,0.442,115,0.007,129,0.008,1968,0.126,4289,0.274
1304,4289,2313,1976,157,187,237,318,327,298,488,833,314,417,486,147,80,2995,4028,0.939,81,0.019,1,0,16,0.004,86,0.02,264,0.062
1305,1761,779,982,69,60,74,95,54,137,141,283,160,171,296,153,68,1041,1685,0.957,15,0.009,8,0.005,14,0.008,23,0.013,131,0.074
1306,5647,3164,2483,169,165,270,220,333,1082,466,821,602,517,642,193,167,4041,5157,0.913,204,0.036,0,0,58,0.01,199,0.035,849,0.15
1307,4223,1962,2261,140,192,131,153,287,786,732,405,412,289,389,199,108,3064,3518,0.833,329,0.078,0,0,28,0.007,109,0.026,462,0.109
1308,4709,2286,2423,143,402,329,307,355,153,512,694,408,460,666,191,89,2889,4515,0.959,69,0.015,0,0,20,0.004,78,0.017,133,0.028
1309,9948,4812,5136,510,476,974,1002,642,614,683,2094,844,735,764,476,134,6614,9487,0.954,126,0.013,0,0,183,0.018,20,0.002,365,0.037
1310,513,239,274,14,17,17,30,42,33,39,38,26,37,124,65,31,245,492,0.959,1,0.002,0,0,3,0.006,17,0.033,66,0.129
1311,12237,5995,6242,561,878,529,436,704,1706,1436,1822,1111,1075,1121,613,245,8290,8978,0.734,1528,0.125,22,0.002,931,0.076,239,0.02,1744,0.143
1312,2078,901,1177,71,134,173,196,71,238,309,285,148,120,130,33,170,1367,1741,0.838,104,0.05,0,0,147,0.071,38,0.018,195,0.094
1313,5943,2872,3071,372,547,683,569,129,294,851,1121,363,331,455,186,42,3658,5664,0.953,176,0.03,0,0,51,0.009,20,0.003,151,0.025
1314,1398,726,672,65,86,123,99,69,218,134,211,107,127,103,34,22,965,1266,0.906,70,0.05,0,0,42,0.03,3,0.002,156,0.112
1315,11855,6056,5799,858,896,873,629,615,1848,1727,1607,748,622,774,459,199,7796,8021,0.677,1367,0.115,144,0.012,335,0.028,1744,0.147,5479,0.462
1316,35116,17366,17750,1555,2153,2220,2638,2333,3325,4220,6032,3038,1900,2996,1816,890,23486,28933,0.824,2141,0.061,73,0.002,2534,0.072,474,0.013,3169,0.09
1339,19908,9469,10439,956,1023,1393,1265,1280,2172,2297,3472,1548,1075,2072,841,514,13109,18188,0.914,601,0.03,0,0,712,0.036,145,0.007,1814,0.091
1317,4818,2552,2266,82,186,105,61,248,470,548,942,681,613,469,294,119,3563,4513,0.937,112,0.023,0,0,49,0.01,35,0.007,104,0.022
1318,16582,7700,8882,635,905,1354,1063,701,1135,1473,2599,1791,1282,2037,1096,511,10044,12479,0.753,198,0.012,12,0.001,3259,0.197,200,0.012,984,0.059
1319,51958,25476,26482,2737,3285,3393,4170,3137,6273,6135,8481,4348,3042,4227,2060,670,35586,45165,0.869,1783,0.034,105,0.002,3129,0.06,857,0.016,5756,0.111
1320,758,352,406,21,29,28,34,22,23,66,132,62,102,147,54,38,441,723,0.954,0,0,0,0,16,0.021,0,0,21,0.028
1321,9788,4596,5192,491,511,887,445,658,900,1515,1358,925,772,919,253,154,6573,7941,0.811,821,0.084,42,0.004,225,0.023,427,0.044,1277,0.13
1322,7070,3532,3538,422,511,343,141,370,1135,959,875,640,468,629,355,222,4588,5403,0.764,461,0.065,0,0,291,0.041,686,0.097,1256,0.178
1347,1671,827,844,90,91,78,63,118,335,105,324,181,77,142,42,25,1203,1512,0.905,51,0.031,18,0.011,27,0.016,19,0.011,270,0.162
1323,5864,2744,3120,286,390,665,311,211,317,695,966,471,405,639,359,149,3376,5775,0.985,19,0.003,0,0,44,0.008,0,0,303,0.052
1324,178,87,91,4,10,5,20,13,18,5,43,10,11,24,10,5,120,164,0.921,1,0.006,0,0,6,0.034,0,0,1,0.006
1325,30611,15324,15287,2101,2231,1693,1493,2258,4503,3986,4001,1904,1826,2699,1225,691,19971,20524,0.67,4573,0.149,35,0.001,778,0.025,3877,0.127,9314,0.304
1326,39853,19086,20767,2151,2529,2768,2461,2612,2872,5190,6436,3740,2867,3443,1938,846,26178,35513,0.891,688,0.017,129,0.003,2771,0.07,366,0.009,2724,0.068
1327,5800,3157,2643,276,131,379,369,381,764,489,838,505,574,675,319,100,3920,5468,0.943,2,0,0,0,268,0.046,27,0.005,330,0.057
1328,40133,19119,21014,1686,2809,3518,3528,2503,2697,4914,7083,3212,2705,3607,1389,482,26642,30027,0.748,952,0.024,100,0.002,7917,0.197,357,0.009,2246,0.056
1329,8826,4339,4487,540,602,555,394,378,1322,1272,1376,654,474,627,437,195,5870,7255,0.822,690,0.078,0,0,662,0.075,18,0.002,978,0.111
1331,65475,32293,33182,3508,3757,4043,4710,3627,6046,7885,10822,5254,4558,6284,3506,1475,42902,61119,0.933,704,0.011,82,0.001,2029,0.031,655,0.01,4119,0.063
1332,10460,5206,5254,364,710,563,953,964,832,868,1997,1408,519,997,215,70,7541,9255,0.885,193,0.018,13,0.001,599,0.057,215,0.021,834,0.08
1333,3221,1549,1672,174,192,128,145,164,144,327,419,394,286,527,244,77,1879,3100,0.962,0,0,0,0,21,0.007,15,0.005,84,0.026
1335,27591,13467,14124,1278,1186,1529,1611,1584,3636,3308,3837,2339,2060,2813,1553,857,18375,15241,0.552,9495,0.344,0,0,774,0.028,970,0.035,2435,0.088
1334,4702,2262,2440,232,303,259,341,249,474,486,792,565,307,486,69,139,3214,3839,0.816,524,0.111,0,0,220,0.047,102,0.022,434,0.092
1337,26821,13138,13683,1386,1379,1655,1662,1551,2791,2854,4010,2148,2166,3085,1620,514,17182,21630,0.806,2372,0.088,39,0.001,1539,0.057,247,0.009,2705,0.101
1338,5724,2920,2804,408,292,290,247,309,459,646,900,617,544,589,274,149,3722,5531,0.966,22,0.004,0,0,119,0.021,0,0,436,0.076
1340,12120,6022,6098,904,863,474,458,644,2520,1743,1600,770,547,896,343,358,8282,8272,0.683,1098,0.091,0,0,287,0.024,2175,0.179,4298,0.355
1341,806,413,393,71,70,36,36,30,80,121,78,67,63,110,36,8,475,713,0.885,37,0.046,0,0,16,0.02,18,0.022,31,0.038
1342,6805,3346,3459,269,733,830,651,229,211,737,1387,532,447,476,202,101,4194,6512,0.957,57,0.008,1,0,116,0.017,43,0.006,336,0.049
1343,1378,749,629,61,47,33,16,124,215,99,192,177,146,175,64,29,969,1318,0.956,25,0.018,0,0,6,0.004,19,0.014,42,0.03
1344,1732,867,865,77,69,66,76,54,72,101,213,196,189,288,264,67,901,1729,0.998,2,0.001,0,0,1,0.001,0,0,28,0.016
1345,4088,1803,2285,202,227,352,287,206,127,509,709,337,196,529,241,166,2371,3866,0.946,16,0.004,0,0,151,0.037,25,0.006,109,0.027
1346,1054,424,630,81,54,38,59,55,181,121,152,81,89,109,30,4,738,578,0.548,326,0.309,0,0,103,0.098,12,0.011,147,0.139
1348,2945,1554,1391,45,194,147,251,140,239,74,328,357,172,587,320,91,1561,2865,0.973,0,0,0,0,80,0.027,0,0,1,0
1349,4595,2182,2413,60,230,184,218,352,370,453,683,481,333,664,315,252,2890,4413,0.96,28,0.006,0,0,148,0.032,0,0,130,0.028
1336,17731,8135,9596,707,498,1148,1197,845,2041,1910,2260,1151,1306,1722,1269,1677,10710,13808,0.779,1543,0.087,46,0.003,1088,0.061,618,0.035,1017,0.057
1350,5549,2297,3252,331,210,437,416,540,502,488,1072,449,497,331,209,67,3964,4903,0.884,373,0.067,0,0,178,0.032,46,0.008,659,0.119
1351,6906,3368,3538,374,341,447,701,238,435,800,1094,543,593,817,393,130,4404,6123,0.887,217,0.031,0,0,431,0.062,0,0,255,0.037
1352,25836,12044,13792,1142,1590,1390,1916,1588,2248,2182,4216,2123,1880,2937,1601,1023,16153,24601,0.952,792,0.031,0,0,181,0.007,6,0,861,0.033
1353,7917,3506,4411,418,469,464,1271,753,754,717,950,506,478,661,339,137,5429,7232,0.913,362,0.046,0,0,58,0.007,112,0.014,486,0.061
1401,8302,4197,4105,580,531,477,457,459,1230,1263,1317,508,394,690,249,147,5628,6501,0.783,441,0.053,0,0,844,0.102,238,0.029,1241,0.149
1402,4308,2060,2248,123,214,314,403,327,225,408,690,473,377,404,136,214,2903,3741,0.868,26,0.006,0,0,486,0.113,23,0.005,120,0.028
1403,7701,3897,3804,455,408,398,274,619,1199,973,1101,559,444,833,274,164,5169,7061,0.917,43,0.006,126,0.016,313,0.041,83,0.011,1611,0.209
1404,8881,4405,4476,510,882,991,675,248,471,1545,1634,733,304,541,183,164,5610,7749,0.873,157,0.018,0,0,803,0.09,13,0.001,674,0.076
1405,10378,4927,5451,501,1013,1029,624,323,626,1316,1898,771,633,769,588,287,6191,8745,0.843,183,0.018,0,0,1202,0.116,15,0.001,347,0.033
1406,1593,760,833,84,74,131,159,80,103,144,270,65,126,175,124,58,947,1437,0.902,23,0.014,15,0.009,17,0.011,101,0.063,165,0.104
1407,7822,3955,3867,315,456,637,713,489,348,837,1615,757,565,612,350,128,5324,7007,0.896,118,0.015,0,0,393,0.05,43,0.005,561,0.072
1408,16667,8071,8596,961,1085,837,931,922,1455,2203,2430,1266,1468,1782,905,422,10675,14535,0.872,369,0.022,0,0,1379,0.083,133,0.008,1046,0.063
1409,18091,9205,8886,891,1287,1374,1103,1000,2875,2875,3058,958,818,969,625,258,12687,11096,0.613,1590,0.088,42,0.002,485,0.027,4348,0.24,12235,0.676
1410,11116,5094,6022,773,367,510,771,857,917,1192,1522,910,904,1290,641,462,7073,9232,0.831,131,0.012,8,0.001,1555,0.14,13,0.001,1484,0.134
1411,11672,5671,6001,683,427,469,925,1643,1163,1136,1539,717,668,1071,908,323,7791,9664,0.828,519,0.044,29,0.002,1289,0.11,30,0.003,820,0.07
1412,14395,7176,7219,741,850,893,831,776,1306,1936,2344,1171,875,1388,745,539,9239,11831,0.822,266,0.018,0,0,2101,0.146,68,0.005,1098,0.076
1413,3843,1841,2002,177,249,198,267,139,229,464,590,285,326,549,320,50,2300,3585,0.933,0,0,0,0,179,0.047,0,0,143,0.037
1414,21191,11026,10165,1058,1137,1282,1836,1156,1890,2458,3534,2018,1903,1778,948,193,14795,19248,0.908,456,0.022,36,0.002,972,0.046,133,0.006,1624,0.077
1415,10132,5124,5008,500,659,834,848,451,952,904,1899,839,551,1050,406,239,6444,9214,0.909,55,0.005,0,0,625,0.062,48,0.005,1068,0.105
1416,10339,4998,5341,455,549,573,621,585,1183,1327,1323,797,1058,1099,536,233,6894,9390,0.908,246,0.024,0,0,336,0.032,146,0.014,1313,0.127
1430,8659,4396,4263,468,498,542,679,484,734,1040,1521,704,652,793,322,222,5814,8092,0.935,59,0.007,0,0,308,0.036,24,0.003,304,0.035
1417,16042,7649,8393,888,1277,1059,1411,1180,1554,1909,2521,1187,849,1083,735,389,10611,13735,0.856,661,0.041,4,0,1038,0.065,202,0.013,1671,0.104
1418,4945,2206,2739,270,321,379,379,111,258,379,991,278,505,526,309,239,2901,4770,0.965,28,0.006,0,0,38,0.008,14,0.003,252,0.051
1419,5792,2863,2929,386,434,455,288,336,390,650,1119,573,434,480,189,58,3790,5317,0.918,68,0.012,0,0,220,0.038,13,0.002,344,0.059
1420,3560,1795,1765,251,225,211,241,204,431,397,595,214,275,308,150,58,2357,2917,0.819,91,0.026,0,0,302,0.085,87,0.024,777,0.218
1421,21516,10411,11105,816,1187,1885,1599,1113,1867,2319,4070,1692,1244,2174,1281,269,13904,16702,0.776,133,0.006,57,0.003,4053,0.188,181,0.008,1569,0.073
1422,22302,10897,11405,1017,1086,1511,1284,885,2270,2527,3714,1416,1952,2457,1525,658,14048,19270,0.864,1178,0.053,10,0,1064,0.048,356,0.016,1798,0.081
1423,5625,2834,2791,286,241,359,351,389,564,772,803,479,380,470,316,215,3738,5202,0.925,89,0.016,0,0,251,0.045,40,0.007,465,0.083
1424,18769,9330,9439,712,603,709,958,1550,4847,2527,2012,1330,943,1472,790,316,14167,14327,0.763,1644,0.088,0,0,1087,0.058,1125,0.06,5547,0.296
1425,4274,2095,2179,156,326,518,398,255,112,543,832,329,297,380,114,14,2766,3534,0.827,22,0.005,0,0,670,0.157,0,0,197,0.046
1426,5507,2639,2868,261,253,246,364,183,643,507,900,414,470,766,271,229,3481,4877,0.886,370,0.067,0,0,153,0.028,85,0.015,583,0.106
1427,28869,14731,14138,1707,1648,2336,1722,1796,3888,3860,4603,2223,1582,2226,825,453,19674,23693,0.821,1757,0.061,132,0.005,2287,0.079,327,0.011,4133,0.143
1428,3209,1563,1646,112,101,126,239,346,459,290,672,208,195,305,85,71,2409,2889,0.9,128,0.04,17,0.005,123,0.038,11,0.003,404,0.126
1429,52768,25241,27527,2517,2896,2845,2997,3189,7441,7171,7639,4090,3357,4865,2802,959,35884,30979,0.587,2042,0.039,62,0.001,17884,0.339,576,0.011,5111,0.097
1431,15286,7341,7945,485,871,923,926,926,1179,1429,2686,1136,802,1157,1231,1535,9084,14223,0.93,27,0.002,62,0.004,233,0.015,494,0.032,1270,0.083
1432,25651,12550,13101,1332,1423,2054,2107,1337,2452,3173,4602,2104,1605,2027,963,472,17380,20819,0.812,800,0.031,0,0,2775,0.108,595,0.023,3121,0.122
1433,4226,2008,2218,322,154,225,189,181,617,635,649,270,258,443,228,55,2799,3812,0.902,0,0,0,0,209,0.049,159,0.038,561,0.133
1434,6404,3221,3183,222,501,417,484,391,380,1069,888,477,359,720,344,152,4048,5471,0.854,264,0.041,0,0,425,0.066,140,0.022,1278,0.2
1435,24792,11852,12940,1271,1428,1335,1819,1463,2334,3109,4059,2024,1691,2348,1328,583,16499,21334,0.861,1038,0.042,0,0,1601,0.065,371,0.015,2815,0.114
1436,23136,11489,11647,1114,1149,1644,1495,1435,2136,2501,3702,1933,1715,2457,1174,681,14917,20184,0.872,1164,0.05,63,0.003,1210,0.052,157,0.007,2057,0.089
1437,1578,763,815,97,159,122,85,101,235,264,207,121,74,69,30,14,1087,1003,0.636,158,0.1,0,0,54,0.034,343,0.217,968,0.613
1438,18521,9004,9517,784,1191,1465,1835,1165,986,2132,3685,1450,1201,1642,598,387,12454,17176,0.927,177,0.01,6,0,912,0.049,37,0.002,583,0.031
1439,6521,3199,3322,402,288,635,417,364,979,823,918,437,387,471,202,198,4325,3636,0.558,84,0.013,15,0.002,527,0.081,1987,0.305,3407,0.522
1533,22410,10823,11587,1265,857,1648,1519,961,2065,2610,2407,1485,1528,3298,2080,687,12575,20148,0.899,1652,0.074,17,0.001,52,0.002,443,0.02,1751,0.078
1501,421,181,240,2,0,0,13,6,17,0,44,37,57,125,92,28,174,409,0.971,0,0,0,0,2,0.005,0,0,0,0
1502,996,491,505,34,45,57,30,34,62,48,165,74,92,201,134,20,505,928,0.932,0,0,0,0,22,0.022,23,0.023,33,0.033
1503,1091,522,569,19,28,22,54,39,92,73,95,136,144,192,166,31,633,1036,0.95,34,0.031,4,0.004,14,0.013,0,0,20,0.018
1504,11210,5734,5476,644,777,781,882,895,1364,1537,1631,859,540,921,311,68,7708,10409,0.929,317,0.028,6,0.001,34,0.003,179,0.016,1074,0.096
1505,41630,19282,22348,1409,1579,1528,1327,1657,3088,3461,3978,2780,3643,8259,5636,3285,19934,38686,0.929,952,0.023,32,0.001,689,0.017,860,0.021,2950,0.071
1506,75072,36630,38442,3873,3129,4764,4531,4328,8871,8238,11408,6060,5301,7620,4797,2152,48737,68857,0.917,1496,0.02,18,0,1456,0.019,1762,0.023,7522,0.1
1508,1597,842,755,67,87,80,114,103,206,159,249,147,112,186,68,19,1090,1488,0.932,0,0,0,0,5,0.003,21,0.013,43,0.027
1509,451,213,238,6,5,18,19,3,12,8,50,40,49,130,99,12,181,444,0.984,0,0,0,0,3,0.007,4,0.009,2,0.004
1510,1457,656,801,38,101,68,54,61,186,141,193,119,115,259,91,31,869,1304,0.895,9,0.006,4,0.003,5,0.003,0,0,16,0.011
1511,56614,27456,29158,3281,3251,3898,4031,3170,5990,6208,9352,4498,3224,5711,2880,1120,36473,49276,0.87,3279,0.058,38,0.001,1997,0.035,1072,0.019,5289,0.093
1512,28580,13936,14644,1617,1619,1530,1653,1985,2916,3072,4210,2317,2042,3511,1508,600,18195,27603,0.966,330,0.012,12,0,295,0.01,190,0.007,1404,0.049
1513,2683,1307,1376,137,241,196,207,118,394,436,284,253,172,153,78,14,1864,2180,0.813,175,0.065,0,0,139,0.052,153,0.057,398,0.148
1514,100763,49782,50981,17590,14357,11366,7249,6296,13549,10071,5635,2106,2361,4257,3785,2141,47267,92356,0.917,3549,0.035,11,0,997,0.01,3138,0.031,14205,0.141
1515,2161,982,1179,31,44,40,92,60,66,128,211,196,225,565,390,113,978,2140,0.99,0,0,0,0,0,0,0,0,77,0.036
1516,20848,10259,10589,915,1146,1268,877,970,2236,2173,2588,1455,1732,3041,1861,586,12031,19465,0.934,115,0.006,10,0,353,0.017,280,0.013,1466,0.07
1517,3043,1362,1681,10,10,29,55,62,181,34,276,274,354,1016,550,192,1236,3001,0.986,0,0,0,0,7,0.002,7,0.002,14,0.005
1518,43373,18560,24813,1108,1462,1039,1180,1461,2513,2732,4244,3143,3373,9872,7202,4044,18646,39333,0.907,1607,0.037,1,0,802,0.018,468,0.011,2593,0.06
1519,337,170,167,5,6,14,15,2,8,4,19,16,15,133,75,25,79,322,0.955,9,0.027,0,0,2,0.006,4,0.012,13,0.039
1521,8925,4423,4502,398,236,457,242,336,1068,591,1026,647,816,2057,769,282,4726,8720,0.977,42,0.005,54,0.006,38,0.004,1,0,299,0.034
1520,1733,793,940,72,124,70,91,150,191,221,261,163,100,172,88,30,1177,1619,0.934,96,0.055,0,0,6,0.003,0,0,162,0.093
1522,2251,1063,1188,77,92,184,141,131,169,193,380,222,177,312,104,69,1413,2172,0.965,51,0.023,0,0,5,0.002,0,0,172,0.076
1523,8514,4312,4202,466,339,652,500,668,697,1129,1564,597,530,932,251,189,5685,8060,0.947,285,0.033,0,0,79,0.009,55,0.006,676,0.079
1524,18523,8845,9678,942,922,1190,1021,1091,2290,2096,2778,1508,1648,1756,931,350,12432,18201,0.983,57,0.003,32,0.002,28,0.002,74,0.004,1132,0.061
1525,4545,2215,2330,99,238,225,228,238,503,342,651,627,398,607,298,91,2987,4364,0.96,25,0.006,0,0,21,0.005,57,0.013,300,0.066
1526,2891,1318,1573,239,127,151,276,276,372,584,468,71,91,134,44,58,2138,2074,0.717,74,0.026,0,0,56,0.019,584,0.202,973,0.337
1527,1654,761,893,51,67,22,69,54,178,183,158,91,179,344,198,60,912,1619,0.979,17,0.01,0,0,4,0.002,5,0.003,5,0.003
1528,967,454,513,22,6,29,24,27,58,55,143,73,142,234,126,28,522,951,0.983,0,0,0,0,8,0.008,0,0,13,0.013
1529,3748,1753,1995,337,229,374,418,251,487,526,496,196,167,107,155,5,2541,2470,0.659,577,0.154,0,0,31,0.008,202,0.054,950,0.253
1530,27073,13491,13582,1133,1451,1817,1629,1702,2718,3098,4017,2355,1823,2838,1787,705,17342,25178,0.93,573,0.021,11,0,340,0.013,464,0.017,1686,0.062
1531,1292,581,711,39,26,30,12,62,67,90,129,123,129,317,208,60,612,1288,0.997,0,0,0,0,0,0,0,0,10,0.008
1507,91706,44481,47225,5049,5372,5291,5246,5051,10929,9786,13307,6897,6719,9925,5126,3008,57935,80377,0.876,2801,0.031,87,0.001,3844,0.042,2472,0.027,8653,0.094
1532,3380,1693,1687,224,172,180,111,254,397,328,508,265,319,286,311,25,2182,3211,0.95,63,0.019,0,0,73,0.022,0,0,63,0.019
1601,8105,3715,4390,545,608,226,514,662,943,907,1284,659,456,735,282,284,5425,7230,0.892,199,0.025,54,0.007,426,0.053,129,0.016,1262,0.156
1602,85169,41062,44107,4778,4435,5127,5494,6173,12075,11622,10810,6304,5433,7279,3561,2078,57911,56321,0.661,5445,0.064,410,0.005,8227,0.097,12752,0.15,32151,0.377
1603,8338,3897,4441,413,449,630,697,674,1316,956,1068,609,537,630,286,73,5857,5848,0.701,1075,0.129,8,0.001,158,0.019,1058,0.127,3732,0.448
1604,18802,9548,9254,1148,1146,1036,946,1292,2355,2505,2885,1305,1270,1645,810,459,12558,16630,0.884,634,0.034,0,0,213,0.011,782,0.042,4548,0.242
1605,14459,6861,7598,890,580,531,1224,1276,2006,1424,2264,831,884,1471,787,291,9909,12163,0.841,680,0.047,0,0,862,0.06,218,0.015,1463,0.101
1606,8446,4025,4421,392,498,404,288,293,756,944,1366,641,849,980,584,451,5137,7619,0.902,157,0.019,0,0,299,0.035,134,0.016,687,0.081
1607,70131,35930,34201,6610,6793,5824,5253,4965,10503,9492,7359,3551,3285,4128,1690,678,44408,40550,0.578,5735,0.082,650,0.009,2049,0.029,19618,0.28,51704,0.737
1608,145800,70299,75501,11690,10318,10825,10428,11244,21637,18962,19687,8043,7385,9178,4729,1674,97386,42777,0.293,38614,0.265,169,0.001,5488,0.038,51847,0.356,88750,0.609
1609,11049,5637,5412,608,437,642,713,741,1405,1780,1774,796,698,797,389,269,7907,9604,0.869,176,0.016,0,0,670,0.061,315,0.029,2072,0.188
1610,5861,2889,2972,542,502,408,485,400,1012,761,701,349,182,239,222,58,3890,3456,0.59,1360,0.232,21,0.004,136,0.023,670,0.114,3077,0.525
1611,12276,6074,6202,773,769,863,784,689,1230,1462,2234,771,655,1275,687,84,7825,10870,0.885,270,0.022,155,0.013,573,0.047,224,0.018,999,0.081
1612,10828,4990,5838,470,516,687,482,728,1559,1199,1561,717,758,1198,567,386,7004,9222,0.852,379,0.035,0,0,665,0.061,211,0.019,1711,0.158
1613,11689,5900,5789,670,487,834,452,616,1225,1509,1601,946,730,1321,985,313,7079,10094,0.864,449,0.038,0,0,629,0.054,187,0.016,1424,0.122
1614,54190,25829,28361,2651,3241,3114,3787,3631,5380,6343,7899,4188,3815,5117,3217,1807,35043,46797,0.864,1018,0.019,27,0,4847,0.089,657,0.012,6725,0.124
1615,26409,12873,13536,1342,1238,1980,1842,1505,2553,2718,4614,2227,2266,2671,1052,401,17725,24395,0.924,448,0.017,227,0.009,503,0.019,360,0.014,2350,0.089
1616,12489,5934,6555,886,569,698,875,992,1406,1608,1536,879,577,1138,1024,301,7873,9730,0.779,798,0.064,110,0.009,606,0.049,676,0.054,3445,0.276
1701,3355,1753,1602,100,210,233,364,177,295,292,623,242,276,330,131,82,2269,3005,0.896,184,0.055,0,0,28,0.008,20,0.006,77,0.023
1713,7787,3679,4108,541,328,247,496,500,840,1152,1154,426,500,737,570,296,5068,6082,0.781,1231,0.158,25,0.003,54,0.007,247,0.032,1231,0.158
1702,1445,725,720,50,122,144,90,101,182,172,201,73,101,117,68,24,920,1300,0.9,13,0.009,0,0,24,0.017,4,0.003,45,0.031
1703,1060,518,542,50,22,80,94,70,123,109,148,77,51,152,65,19,672,912,0.86,91,0.086,9,0.008,12,0.011,34,0.032,66,0.062
1704,1715,847,868,66,116,107,116,94,117,225,252,166,116,178,123,39,1086,1590,0.927,61,0.036,14,0.008,0,0,9,0.005,56,0.033
1705,1757,1050,707,54,68,51,116,139,244,243,282,111,116,178,119,36,1251,1218,0.693,339,0.193,48,0.027,30,0.017,67,0.038,185,0.105
1706,1727,854,873,152,80,114,66,98,215,199,210,139,170,162,81,41,1097,1539,0.891,73,0.042,18,0.01,12,0.007,52,0.03,63,0.036
1707,4847,2447,2400,264,444,305,401,413,826,563,504,301,352,336,81,57,3360,2544,0.525,1601,0.33,0,0,83,0.017,326,0.067,1854,0.383
1708,12643,6055,6588,562,874,740,681,536,1543,1464,1859,965,933,1351,768,367,7981,11638,0.921,342,0.027,19,0.002,247,0.02,70,0.006,250,0.02
1709,4030,1892,2138,343,240,154,77,209,422,469,411,399,399,487,244,176,2386,3667,0.91,233,0.058,0,0,80,0.02,40,0.01,319,0.079
1710,8940,4556,4384,549,386,549,549,673,976,865,1245,1097,696,756,377,222,6101,8011,0.896,621,0.069,8,0.001,34,0.004,69,0.008,386,0.043
1711,2365,1104,1261,73,165,130,202,145,194,339,325,171,154,299,123,45,1530,1931,0.816,381,0.161,21,0.009,0,0,14,0.006,114,0.048
1712,4811,2173,2638,426,694,259,237,202,530,665,475,293,332,489,133,76,2734,1469,0.305,2934,0.61,0,0,15,0.003,83,0.017,561,0.117
1714,3381,1730,1651,113,185,259,193,239,334,374,544,147,304,455,119,115,2135,3143,0.93,48,0.014,20,0.006,38,0.011,46,0.014,174,0.051
1715,3473,1599,1874,85,169,362,207,332,322,482,660,103,193,299,167,92,2299,3071,0.884,201,0.058,0,0,9,0.003,2,0.001,94,0.027
1801,8112,3749,4363,442,245,397,268,350,1331,1098,1254,694,610,969,330,124,5605,7035,0.867,118,0.015,0,0,754,0.093,62,0.008,887,0.109
1802,27114,13275,13839,1168,1525,2447,2719,1010,1523,3247,5175,2395,1827,1967,1318,793,17896,20407,0.753,645,0.024,0,0,5323,0.196,274,0.01,1375,0.051
1803,7698,4108,3590,523,529,556,458,371,771,1013,1401,475,633,588,273,107,5122,6746,0.876,3,0,76,0.01,376,0.049,497,0.065,975,0.127
1804,10328,5116,5212,774,775,519,607,731,1702,1581,1445,746,466,503,257,222,7278,8638,0.836,490,0.047,77,0.007,261,0.025,638,0.062,5614,0.544
1805,14504,6964,7540,847,772,1005,1140,942,1137,1596,2440,1520,975,1326,536,268,9750,12276,0.846,796,0.055,14,0.001,1221,0.084,58,0.004,639,0.044
1806,44726,21582,23144,2230,2898,3186,2914,2647,4036,5719,7326,4006,2556,3733,2208,1267,29204,32485,0.726,1062,0.024,12,0,9896,0.221,492,0.011,4336,0.097
1807,860,427,433,54,31,46,66,39,62,122,130,68,79,84,70,9,566,799,0.929,12,0.014,0,0,17,0.02,13,0.015,100,0.116
1808,65452,32113,33339,3173,3676,3891,3170,4251,8718,8995,9479,4802,4134,6462,3413,1288,43549,29125,0.445,18403,0.281,204,0.003,14086,0.215,1647,0.025,9161,0.14
1809,7158,3421,3737,244,430,526,601,426,643,810,1171,708,508,602,375,114,4867,4912,0.686,386,0.054,22,0.003,1680,0.235,43,0.006,999,0.14
1810,39397,19079,20318,2263,2264,3019,2441,2256,4198,5196,6729,3241,2779,3161,1325,525,26840,28483,0.723,2168,0.055,155,0.004,6908,0.175,605,0.015,2710,0.069
1811,10283,4821,5462,613,823,548,559,708,1538,1245,1241,838,603,668,583,316,6732,9042,0.879,375,0.036,0,0,270,0.026,449,0.044,2335,0.227
1812,500,237,263,37,47,46,38,25,20,69,74,30,34,46,26,8,290,466,0.932,4,0.008,0,0,11,0.022,0,0,46,0.092
1813,22955,11492,11463,965,1319,2217,2336,992,1314,2969,4558,1945,1296,1624,879,541,15410,14318,0.624,424,0.018,110,0.005,7683,0.335,38,0.002,1287,0.056
1814,21640,11008,10632,1420,1228,1350,1446,1463,3115,3492,3361,1588,1100,1266,537,274,15565,10796,0.499,4663,0.215,45,0.002,1284,0.059,4245,0.196,9760,0.451
1815,2566,1189,1377,164,126,271,325,101,119,338,349,246,130,190,139,68,1608,2250,0.877,115,0.045,0,0,31,0.012,134,0.052,340,0.133
1816,7797,3649,4148,352,340,532,675,499,970,889,1329,534,497,602,375,203,5393,5813,0.746,143,0.018,0,0,1205,0.155,311,0.04,1433,0.184
1817,598,305,293,24,33,54,37,18,35,83,89,52,45,68,53,7,359,527,0.881,55,0.092,4,0.007,2,0.003,0,0,46,0.077
1818,12121,6142,5979,712,716,855,694,720,2270,1801,1483,706,601,809,497,257,8275,8011,0.661,1177,0.097,17,0.001,2021,0.167,515,0.042,2601,0.215
1819,4550,2273,2277,399,212,300,180,280,697,642,825,349,158,287,182,39,3131,3081,0.677,606,0.133,42,0.009,523,0.115,218,0.048,1365,0.3
1820,15783,7611,8172,660,827,1262,1321,895,1020,1538,3035,1288,1105,1590,822,420,10202,12429,0.787,148,0.009,0,0,2888,0.183,0,0,872,0.055
1821,6034,2735,3299,261,334,436,440,369,401,829,976,311,341,524,522,290,3667,4861,0.806,60,0.01,0,0,862,0.143,233,0.039,848,0.141
1901,594,264,330,30,15,14,64,49,67,43,130,56,27,52,34,13,436,554,0.933,10,0.017,0,0,9,0.015,8,0.013,28,0.047
1902,5996,3029,2967,219,196,307,538,298,445,576,961,482,582,936,308,148,3882,5489,0.915,171,0.029,0,0,266,0.044,0,0,138,0.023
1903,896,425,471,62,59,37,79,60,81,152,115,69,54,79,37,12,610,848,0.946,27,0.03,0,0,18,0.02,0,0,32,0.036
1904,8010,4167,3843,379,456,449,559,485,787,922,1362,745,765,812,243,46,5625,7710,0.963,51,0.006,0,0,121,0.015,30,0.004,334,0.042
1905,5361,2721,2640,171,336,355,354,244,364,566,900,454,537,620,311,149,3419,5179,0.966,22,0.004,0,0,115,0.021,22,0.004,487,0.091
1906,4807,2330,2477,287,272,319,287,277,539,674,609,460,429,406,171,77,3275,4571,0.951,150,0.031,0,0,33,0.007,40,0.008,299,0.062
1907,3214,1584,1630,120,254,250,206,209,248,309,531,289,221,392,133,52,2013,3010,0.937,5,0.002,0,0,28,0.009,122,0.038,216,0.067
1908,3495,1684,1811,83,242,313,301,194,241,437,850,130,174,343,130,57,2327,3327,0.952,35,0.01,0,0,9,0.003,49,0.014,239,0.068
1909,3152,1671,1481,132,352,107,83,186,475,343,525,274,190,272,173,40,2076,3008,0.954,82,0.026,0,0,48,0.015,14,0.004,145,0.046
1910,4916,2445,2471,138,194,255,329,392,322,546,832,477,475,690,145,121,3373,4608,0.937,71,0.014,22,0.004,90,0.018,61,0.012,311,0.063
1911,7886,3907,3979,436,470,424,422,477,715,886,1379,781,411,853,446,186,5071,7364,0.934,316,0.04,0,0,143,0.018,0,0,415,0.053
1912,14362,7083,7279,732,882,775,568,800,1938,1858,2385,1467,992,1383,477,105,10008,12795,0.891,554,0.039,0,0,543,0.038,276,0.019,2007,0.14
1913,2390,1151,1239,128,120,146,120,142,184,335,385,216,180,273,155,6,1562,2336,0.977,20,0.008,0,0,11,0.005,13,0.005,149,0.062
1914,3716,1972,1744,138,129,313,217,314,335,445,554,349,278,398,192,54,2492,3449,0.928,72,0.019,0,0,86,0.023,16,0.004,55,0.015
1915,7895,4007,3888,315,309,281,566,585,1197,811,1224,715,475,580,516,321,5573,6917,0.876,396,0.05,0,0,168,0.021,339,0.043,1266,0.16
1916,2314,1218,1096,83,109,185,142,136,334,245,428,152,131,162,153,54,1568,2185,0.944,5,0.002,0,0,69,0.03,0,0,248,0.107
1917,1925,983,942,113,83,99,89,75,256,195,249,184,201,246,100,35,1249,1827,0.949,8,0.004,0,0,36,0.019,21,0.011,122,0.063
1918,18841,9033,9808,993,1131,1499,1731,967,1427,2407,3390,1527,1179,1597,652,341,12628,17211,0.913,501,0.027,5,0,689,0.037,190,0.01,1287,0.068
1919,3377,1448,1929,123,216,337,234,104,314,461,600,275,263,269,134,47,2251,2893,0.857,59,0.017,0,0,84,0.025,157,0.046,427,0.126
1920,3936,2011,1925,224,152,234,230,260,335,434,707,284,219,487,332,38,2469,3875,0.985,0,0,0,0,0,0,0,0,120,0.03
1921,1854,910,944,105,40,85,139,191,272,200,312,177,100,129,65,39,1391,1744,0.941,46,0.025,0,0,63,0.034,0,0,139,0.075
1922,22369,11194,11175,979,1222,1251,1491,1632,2565,2354,3809,2338,1669,2192,699,168,15858,20826,0.931,603,0.027,13,0.001,142,0.006,254,0.011,2134,0.095
1923,6,2,4,0,0,0,0,0,0,0,0,0,0,4,0,2,0,6,1,0,0,0,0,0,0,0,0,0,0
1924,10986,5491,5495,458,578,815,759,688,1104,1077,1592,861,1057,1265,515,217,7138,10489,0.955,58,0.005,10,0.001,172,0.016,0,0,511,0.047
2001,13417,6489,6928,637,1021,991,891,776,813,1646,2390,978,756,1421,587,510,8250,11203,0.835,228,0.017,25,0.002,1842,0.137,29,0.002,731,0.054
2002,15614,7722,7892,738,718,822,892,941,1952,1888,2282,1213,940,1723,961,544,10108,14436,0.925,213,0.014,0,0,688,0.044,141,0.009,2195,0.141
2003,23882,11662,12220,1326,1624,1529,1587,1050,2580,3308,3555,1573,1408,2135,1468,739,15061,21187,0.887,604,0.025,0,0,800,0.033,905,0.038,2423,0.101
2004,128153,64441,63712,9756,9841,9108,8862,8917,19907,18456,17322,7343,5972,7630,3648,1391,86779,57625,0.45,23780,0.186,672,0.005,2622,0.02,38747,0.302,82619,0.645
2005,7602,3535,4067,441,681,604,554,267,722,954,1329,359,479,516,352,344,4664,6552,0.862,274,0.036,0,0,468,0.062,0,0,611,0.08
2006,4334,2264,2070,308,246,167,212,293,608,662,737,221,273,355,147,105,3006,4094,0.945,51,0.012,0,0,75,0.017,50,0.012,657,0.152
2007,21895,10280,11615,1237,1276,1130,1603,1846,3436,2276,3507,1382,1423,1681,724,374,15473,6040,0.276,11751,0.537,17,0.001,708,0.032,2644,0.121,4172,0.191
2008,8160,4063,4097,283,451,730,551,435,872,1050,1363,444,560,719,472,230,5275,6535,0.801,174,0.021,15,0.002,416,0.051,629,0.077,1879,0.23
2009,42033,20106,21927,2354,2569,2311,2912,2576,6155,5726,5817,3293,2378,3410,1859,673,28857,22164,0.527,13110,0.312,209,0.005,1450,0.034,3775,0.09,12754,0.303
2010,6820,3248,3572,340,330,453,579,191,451,642,999,376,701,718,604,436,3939,5978,0.877,129,0.019,0,0,421,0.062,73,0.011,566,0.083
2011,12808,6270,6538,927,1126,967,704,676,1212,1764,1960,944,635,965,619,309,7895,10319,0.806,126,0.01,32,0.002,1822,0.142,73,0.006,981,0.077
2012,50508,25102,25406,3952,4201,2734,3035,3819,7453,7373,6818,3039,2244,3405,1695,740,33781,12122,0.24,21390,0.423,441,0.009,438,0.009,15157,0.3,22499,0.445
2013,29370,14365,15005,2136,1609,1412,1330,2009,4201,4617,4409,1944,1926,1879,1044,854,20436,15051,0.512,8635,0.294,26,0.001,886,0.03,3555,0.121,9524,0.324
2014,21582,10247,11335,1114,1258,1353,1391,1945,2324,3134,2826,1578,1370,2135,793,361,14568,4817,0.223,11466,0.531,0,0,359,0.017,4369,0.202,6309,0.292
2015,13568,6684,6884,793,731,1095,773,900,1813,2063,1892,983,951,893,483,198,9375,8474,0.625,1037,0.076,34,0.003,1148,0.085,2490,0.184,3815,0.281
2016,24183,11417,12766,1468,1429,1664,1272,1118,2318,3187,3839,2125,1678,2361,1193,531,15537,18372,0.76,2610,0.108,90,0.004,2080,0.086,553,0.023,1979,0.082
2017,17398,7887,9511,1161,1027,974,510,1035,2202,2004,2438,1375,1353,1744,933,642,10917,13140,0.755,1550,0.089,0,0,1727,0.099,885,0.051,1860,0.107
2018,21921,10660,11261,1557,1402,1985,1619,674,2002,3459,3862,1616,921,1396,1018,410,14153,17556,0.801,850,0.039,0,0,1888,0.086,1271,0.058,3206,0.146
2019,58158,27932,30226,2533,2927,3044,3762,3836,7532,7718,8015,5439,4027,5219,2784,1322,40329,28071,0.483,18162,0.312,0,0,5965,0.103,4453,0.077,10448,0.18
2020,30086,14366,15720,1874,2469,2961,2302,989,1919,4133,5438,2401,1352,2308,1248,692,18534,25481,0.847,903,0.03,19,0.001,2147,0.071,1031,0.034,2301,0.076
2021,1574,710,864,121,62,64,42,90,239,209,249,109,144,153,66,26,1082,1437,0.913,36,0.023,0,0,9,0.006,32,0.02,216,0.137
2101,4576,2321,2255,168,255,256,142,220,529,592,706,406,264,659,257,122,2859,4296,0.939,95,0.021,0,0,148,0.032,31,0.007,330,0.072
2102,2100,981,1119,111,77,129,107,95,278,197,328,207,139,215,151,66,1351,1950,0.929,74,0.035,0,0,0,0,14,0.007,81,0.039
2103,2601,1272,1329,216,204,174,193,157,251,297,419,163,190,208,89,40,1670,2491,0.958,12,0.005,23,0.009,41,0.016,0,0,103,0.04
2104,5764,2911,2853,204,361,248,374,307,377,654,1004,430,457,694,416,238,3603,5472,0.949,49,0.009,20,0.003,80,0.014,23,0.004,697,0.121
2105,3055,1446,1609,187,147,200,204,192,264,290,496,342,259,276,161,37,2047,2923,0.957,21,0.007,0,0,66,0.022,19,0.006,74,0.024
2106,2302,1105,1197,119,140,190,146,120,138,263,457,117,153,259,82,118,1394,2146,0.932,54,0.023,11,0.005,3,0.001,16,0.007,158,0.069
2107,5523,2751,2772,260,367,470,483,295,564,658,949,476,437,382,96,86,3862,4548,0.823,407,0.074,0,0,313,0.057,88,0.016,306,0.055
2108,9501,4595,4906,554,619,475,791,821,1090,1289,1200,621,446,803,542,250,6258,7987,0.841,313,0.033,9,0.001,411,0.043,605,0.064,1683,0.177
2109,1562,769,793,83,97,48,90,78,156,130,228,208,154,214,53,23,1044,1495,0.957,10,0.006,0,0,23,0.015,4,0.003,41,0.026
2110,2655,1207,1448,83,123,133,192,193,246,306,466,317,159,267,133,37,1879,2547,0.959,29,0.011,0,0,79,0.03,0,0,68,0.026
2111,1853,931,922,57,88,122,102,97,171,147,322,224,131,203,157,32,1194,1829,0.987,2,0.001,0,0,13,0.007,0,0,94,0.051
2112,5488,2907,2581,192,306,310,227,533,503,761,1002,473,417,554,159,51,3916,5043,0.919,202,0.037,0,0,90,0.016,78,0.014,574,0.105
2113,2973,1494,1479,84,112,197,175,216,352,292,496,290,239,269,147,104,2060,2808,0.945,32,0.011,0,0,68,0.023,0,0,62,0.021
2114,2839,1500,1339,160,152,164,238,184,330,272,560,244,180,188,93,74,2008,2761,0.973,11,0.004,0,0,26,0.009,15,0.005,120,0.042
2115,8288,3760,4528,344,463,526,502,424,792,951,1141,767,624,1007,313,434,5201,7102,0.857,523,0.063,0,0,325,0.039,259,0.031,671,0.081
2116,7434,3712,3722,472,373,463,510,333,768,898,1433,667,368,732,273,144,4977,6165,0.829,531,0.071,28,0.004,464,0.062,150,0.02,676,0.091
2117,2478,1257,1221,55,202,191,115,140,379,237,486,186,116,172,144,55,1659,2355,0.95,44,0.018,12,0.005,8,0.003,12,0.005,196,0.079
2119,14415,6925,7490,714,1043,967,1023,895,1890,1769,2096,1122,929,1059,543,365,9724,11147,0.773,1659,0.115,28,0.002,249,0.017,524,0.036,2054,0.142
2120,3217,1580,1637,195,184,220,174,169,506,277,480,258,263,283,172,36,2127,3101,0.964,61,0.019,0,0,0,0,0,0,137,0.043
2121,6478,3164,3314,356,300,412,369,371,951,938,1166,591,308,377,199,140,4694,5506,0.85,415,0.064,0,0,251,0.039,189,0.029,852,0.132
2122,6458,3142,3316,149,313,455,532,409,451,836,1128,689,520,704,231,41,4565,6218,0.963,35,0.005,19,0.003,101,0.016,13,0.002,306,0.047
2123,4733,2206,2527,108,0,161,310,342,366,146,720,332,441,822,639,346,2657,4462,0.943,128,0.027,6,0.001,90,0.019,6,0.001,128,0.027