GEOID,pop2016
"34001000100",2142
"34001000200",3296
"34001000300",4194
"34001000400",2941
"34001000500",3298
"34001001100",1882
"34001001200",3306
"34001001300",1576
"34001001400",3540
"34001001500",1761
"34001001900",1413
"34001002300",2469
"34001002400",2620
"34001002500",3934
"34001010101",3154
"34001010102",1813
"34001010104",1415
"34001010105",2584
"34001010200",5866
"34001010300",2423
"34001010401",5878
"34001010403",7138
"34001010501",6870
"34001010503",7454
"34001010505",2686
"34001010506",5261
"34001010600",4153
"34001010700",5987
"34001010800",3383
"34001010900",5638
"34001011000",2514
"34001011100",2749
"34001011201",1768
"34001011202",7366
"34001011300",4422
"34001011401",4314
"34001011403",5654
"34001011404",9439
"34001011500",6811
"34001011600",4957
"34001011701",8862
"34001011702",3166
"34001011802",16571
"34001011803",4626
"34001011804",6857
"34001011805",1999
"34001011900",8433
"34001012000",4524
"34001012100",2841
"34001012200",5297
"34001012302",3502
"34001012401",2935
"34001012402",1907
"34001012501",2584
"34001012502",1470
"34001012602",1408
"34001012701",3250
"34001012702",1819
"34001012801",3836
"34001012802",1555
"34001013000",3239
"34001013101",1129
"34001013102",1708
"34001013201",3025
"34001013202",2447
"34001013301",2029
"34001013302",2731
"34001013500",2392
"34001983400",2328
"34001990000",0
"34003001000",6762
"34003002100",1513
"34003002200",5412
"34003002300",5819
"34003003100",5154
"34003003200",5002
"34003003300",6724
"34003003401",2788
"34003003402",3702
"34003003500",4002
"34003004001",3359
"34003004002",5003
"34003005000",6191
"34003006100",6690
"34003006201",4227
"34003006202",5149
"34003006300",8817
"34003007001",3898
"34003007002",4687
"34003008000",8730
"34003009100",4959
"34003009200",3418
"34003010100",5883
"34003010200",4457
"34003010300",7354
"34003011100",4382
"34003011200",5001
"34003011300",4328
"34003011400",6401
"34003012001",6174
"34003012002",3292
"34003013001",6669
"34003013002",5515
"34003014000",7611
"34003015100",2829
"34003015200",6307
"34003015300",5920
"34003015400",6939
"34003015500",6337
"34003016000",5356
"34003017100",7046
"34003017200",6159
"34003017300",6004
"34003017400",5473
"34003017500",8399
"34003018100",7425
"34003018200",6844
"34003019102",3337
"34003019103",4232
"34003019104",3959
"34003019202",2113
"34003019203",2999
"34003019204",3560
"34003019303",5574
"34003019304",2683
"34003019305",6516
"34003019306",2017
"34003020100",4060
"34003020200",6823
"34003021100",6734
"34003021200",5711
"34003021300",4443
"34003021400",5032
"34003021500",5092
"34003021600",4566
"34003022100",3905
"34003022200",7921
"34003023100",3234
"34003023200",6641
"34003023301",2967
"34003023302",5430
"34003023401",3872
"34003023402",5929
"34003023501",3744
"34003023502",4759
"34003023601",2741
"34003023602",5064
"34003024100",5923
"34003024200",4761
"34003025100",6429
"34003025200",5662
"34003026100",4627
"34003026200",5768
"34003027000",4101
"34003028001",5312
"34003028002",3799
"34003029100",4440
"34003029200",6387
"34003030100",5543
"34003030200",7169
"34003030300",4567
"34003030400",7219
"34003031100",6221
"34003031200",4728
"34003031300",5152
"34003031400",5929
"34003032102",5909
"34003032103",5149
"34003032104",4552
"34003032201",5730
"34003032202",4985
"34003033100",3796
"34003033200",2392
"34003033300",3466
"34003034000",7263
"34003035100",8438
"34003035200",5816
"34003036100",2687
"34003036200",2739
"34003037100",5648
"34003037201",3847
"34003037202",7083
"34003038100",5613
"34003038200",4218
"34003038300",5893
"34003039100",4166
"34003039200",5976
"34003039300",2867
"34003040001",3566
"34003040002",4568
"34003041100",5870
"34003041200",4499
"34003041301",5638
"34003041302",4547
"34003042100",7404
"34003042301",4425
"34003042302",5757
"34003042400",4468
"34003042500",4559
"34003043001",4184
"34003043002",4620
"34003044100",6268
"34003044201",3747
"34003044202",4948
"34003045100",8325
"34003045200",2923
"34003046100",4418
"34003046200",3923
"34003046300",4593
"34003047100",6009
"34003047200",4447
"34003047300",3166
"34003047400",4729
"34003047500",6918
"34003048100",3884
"34003048200",7646
"34003049001",4487
"34003049002",5489
"34003050000",5613
"34003051100",6130
"34003051200",2577
"34003051300",4536
"34003051400",5184
"34003052100",7727
"34003052200",6191
"34003053100",3212
"34003053200",8242
"34003054100",8340
"34003054200",4595
"34003054300",6594
"34003054400",7750
"34003054500",4822
"34003054600",8442
"34003055100",6792
"34003055200",7895
"34003056100",4966
"34003056200",4982
"34003057101",4458
"34003057102",3666
"34003057200",3456
"34003058100",3806
"34003058200",5437
"34003059100",5361
"34003059200",5784
"34003060000",8630
"34003061100",4553
"34003061200",3315
"34003061300",3918
"34003061400",5261
"34005700102",2606
"34005700103",2808
"34005700104",1809
"34005700200",2704
"34005700303",3652
"34005700304",2574
"34005700305",5035
"34005700306",2489
"34005700307",2743
"34005700401",1963
"34005700402",3289
"34005700403",4506
"34005700405",1866
"34005700407",5029
"34005700408",2076
"34005700501",5417
"34005700502",2042
"34005700503",3559
"34005700504",3030
"34005700505",6388
"34005700602",5786
"34005700603",5996
"34005700605",4849
"34005700701",3253
"34005700702",2482
"34005700703",2149
"34005700800",4485
"34005700900",2348
"34005701001",5188
"34005701002",3543
"34005701102",5597
"34005701103",6269
"34005701104",4599
"34005701105",6122
"34005701201",3104
"34005701203",2087
"34005701204",2470
"34005701205",2153
"34005701301",4423
"34005701302",2812
"34005701303",5354
"34005701401",6393
"34005701402",2145
"34005701502",4055
"34005701700",3840
"34005702101",4366
"34005702203",3580
"34005702204",2319
"34005702206",2055
"34005702207",3096
"34005702208",6608
"34005702209",3158
"34005702210",4486
"34005702300",1416
"34005702400",3298
"34005702500",5954
"34005702601",4576
"34005702603",2490
"34005702700",8703
"34005702801",2082
"34005702802",3352
"34005702803",3718
"34005702804",2539
"34005702805",3967
"34005702806",3261
"34005702807",3401
"34005702808",3383
"34005702809",2141
"34005702810",1295
"34005702811",2406
"34005702905",4125
"34005702906",2040
"34005702907",2629
"34005702908",4170
"34005702909",6418
"34005702910",5101
"34005702913",4977
"34005702914",4236
"34005702915",4257
"34005702917",1830
"34005702918",1735
"34005703000",6048
"34005703102",2661
"34005703103",4662
"34005703104",4964
"34005703201",3725
"34005703202",2632
"34005703203",3844
"34005703600",6868
"34005703700",6415
"34005703801",6818
"34005703802",4501
"34005703803",4963
"34005703804",7011
"34005703900",4031
"34005704004",3691
"34005704005",3942
"34005704006",2063
"34005704007",3636
"34005704008",5084
"34005704009",4503
"34005704011",3113
"34005704012",5681
"34005704013",5085
"34005704014",8395
"34005704200",8768
"34005704302",5718
"34005704500",3799
"34005704600",2507
"34005704700",3761
"34005704801",3258
"34005704802",5287
"34005981802",1798
"34005982111",880
"34007600200",1933
"34007600400",2904
"34007600700",1497
"34007600800",5270
"34007600900",4064
"34007601000",6503
"34007601101",3283
"34007601102",5707
"34007601200",6291
"34007601300",4305
"34007601400",4623
"34007601500",4932
"34007601600",2649
"34007601700",3146
"34007601800",1206
"34007601900",2727
"34007602000",6478
"34007602503",2417
"34007602601",2669
"34007602602",2947
"34007602901",4413
"34007602902",3304
"34007603001",3901
"34007603002",4515
"34007603100",3726
"34007603200",6721
"34007603301",5498
"34007603302",6379
"34007603303",2837
"34007603400",7313
"34007603501",6245
"34007603503",4558
"34007603504",2633
"34007603505",3482
"34007603506",6126
"34007603507",6720
"34007603601",3558
"34007603602",2557
"34007603603",2340
"34007603700",3892
"34007603800",5132
"34007603901",5146
"34007603902",2779
"34007604100",2915
"34007604200",3199
"34007604300",3821
"34007604400",3386
"34007604600",2013
"34007604700",1941
"34007605100",2115
"34007605200",2857
"34007605300",2023
"34007605400",2610
"34007605602",2799
"34007605700",3425
"34007605800",2749
"34007605900",2749
"34007606000",1993
"34007606100",2275
"34007606200",3729
"34007606300",2334
"34007606400",3034
"34007606500",2897
"34007606600",2328
"34007606700",4413
"34007606800",3854
"34007607000",4480
"34007607100",3914
"34007607200",4414
"34007607300",4289
"34007607401",2680
"34007607402",2727
"34007607502",5642
"34007607503",6509
"34007607504",3621
"34007607505",4415
"34007607506",3470
"34007607507",5560
"34007607600",2223
"34007607701",6124
"34007607702",3806
"34007607801",5024
"34007607802",2400
"34007607900",1907
"34007608001",3358
"34007608202",3876
"34007608205",3996
"34007608206",3537
"34007608209",3343
"34007608210",3956
"34007608211",5848
"34007608302",4468
"34007608303",2696
"34007608304",6152
"34007608401",4077
"34007608402",3955
"34007608403",7326
"34007608404",6398
"34007608503",2721
"34007608504",3365
"34007608600",4911
"34007608700",7547
"34007608800",5487
"34007608901",5977
"34007608903",3309
"34007608904",1419
"34007609000",1499
"34007609103",5196
"34007609201",4367
"34007609202",4923
"34007609203",9250
"34007609204",4218
"34007609205",5993
"34007610300",2151
"34007610400",4939
"34007610500",7550
"34007610600",1204
"34007610800",2718
"34007610900",3348
"34007611000",6274
"34007611100",3081
"34007611200",4568
"34007611300",4072
"34007611400",4361
"34007611500",4976
"34007611600",3944
"34007611700",3023
"34009020101",3936
"34009020102",2160
"34009020201",1453
"34009020203",2094
"34009020205",700
"34009020206",859
"34009020301",4484
"34009020302",4485
"34009020400",2940
"34009020500",2490
"34009020600",2203
"34009020700",4041
"34009020800",1955
"34009020901",955
"34009020902",1409
"34009021001",2199
"34009021002",3539
"34009021100",4787
"34009021300",3849
"34009021400",3707
"34009021500",1742
"34009021600",3131
"34009021701",2688
"34009021702",2407
"34009021803",3022
"34009021804",5761
"34009021805",4302
"34009021806",2710
"34009021900",2239
"34009022000",3491
"34009022101",1667
"34009022102",6300
"34009990100",0
"34011010101",2638
"34011010103",5066
"34011010200",5026
"34011010301",3178
"34011010302",1177
"34011010401",5067
"34011010402",1091
"34011010500",1661
"34011010600",4806
"34011010700",7473
"34011010800",3069
"34011020100",1096
"34011020200",3129
"34011020300",6412
"34011020400",3278
"34011020502",1653
"34011020503",5359
"34011020600",3914
"34011030100",954
"34011030200",4539
"34011030300",3461
"34011030400",8294
"34011030501",6418
"34011030502",4284
"34011040300",3474
"34011040400",7025
"34011040500",6306
"34011040600",7022
"34011040700",8557
"34011040800",5168
"34011040901",2939
"34011040902",6062
"34011041000",8086
"34011041100",5718
"34011990000",0
"34013000100",6872
"34013000200",3466
"34013000300",3716
"34013000400",1917
"34013000500",1847
"34013000600",3779
"34013000700",6949
"34013000800",4398
"34013000900",3325
"34013001000",3647
"34013001100",3187
"34013001300",1584
"34013001400",2697
"34013001500",1726
"34013001600",1876
"34013001700",2415
"34013001800",2161
"34013001900",1869
"34013002000",4193
"34013002100",3267
"34013002201",9360
"34013002202",3327
"34013002300",5076
"34013002400",2692
"34013002500",3906
"34013002600",1622
"34013002800",1673
"34013003100",2212
"34013003500",2109
"34013003700",1820
"34013003800",2292
"34013003900",1304
"34013004100",2891
"34013004200",2163
"34013004300",2624
"34013004400",1340
"34013004500",3232
"34013004600",2729
"34013004700",5149
"34013004801",2275
"34013004802",2982
"34013004900",3494
"34013005000",2822
"34013005100",2136
"34013005200",1401
"34013005300",2144
"34013005400",4179
"34013005700",2427
"34013006200",1583
"34013006400",1099
"34013006600",1352
"34013006700",4116
"34013006800",5695
"34013006900",4853
"34013007000",3451
"34013007100",4042
"34013007200",3823
"34013007300",5713
"34013007400",5217
"34013007501",4616
"34013007502",2616
"34013007600",3339
"34013007700",2748
"34013007800",4076
"34013007900",3890
"34013008000",2362
"34013008100",3669
"34013008200",2160
"34013008700",3399
"34013008800",1886
"34013008900",1833
"34013009000",1938
"34013009100",2865
"34013009200",3079
"34013009300",5209
"34013009400",6034
"34013009500",5696
"34013009600",4892
"34013009700",5360
"34013009900",2459
"34013010000",2961
"34013010100",2745
"34013010200",4552
"34013010300",3461
"34013010400",4577
"34013010500",4878
"34013010600",4060
"34013010700",3068
"34013010800",2628
"34013010900",2593
"34013011100",3986
"34013011200",3398
"34013011300",3634
"34013011400",4563
"34013011500",2361
"34013011600",3334
"34013011700",2965
"34013011800",2177
"34013011900",1612
"34013012000",6372
"34013012100",3757
"34013012200",5122
"34013012300",5069
"34013012400",4524
"34013012500",3575
"34013012600",2978
"34013012700",4226
"34013012800",3354
"34013012900",3543
"34013013000",1935
"34013013100",2037
"34013013200",2343
"34013013300",3588
"34013013400",3849
"34013013500",4413
"34013013600",6662
"34013013700",4377
"34013013800",4253
"34013013900",4939
"34013014000",4012
"34013014100",3701
"34013014200",4096
"34013014300",5454
"34013014400",3696
"34013014500",4602
"34013014600",4525
"34013014700",5983
"34013014800",3235
"34013014900",4772
"34013015000",3141
"34013015100",4898
"34013015200",4097
"34013015300",2731
"34013015400",5006
"34013015500",4212
"34013015600",4579
"34013015700",2553
"34013015800",4219
"34013015900",5367
"34013016000",7573
"34013016100",3506
"34013016200",3356
"34013016300",3718
"34013016400",3593
"34013016500",3880
"34013016600",3209
"34013016700",2600
"34013016800",3404
"34013016900",2870
"34013017000",2551
"34013017100",2429
"34013017200",3180
"34013017301",5407
"34013017302",7654
"34013017400",5508
"34013017500",6191
"34013017600",4975
"34013017700",4914
"34013017800",3176
"34013017900",3577
"34013018000",5808
"34013018100",2121
"34013018200",4170
"34013018300",4919
"34013018400",2074
"34013018600",4080
"34013018700",4784
"34013018800",4433
"34013018900",3885
"34013019000",4267
"34013019100",4034
"34013019200",4542
"34013019300",3591
"34013019400",3012
"34013019500",3888
"34013019600",5894
"34013019700",6355
"34013019800",2843
"34013019900",2604
"34013020000",5856
"34013020100",4902
"34013020200",4928
"34013020300",4493
"34013020400",5346
"34013020500",7664
"34013020600",4935
"34013020700",4254
"34013020800",7499
"34013020901",2205
"34013020902",5849
"34013021000",5176
"34013021100",4506
"34013021200",3731
"34013021300",6017
"34013021400",6514
"34013021601",7400
"34013021602",6621
"34013021701",3621
"34013021702",4350
"34013021801",2730
"34013021802",3500
"34013021803",4613
"34013022700",2700
"34013022800",2187
"34013022900",4313
"34013023000",2725
"34013023100",2579
"34013023200",2991
"34013980100",2619
"34013980200",1466
"34015500100",4185
"34015500201",2427
"34015500202",4339
"34015500203",4362
"34015500204",6532
"34015500205",3554
"34015500300",2983
"34015500400",5937
"34015500500",4839
"34015500600",10396
"34015500701",7775
"34015500702",5907
"34015500703",1310
"34015500800",2225
"34015500900",2993
"34015501001",2114
"34015501002",4315
"34015501003",3500
"34015501101",3985
"34015501102",6856
"34015501103",5156
"34015501104",3187
"34015501105",2994
"34015501106",3882
"34015501107",4394
"34015501201",6309
"34015501202",4767
"34015501203",3183
"34015501204",3706
"34015501205",2753
"34015501206",3821
"34015501208",4034
"34015501209",7032
"34015501210",3531
"34015501212",3760
"34015501213",4913
"34015501301",3527
"34015501302",2753
"34015501303",2550
"34015501402",3406
"34015501403",3837
"34015501404",3197
"34015501405",4474
"34015501406",4666
"34015501500",8545
"34015501603",6046
"34015501604",7441
"34015501605",4413
"34015501606",7362
"34015501608",5343
"34015501609",6127
"34015501701",5203
"34015501702",2511
"34015501703",4193
"34015501704",4598
"34015501800",1572
"34015501900",4120
"34015502001",6041
"34015502002",6889
"34015502100",3167
"34015502200",12381
"34015502300",2585
"34015502400",5949
"34017000100",6278
"34017000200",5279
"34017000300",4259
"34017000400",3689
"34017000500",4422
"34017000600",5770
"34017000700",3097
"34017000800",3570
"34017000902",6087
"34017001000",1964
"34017001100",5371
"34017001201",2175
"34017001202",1357
"34017001300",2896
"34017001400",4172
"34017001701",4381
"34017001800",3885
"34017001900",1481
"34017002000",3739
"34017002200",1681
"34017002300",2414
"34017002400",2622
"34017002700",5670
"34017002800",5647
"34017002900",3816
"34017003000",2855
"34017003100",5236
"34017003500",1918
"34017004000",5510
"34017004101",7592
"34017004102",3321
"34017004200",5602
"34017004300",2389
"34017004400",2635
"34017004500",4084
"34017004600",2496
"34017004700",2777
"34017004800",3790
"34017004900",3879
"34017005200",4482
"34017005300",3130
"34017005400",7079
"34017005500",2870
"34017005600",4186
"34017005801",5564
"34017005802",1649
"34017005900",7561
"34017006000",4005
"34017006100",7258
"34017006200",3784
"34017006300",4499
"34017006400",2835
"34017006500",2086
"34017006600",1617
"34017006700",3166
"34017006800",3892
"34017006900",72
"34017007000",4417
"34017007100",3313
"34017007200",2444
"34017007300",2384
"34017007400",5052
"34017007500",6041
"34017007600",7676
"34017007700",9154
"34017007800",1724
"34017010100",6927
"34017010200",2970
"34017010300",3085
"34017010400",4341
"34017010500",5384
"34017010600",7222
"34017010700",3663
"34017010800",3565
"34017010900",2149
"34017011000",2012
"34017011100",4526
"34017011200",6334
"34017011300",2614
"34017011400",3572
"34017011500",2968
"34017011600",3968
"34017012300",2466
"34017012400",2994
"34017012500",4019
"34017012600",3711
"34017012700",6393
"34017012800",4420
"34017012900",4000
"34017013000",3929
"34017013100",2229
"34017013200",4286
"34017013300",3120
"34017013400",2665
"34017013500",5079
"34017013600",2225
"34017013700",2486
"34017013800",2913
"34017013900",3477
"34017014000",4921
"34017014101",4111
"34017014102",5190
"34017014200",5945
"34017014300",5112
"34017014400",7631
"34017014501",6513
"34017014502",3338
"34017014600",3753
"34017014700",5959
"34017014800",6018
"34017014900",3479
"34017015001",2244
"34017015002",6086
"34017015100",3106
"34017015201",2737
"34017015202",6359
"34017015300",4248
"34017015500",5651
"34017015600",4427
"34017015700",3858
"34017015801",3300
"34017015802",6148
"34017015900",5885
"34017016000",3333
"34017016100",3422
"34017016200",4243
"34017016300",5025
"34017016400",3565
"34017016500",4775
"34017016600",4187
"34017016700",1568
"34017016800",3538
"34017016900",3030
"34017017000",5316
"34017017100",4906
"34017017200",3369
"34017017300",2443
"34017017400",2798
"34017017500",4378
"34017017600",3608
"34017017700",1853
"34017017800",6338
"34017017900",3022
"34017018000",4054
"34017018100",2895
"34017018200",4356
"34017018301",2713
"34017018302",4133
"34017018400",5504
"34017018500",6387
"34017018600",2627
"34017018701",2535
"34017018702",4232
"34017018800",3350
"34017018900",3657
"34017019000",4822
"34017019100",3516
"34017019200",4027
"34017019300",2915
"34017019400",2793
"34017019800",6622
"34017019900",5494
"34017020000",4995
"34017020100",2279
"34017032400",6531
"34017980100",0
"34019010100",5830
"34019010200",7326
"34019010300",2809
"34019010400",4626
"34019010500",5157
"34019010600",6092
"34019010701",5599
"34019010702",3281
"34019010801",2676
"34019010802",1945
"34019010900",3527
"34019011001",7092
"34019011002",5865
"34019011100",5270
"34019011201",7219
"34019011202",3391
"34019011301",6375
"34019011302",7548
"34019011303",4641
"34019011304",3499
"34019011400",4624
"34019011500",5048
"34019011600",5129
"34019011700",3888
"34019011800",2774
"34019011900",3820
"34021000100",3281
"34021000200",4042
"34021000300",4084
"34021000400",4672
"34021000500",4814
"34021000600",4658
"34021000700",3524
"34021000800",2270
"34021000900",3452
"34021001000",2722
"34021001101",2526
"34021001102",3459
"34021001200",4050
"34021001300",4570
"34021001401",3878
"34021001402",1873
"34021001500",2851
"34021001600",1178
"34021001700",3399
"34021001800",4570
"34021001900",1717
"34021002000",1401
"34021002100",4577
"34021002200",5601
"34021002400",565
"34021002500",6751
"34021002601",4566
"34021002602",4255
"34021002701",4100
"34021002702",5597
"34021002800",7829
"34021002902",4454
"34021002903",3286
"34021002904",4910
"34021003001",5488
"34021003002",5325
"34021003003",6349
"34021003004",5280
"34021003006",5609
"34021003007",3301
"34021003008",5101
"34021003009",5598
"34021003100",4545
"34021003201",7884
"34021003202",5623
"34021003301",6847
"34021003302",7895
"34021003400",2313
"34021003500",6823
"34021003601",3664
"34021003602",3612
"34021003703",7087
"34021003704",2805
"34021003705",6239
"34021003706",3514
"34021003800",7412
"34021003902",1940
"34021003903",2527
"34021003904",5913
"34021003905",4899
"34021004000",5832
"34021004201",7814
"34021004203",4041
"34021004204",5314
"34021004301",8761
"34021004304",8082
"34021004306",5537
"34021004307",5627
"34021004309",4507
"34021004310",9738
"34021004403",5413
"34021004404",7067
"34021004405",8188
"34021004406",4986
"34021004407",7053
"34021004501",6549
"34021004502",1178
"34023000100",7633
"34023000200",6026
"34023000300",7284
"34023000401",3604
"34023000403",5704
"34023000404",4709
"34023000501",4513
"34023000502",6194
"34023000603",2021
"34023000606",7095
"34023000608",1738
"34023000701",3352
"34023000702",5170
"34023000801",4062
"34023000802",2815
"34023000901",2390
"34023000902",4557
"34023001001",2544
"34023001002",7538
"34023001100",4516
"34023001200",5107
"34023001300",4369
"34023001409",3318
"34023001410",4141
"34023001411",3189
"34023001412",3344
"34023001413",5483
"34023001414",5182
"34023001415",5084
"34023001416",9164
"34023001417",2023
"34023001502",6063
"34023001504",5690
"34023001505",2176
"34023001506",5705
"34023001600",4986
"34023001701",5159
"34023001702",3561
"34023001803",3199
"34023001804",4224
"34023001805",5070
"34023001901",5128
"34023001902",2198
"34023001903",3502
"34023002000",4008
"34023002101",2193
"34023002102",3923
"34023002200",3734
"34023002301",3866
"34023002302",3543
"34023002401",5435
"34023002402",1616
"34023002500",6605
"34023002603",5106
"34023002604",6235
"34023002605",2775
"34023002701",5705
"34023002703",5504
"34023002805",2508
"34023002901",3398
"34023002902",3376
"34023003001",4122
"34023003002",6103
"34023003101",2552
"34023003102",4669
"34023003201",3151
"34023003203",3685
"34023003300",5447
"34023003401",3686
"34023003500",3319
"34023003600",7266
"34023003700",3708
"34023003800",8338
"34023004000",4023
"34023004100",2571
"34023004200",3080
"34023004300",3928
"34023004400",4699
"34023004500",8332
"34023004600",5468
"34023004700",4202
"34023004800",5449
"34023004900",4985
"34023005000",5095
"34023005100",5854
"34023005200",5318
"34023005300",3730
"34023005500",3860
"34023005601",2840
"34023005602",7672
"34023005700",5252
"34023005800",5376
"34023006001",2362
"34023006002",8106
"34023006101",6507
"34023006103",5115
"34023006104",3971
"34023006203",9582
"34023006204",1793
"34023006205",6749
"34023006206",1707
"34023006207",6524
"34023006300",6993
"34023006403",2843
"34023006500",7116
"34023006601",2507
"34023006604",6647
"34023006605",3903
"34023006606",2951
"34023006607",2847
"34023006608",3701
"34023006701",3781
"34023006703",6131
"34023006800",4952
"34023006900",3253
"34023007000",7886
"34023007101",3516
"34023007102",4701
"34023007103",5354
"34023007202",4702
"34023007203",5005
"34023007301",3047
"34023007303",1851
"34023007304",6905
"34023007402",4352
"34023007500",3131
"34023007600",5563
"34023007702",5930
"34023007703",3430
"34023007704",2746
"34023007801",3295
"34023007804",5075
"34023007805",4679
"34023007806",4046
"34023007905",2244
"34023007906",1507
"34023007907",3200
"34023007908",4697
"34023007909",4331
"34023007910",3207
"34023007911",3615
"34023007912",7029
"34023008001",6904
"34023008101",4434
"34023008102",3859
"34023008103",2283
"34023008202",14134
"34023008204",4456
"34023008205",3377
"34023008206",3618
"34023008207",2662
"34023008208",12054
"34023008209",3527
"34023008300",5947
"34023008403",7546
"34023008404",3995
"34023008405",4882
"34023008406",2176
"34023008501",5810
"34023008502",5111
"34023008503",8974
"34023008504",6761
"34023008601",5170
"34023008602",5250
"34023008604",5950
"34023008605",2596
"34023008606",4154
"34023008700",3821
"34023008800",12831
"34023008900",4117
"34023009000",7622
"34023009100",3632
"34023009200",4852
"34023009300",5714
"34023009400",5554
"34025800100",4818
"34025800200",4289
"34025800400",3532
"34025800500",4382
"34025800601",5176
"34025800602",3295
"34025800701",5081
"34025800702",3724
"34025800800",6269
"34025800900",5618
"34025801000",4227
"34025801100",4202
"34025801200",3692
"34025801300",5881
"34025801400",4032
"34025801500",6348
"34025801600",5558
"34025801700",4230
"34025801800",5549
"34025801900",3270
"34025802000",3800
"34025802100",6233
"34025802200",3768
"34025802300",4499
"34025802400",5408
"34025802500",3015
"34025802600",4573
"34025802700",4048
"34025802800",4693
"34025802900",1988
"34025803000",5446
"34025803100",3380
"34025803201",3967
"34025803202",6159
"34025803300",6456
"34025803400",5060
"34025803500",2553
"34025803600",4507
"34025803700",5943
"34025803800",3147
"34025803900",3658
"34025804100",3221
"34025804200",5864
"34025804500",5101
"34025804600",2706
"34025804700",19
"34025804800",9905
"34025805001",4682
"34025805100",4344
"34025805300",5616
"34025805400",4751
"34025805500",4045
"34025805600",2452
"34025805700",3099
"34025805800",3790
"34025805900",5490
"34025806000",3820
"34025806100",3164
"34025806201",3491
"34025806202",4426
"34025806300",2339
"34025806400",4789
"34025806501",4104
"34025806502",3398
"34025806503",3994
"34025806504",2796
"34025806600",5401
"34025807003",4374
"34025807004",2876
"34025807100",2574
"34025807200",2280
"34025807300",3570
"34025807400",3133
"34025807500",2923
"34025807600",2946
"34025807700",4304
"34025807800",4273
"34025807900",3629
"34025808001",4191
"34025808002",2192
"34025808100",4702
"34025808200",4223
"34025808300",1761
"34025808401",2190
"34025808402",3457
"34025808500",6261
"34025808600",6118
"34025808701",4881
"34025808702",4144
"34025808800",4432
"34025808900",4595
"34025809000",1671
"34025809100",2945
"34025809200",1732
"34025809301",3139
"34025809302",2661
"34025809400",4709
"34025809501",8557
"34025809502",8421
"34025809600",7336
"34025809701",5509
"34025809703",4320
"34025809704",5990
"34025809901",4976
"34025809902",4698
"34025809903",274
"34025810001",5783
"34025810002",3536
"34025810003",5190
"34025810004",4094
"34025810101",4272
"34025810102",4170
"34025810200",12808
"34025810300",2078
"34025810401",4419
"34025810402",8054
"34025810501",4495
"34025810502",8043
"34025810503",3871
"34025810600",6234
"34025810700",1820
"34025810800",3510
"34025810900",2908
"34025811000",3617
"34025811101",5633
"34025811102",6685
"34025811200",6014
"34025811301",6286
"34025811303",4256
"34025811304",3134
"34025811401",6040
"34025811402",4073
"34025811501",6241
"34025811502",3596
"34025811600",1398
"34025811900",6906
"34025812000",1903
"34025812100",1394
"34025812200",3319
"34025812300",5142
"34025812400",1951
"34025812501",5995
"34025812502",5271
"34025990000",0
"34027040101",4048
"34027040102",6291
"34027040200",6968
"34027040300",8318
"34027040400",4226
"34027040500",3539
"34027040600",4162
"34027040701",5883
"34027040702",4249
"34027040801",5266
"34027040803",6560
"34027040804",3810
"34027040805",5880
"34027040900",4308
"34027041000",4547
"34027041100",3755
"34027041200",4274
"34027041300",4775
"34027041400",5953
"34027041500",5939
"34027041601",7384
"34027041602",2789
"34027041603",4543
"34027041604",4616
"34027041701",5784
"34027041702",3104
"34027041704",4738
"34027041705",1587
"34027041706",5615
"34027041801",2849
"34027041802",4868
"34027041803",4891
"34027041901",6133
"34027041902",4983
"34027042000",4679
"34027042100",4116
"34027042200",5600
"34027042301",2486
"34027042302",3139
"34027042500",3306
"34027042600",8366
"34027042700",4160
"34027042800",4721
"34027042900",3820
"34027043000",4467
"34027043100",3509
"34027043200",4246
"34027043301",3065
"34027043302",3025
"34027043303",3618
"34027043401",6971
"34027043402",5623
"34027043500",3356
"34027043600",5816
"34027043700",3696
"34027043800",5901
"34027043900",4730
"34027044000",5648
"34027044101",2997
"34027044102",5662
"34027044200",3843
"34027044300",6404
"34027044401",4396
"34027044403",5007
"34027044404",4376
"34027044501",6493
"34027044502",4520
"34027044601",4782
"34027044602",5680
"34027044701",4719
"34027044702",6010
"34027044800",7157
"34027044900",5941
"34027045000",4993
"34027045100",6521
"34027045200",3560
"34027045300",4665
"34027045401",5507
"34027045402",5065
"34027045501",4927
"34027045502",8479
"34027045602",1578
"34027045603",5001
"34027045701",5998
"34027045703",3757
"34027045704",5180
"34027045804",5792
"34027045901",1593
"34027045902",7822
"34027046000",3209
"34027046103",5662
"34027046104",6633
"34027046105",8188
"34027046106",8386
"34027046201",6076
"34027046202",3637
"34027046297",3627
"34027046298",5181
"34027046300",5715
"34027046400",4945
"34029710100",4545
"34029711100",4225
"34029711200",4737
"34029711300",3981
"34029711400",5580
"34029712000",1333
"34029713000",4535
"34029713100",6356
"34029713201",2512
"34029713202",4081
"34029713203",4802
"34029713300",3917
"34029713401",4945
"34029713402",3331
"34029713500",2738
"34029713600",3656
"34029713700",2607
"34029713800",3397
"34029713900",6986
"34029714000",6398
"34029714100",3596
"34029714200",7144
"34029714300",3244
"34029714400",827
"34029715000",9981
"34029715200",12643
"34029715301",8882
"34029715302",6621
"34029715401",5280
"34029715402",5969
"34029715500",13081
"34029715600",8438
"34029715700",10904
"34029715800",8521
"34029715901",2341
"34029715902",4355
"34029716000",3747
"34029717001",2971
"34029717002",4775
"34029717101",8564
"34029717102",4685
"34029717200",8783
"34029717300",5824
"34029717400",5859
"34029717501",7857
"34029717502",7296
"34029718000",8514
"34029720001",4309
"34029720101",6367
"34029720102",3553
"34029720103",4772
"34029720202",3642
"34029720203",4215
"34029720204",5687
"34029720205",3125
"34029720206",6111
"34029721000",2683
"34029722001",5195
"34029722002",8844
"34029722100",5955
"34029722200",2386
"34029722300",3916
"34029722401",5329
"34029722402",3805
"34029722500",1713
"34029722600",2896
"34029722701",4881
"34029722702",4040
"34029722800",4525
"34029722900",5379
"34029723000",5941
"34029723100",4147
"34029723200",6296
"34029723300",7285
"34029723400",3278
"34029723500",2287
"34029723600",2327
"34029724000",3748
"34029725001",3113
"34029725002",5950
"34029725100",2147
"34029726000",1457
"34029727001",2161
"34029727002",1281
"34029728000",5302
"34029729000",1733
"34029730000",2251
"34029731001",3089
"34029731002",3793
"34029731101",3352
"34029731102",6518
"34029731103",4510
"34029731201",4396
"34029731202",4173
"34029731203",1740
"34029731204",3541
"34029731205",3465
"34029731206",2296
"34029732001",6365
"34029732002",9123
"34029732101",6698
"34029732103",2450
"34029732104",3944
"34029733000",8925
"34029734001",8071
"34029734002",6538
"34029734003",7801
"34029735001",6967
"34029735002",9348
"34029735101",2663
"34029735103",4122
"34029735104",3973
"34029736001",3522
"34029736002",1597
"34029736101",6144
"34029736102",7485
"34029736105",3697
"34029737000",3380
"34029738001",2061
"34029738002",1316
"34029738100",1629
"34029739000",2259
"34029739100",1592
"34029980000",0
"34029980100",0
"34029990000",0
"34031116500",8105
"34031124200",7654
"34031124311",4686
"34031124312",4114
"34031124321",6198
"34031124322",4451
"34031124323",3115
"34031124401",7655
"34031124402",5116
"34031124500",5418
"34031124601",4853
"34031124602",4873
"34031124700",6187
"34031124800",4734
"34031124900",5207
"34031125000",7131
"34031125100",3777
"34031133701",5140
"34031133702",3198
"34031143200",6477
"34031143300",5597
"34031143400",6728
"34031154001",6175
"34031154002",8284
"34031163500",8446
"34031175200",5029
"34031175301",3547
"34031175302",4800
"34031175401",5425
"34031175402",5298
"34031175500",7380
"34031175601",2491
"34031175602",6881
"34031175701",5429
"34031175703",4427
"34031175704",4225
"34031175801",4315
"34031175802",6973
"34031175900",3911
"34031180100",8117
"34031180201",3902
"34031180202",7216
"34031180300",5674
"34031180600",4925
"34031180700",2706
"34031180800",3216
"34031180900",3922
"34031181000",4586
"34031181100",6861
"34031181200",4817
"34031181300",5056
"34031181400",2936
"34031181500",3248
"34031181702",2572
"34031181800",3004
"34031181900",4475
"34031182000",1698
"34031182100",3451
"34031182200",3291
"34031182301",1477
"34031182302",5863
"34031182400",4955
"34031182500",7594
"34031182600",5093
"34031182700",6792
"34031182800",3768
"34031182900",2211
"34031183000",7161
"34031183101",3006
"34031183102",4988
"34031183200",2864
"34031196401",4145
"34031196402",6904
"34031203600",5861
"34031216701",6655
"34031216702",5621
"34031223801",2799
"34031223802",7795
"34031223900",234
"34031236601",4681
"34031236602",7008
"34031246001",6321
"34031246002",3112
"34031246003",5581
"34031246101",6669
"34031246102",2999
"34031246103",6245
"34031246104",3097
"34031246201",6198
"34031246202",5061
"34031246203",3961
"34031246300",4946
"34031256801",5664
"34031256802",3574
"34031256803",5129
"34031256804",6760
"34031256805",5282
"34031264101",5964
"34031264102",6525
"34031264200",4355
"34033020100",1727
"34033020200",2057
"34033020300",2790
"34033020400",2785
"34033020500",2517
"34033020600",2485
"34033020700",4030
"34033020800",3473
"34033020900",3381
"34033021000",1445
"34033021101",4808
"34033021102",4132
"34033021201",3261
"34033021202",2365
"34033021300",1851
"34033021400",3293
"34033021500",1946
"34033021600",5467
"34033021700",1937
"34033021900",1585
"34033022000",1927
"34033022100",1299
"34033022201",1715
"34033022202",1060
"34033990000",0
"34035050100",3034
"34035050200",2868
"34035050300",3567
"34035050400",2652
"34035050500",3896
"34035050600",3901
"34035050701",4271
"34035050703",4959
"34035050704",6659
"34035050801",4008
"34035050802",4443
"34035050901",4599
"34035050902",3738
"34035050903",5204
"34035051000",6845
"34035051100",3082
"34035051200",5267
"34035051300",1979
"34035051400",3856
"34035051500",3299
"34035051600",3128
"34035051700",4988
"34035051800",4054
"34035051900",3503
"34035052001",4549
"34035052002",4546
"34035052100",7158
"34035052201",5296
"34035052203",5501
"34035052204",4986
"34035052300",6034
"34035052400",5605
"34035052601",9375
"34035052603",4201
"34035052700",7698
"34035052800",2566
"34035052901",860
"34035052903",6058
"34035052904",2054
"34035053000",4550
"34035053102",4132
"34035053103",5747
"34035053105",7206
"34035053200",6342
"34035053300",5216
"34035053402",6873
"34035053403",4589
"34035053404",10910
"34035053501",4675
"34035053602",6232
"34035053603",4834
"34035053604",3438
"34035053703",3916
"34035053704",2927
"34035053705",6126
"34035053706",5104
"34035053707",3739
"34035053801",500
"34035053803",8394
"34035053804",5627
"34035053805",3564
"34035053901",598
"34035053904",3554
"34035053905",6596
"34035054100",7933
"34035054201",7226
"34035054202",5579
"34035054300",9762
"34037371000",3716
"34037371100",3950
"34037371200",1854
"34037371300",3426
"34037371400",2869
"34037371502",4909
"34037371503",2885
"34037371600",2911
"34037371700",5369
"34037371800",7036
"34037371900",1931
"34037372000",2972
"34037372100",1944
"34037372200",2164
"34037372300",4093
"34037372400",2390
"34037372500",3129
"34037372600",4757
"34037372700",3152
"34037372800",1679
"34037372900",3128
"34037373000",2314
"34037373100",6130
"34037373200",3303
"34037373300",3091
"34037373400",6317
"34037373500",3624
"34037373600",2966
"34037373700",3970
"34037373800",3925
"34037373900",3936
"34037374000",3214
"34037374100",3495
"34037374200",2357
"34037374300",3304
"34037374400",2349
"34037374500",1862
"34037374600",3377
"34037374700",3967
"34037374800",3930
"34037374900",4603
"34039030200",3343
"34039030400",5630
"34039030500",5234
"34039030600",3369
"34039030701",1778
"34039030702",8149
"34039030802",3074
"34039030900",6259
"34039031000",4120
"34039031100",5842
"34039031200",5989
"34039031300",7120
"34039031400",5507
"34039031500",5755
"34039031601",3618
"34039031602",5123
"34039031700",5530
"34039031801",5268
"34039031802",2952
"34039031903",6476
"34039031904",3048
"34039032001",7585
"34039032002",4004
"34039032100",6940
"34039032200",5775
"34039032300",2576
"34039032400",7473
"34039032500",6071
"34039032600",5236
"34039032700",7740
"34039032800",4559
"34039032901",4124
"34039032902",5295
"34039033000",4539
"34039033100",5938
"34039033200",4341
"34039033300",4269
"34039033400",3763
"34039033500",8354
"34039033600",8160
"34039033700",4731
"34039033800",5594
"34039033900",3243
"34039034000",5988
"34039034100",3707
"34039034200",3756
"34039034300",3970
"34039034400",4161
"34039034500",4467
"34039034600",4469
"34039034700",4114
"34039034800",4775
"34039034900",5870
"34039035000",3006
"34039035100",4256
"34039035200",2696
"34039035300",5612
"34039035400",2768
"34039035500",7834
"34039035600",3624
"34039035700",5326
"34039035800",3728
"34039035900",3778
"34039036000",5080
"34039036100",1574
"34039036200",6473
"34039036301",5216
"34039036302",3925
"34039036400",7311
"34039036500",5617
"34039036600",4095
"34039036700",5513
"34039036800",7550
"34039036900",4334
"34039037000",6038
"34039037100",4313
"34039037200",4220
"34039037300",4680
"34039037400",4631
"34039037500",6103
"34039037601",4541
"34039037602",6754
"34039037700",4930
"34039037800",5944
"34039037900",5385
"34039038000",5662
"34039038101",4097
"34039038102",8711
"34039038201",6234
"34039038202",7183
"34039038300",6820
"34039038400",6329
"34039038500",5895
"34039038601",7970
"34039038602",3989
"34039038700",7602
"34039038800",4245
"34039038900",6284
"34039039000",4054
"34039039100",3251
"34039039200",5818
"34039039300",6452
"34039039400",4518
"34039039500",6120
"34039039600",4357
"34039039700",5409
"34039039800",4668
"34039039900",1772
"34041030600",3715
"34041030700",4552
"34041030800",3002
"34041030900",3146
"34041031101",5764
"34041031102",3864
"34041031200",7665
"34041031301",5488
"34041031302",4576
"34041031401",4597
"34041031402",4904
"34041031500",7434
"34041031601",4733
"34041031602",2478
"34041031700",2601
"34041031800",2655
"34041031900",6458
"34041032000",6478
"34041032101",3055
"34041032102",5523
"34041032200",8288
"34041032300",3217
"34041032400",2100
