Place.ID,Place.Name,pct_h_den_res,pct_n_h_density_res,pct_res_urb,pct_com_urb,pct_ind_urb,pct_res_tot,pct_com_tot,pct_ind_tot
"101",absecon city,0.0675006515506907,0.932499348449309,0.700693937180424,0.116995373752131,0.0157657657657658,0.248773529856714,0.0415378963065419,0.00559745845129779
"102",atlantic city,0.982735426008969,0.0172645739910313,0.326059143911979,0.306685674598823,0.00910187520561465,0.0876296762024521,0.0824229801949072,0.00244616472807293
"103",brigantine city,0.658234338945389,0.341765661054611,0.836741990846682,0.0764445080091533,0,0.170787599252686,0.0156031060252219,0
"104",buena boro,0.0177579365079365,0.982242063492063,0.714792228052758,0.0912636505460218,0.0358105233300241,0.208015188410582,0.0265590820917083,0.0104213958479508
"105",buena vista twp,0.0360077420297265,0.963992257970274,0.688984500805153,0.0490388486312399,0.0449627616747182,0.102913431399815,0.00732491976037102,0.00671607573718985
"106",corbin city,0,1,0.732101616628175,0.100846805234796,0.0207852193995381,0.0331237700492851,0.00456279061667334,0.000940422493512826
"107",egg harbor city,0.0269302880518152,0.973069711948185,0.555639738611611,0.142721848659911,0.0429964958802917,0.0804922553471717,0.0206752733608638,0.00622864904169353
"108",egg harbor twp,0.0619657557665501,0.93803424423345,0.520992627915262,0.0801200361752857,0.0282276850557702,0.157297467254689,0.0241897449051358,0.00852246870268168
"109",estell manor city,9.31532370749884e-05,0.999906846762925,0.715428190603132,0.0173275574808397,0.00146617794068644,0.0303938889455147,0.000736135177068823,6.22883611365927e-05
"110",folsom boro,0,1,0.602179836512262,0.0861454621672605,0.0640326975476839,0.105510567582952,0.0150939238693329,0.0112194494941148
"111",galloway twp,0.0799181259949966,0.920081874005003,0.623475696216891,0.0746507099238084,0.00917890836216513,0.0926015626645326,0.0110874769215649,0.00136329493362537
"112",hamilton twp,0.087126764910115,0.912873235089885,0.600081023207361,0.0823658776549569,0.0140401643613635,0.0717354516535655,0.00984625943150167,0.00167840257032202
"113",hammonton town,0.025369289464245,0.974630710535755,0.600054787015477,0.101492946171757,0.0441622478329779,0.115992405101593,0.0196188934444831,0.00853669606790021
"114",linwood city,0.032793247307655,0.967206752692345,0.719009417509592,0.112731077781653,0,0.36932062491042,0.0579045435000717,0
"115",longport boro,0.963014331946371,0.0369856680536292,0.957503320053121,0.0270030987162461,0,0.568911099421357,0.016044187269858,0
"116",margate city,0.93909626719057,0.0609037328094302,0.867965895249695,0.0908647990255785,0,0.682174995213479,0.0714148956538388,0
"117",mullica twp,0.00935246096536419,0.990647539034636,0.79718203070702,0.043312061666772,0.0135527895368674,0.069377352421224,0.00376937267850908,0.00117947547708271
"118",northfield city,0.0105085381872772,0.989491461812723,0.662975864642946,0.163535705399353,0.00416770340880816,0.460388768898488,0.113563714902808,0.00289416846652268
"119",pleasantville city,0.138957816377171,0.861042183622829,0.574247592728529,0.130575586165206,0.0762986312016927,0.286116907983907,0.0650588412469611,0.0380155332286311
"120",port republic city,0,1,0.639552860030919,0.00844333452253538,0,0.0982193406994795,0.00129668523422518,0
"121",somers point city,0.157821368117096,0.842178631882904,0.599725307536128,0.192822166487519,0.00459811298220471,0.315371329879102,0.101397393625373,0.00241796200345423
"122",ventnor city,0.991596638655462,0.00840336134453779,0.807996982270841,0.121337859927072,0,0.393846531012503,0.0591443981367982,0
"123",weymouth twp,0.112240339513067,0.887759660486933,0.807976899476629,0.0378992961559285,0.00460205739036275,0.114992422880333,0.00539388179693319,0.000654971361056173
"201",allendale boro,0.0393604934263918,0.960639506573608,0.802683864243372,0.0618852192039607,0.0500944563872061,0.617891886470765,0.0476381506368469,0.0385618293049845
"202",alpine boro,0.00449790794979079,0.995502092050209,0.704339497531865,0.0109776762690636,0.000810432476239593,0.233432631733164,0.0036382282560922,0.000268594032328954
"203",bergenfield boro,0.145813174544101,0.854186825455899,0.76037127171883,0.0997226781368498,0.0167525043862131,0.722234168368993,0.0947209977421783,0.0159122674981185
"204",bogota boro,0.41994750656168,0.58005249343832,0.733789856623154,0.0847421356730152,0.0624866252942435,0.670250195465207,0.0774042220484754,0.0570758405003909
"205",carlstadt boro,1,0,0.181884908984146,0.0481503229594833,0.544260129183793,0.0921155347384856,0.0243857105683804,0.275640310769116
"206",cliffside park boro,0.96869918699187,0.03130081300813,0.819317235636969,0.138717735220649,0,0.804184373978424,0.136155606407323,0
"207",closter boro,0,1,0.788099701451087,0.112615427341526,0.0369367492883427,0.538115103820992,0.0768939034796624,0.0252204418318005
"208",cresskill boro,0.0309412861136999,0.9690587138863,0.860810268752507,0.0717208182912154,0,0.808895589898228,0.0673954014323408,0
"209",demarest boro,0.010786957587644,0.989213042412356,0.793193971803597,0.0463782207097715,0.000777831793874575,0.61324513267684,0.0358565737051793,0.000601368112455837
"210",dumont boro,0.0819625095638868,0.918037490436113,0.849114828650317,0.0749553353906123,0.00341075198960533,0.835010381728158,0.0737102699249321,0.00335409678965021
"211",elmwood park boro,0.520994532136593,0.479005467863407,0.613170546558704,0.113550101214575,0.136007085020243,0.553569388920617,0.102512849800114,0.122786978869218
"212",east rutherford boro,0.99492385786802,0.00507614213197971,0.185673892554194,0.111467169337103,0.142758404021363,0.114145550061805,0.0685259579728059,0.0877626699629172
"213",edgewater boro,0.897455374097987,0.102544625902013,0.527127127127127,0.295895895895896,0.0346346346346346,0.424608934042896,0.238348653442993,0.0278987260119336
"214",emerson boro,0.013421870584911,0.986578129415089,0.672621875890906,0.0991162216098071,0,0.457353321271646,0.067394675626777,0
"215",englewood city,0.14143045968571,0.85856954031429,0.714830627099664,0.122410414333707,0.0668043113101904,0.645260132040307,0.110496888523865,0.0603026186941277
"216",englewood cliffs boro,0.0869161769254562,0.913083823074544,0.6625,0.181967213114754,0,0.485289702791954,0.13329330531372,0
"217",fair lawn boro,0.291128337639966,0.708871662360034,0.703524158826344,0.108658906075586,0.0565778982618402,0.66042932846322,0.102002934043891,0.0531121822699919
"218",fairview boro,0.986166007905138,0.0138339920948617,0.483101012029788,0.1854114951308,0.112278021768188,0.467911965970039,0.179582023303126,0.108747919363788
"219",fort lee boro,0.866487068965517,0.133512931034483,0.650406504065041,0.185940566302215,0.00616764788337539,0.57776117544515,0.165172456730171,0.00547876976715228
"220",franklin lakes boro,0.00726644547423839,0.992733554525762,0.822299887260428,0.0449605411499436,0.00820744081172491,0.576758235675539,0.0315351647135108,0.00575666998782243
"221",garfield city,0.870532075911049,0.129467924088951,0.646567299006323,0.164333032219211,0.0572869617585065,0.612450085567598,0.155661722760981,0.0542641186537364
"222",glen rock boro,0.0121592317224287,0.987840768277571,0.807757272442915,0.0803253049734126,0.014013137316234,0.742581090407177,0.0738440303657695,0.0128824476650564
"223",hackensack city,0.52501076194576,0.47498923805424,0.454385415851655,0.314138173851811,0.0692825287536186,0.417880913833423,0.288900881453499,0.063716495772621
"224",harrington park boro,0.0156573116691285,0.984342688330871,0.854582176218127,0.039762686190356,0.00151476899772785,0.513267626990144,0.0238817285822593,0.00090978013646702
"225",hasbrouck heights boro,0.989894551845343,0.0101054481546573,0.729643086129515,0.138277409702928,0.0398589442188502,0.697232717247013,0.132135198611253,0.0380884305115899
"226",haworth boro,0,1,0.661070304302203,0.0398740818467996,0,0.377546943667599,0.0227726727926488,0
"227",hillsdale boro,0.00739622641509434,0.992603773584906,0.844271696189627,0.0646106792404741,0.0121702561488467,0.705537806176784,0.0539936102236422,0.0101703940362087
"228",ho-ho-kus boro,0.006153088850603,0.993846911149397,0.881823114487249,0.0448182311448725,0.0124796527400977,0.725470940094635,0.0368717078832247,0.0102669404517454
"229",leonia boro,0.10676532769556,0.89323467230444,0.700222057735011,0.0598322230446583,0.0317049099432519,0.544564904538041,0.0465317087210976,0.0246570085388084
"230",little ferry boro,0.277451619917373,0.722548380082627,0.583333333333333,0.141806189751395,0.124429223744292,0.429732760231732,0.104466454868249,0.0916651093253597
"231",lodi boro,0.928162668939486,0.0718373310605138,0.589379260853965,0.180193756727664,0.0880516684607104,0.560231923601637,0.171282401091405,0.0836971350613916
"232",lyndhurst twp,0.801197042600634,0.198802957399366,0.520620761287957,0.161116881529908,0.114193193621311,0.268107733937449,0.0829714932980933,0.0588068718142345
"233",mahwah twp,0.12071756137038,0.87928243862962,0.625031614088924,0.09607310863444,0.0542582070174847,0.223795897175837,0.0343994880525471,0.0194274399005083
"234",maywood boro,0.0652539522367978,0.934746047763202,0.734074074074074,0.111111111111111,0.0895061728395062,0.72116434202547,0.109157064887811,0.0879320800485143
"235",midland park boro,0.0362453531598513,0.963754646840149,0.779064956557716,0.1414977244518,0.0339263549855192,0.744268774703557,0.135177865612648,0.0324110671936759
"236",montvale boro,0.0463320463320463,0.953667953667954,0.683606872060658,0.153565601305308,0.00187158076590844,0.551896478245709,0.123978148851265,0.00151098368912479
"237",moonachie boro,0.255277044854881,0.744722955145119,0.190070210631896,0.0890170511534604,0.393054162487462,0.135976320746255,0.0636828415104494,0.281191138218674
"238",new milford boro,0.127492085222897,0.872507914777103,0.864870865092874,0.069784651816769,0,0.787003367003367,0.0635016835016835,0
"239",north arlington boro,0.831025387405209,0.168974612594791,0.543061772605193,0.0809310653536258,0.0631154879140555,0.374560049397962,0.0558196974374807,0.0435319543068848
"240",northvale boro,0.00758373709711397,0.992416262902886,0.638896366083445,0.120188425302826,0.176446837146703,0.588155123280882,0.110643042993433,0.162433403543551
"241",norwood boro,0.0467355565993424,0.953264443400658,0.757583844853661,0.0759718886220087,0.0524864335913175,0.475329314579147,0.0476668899307881,0.0329314579147131
"242",oakland boro,0.0133015179976646,0.986698482002335,0.742918568249538,0.0743786067212311,0.0630634028589748,0.350998806065898,0.03514086640412,0.0297948928132295
"243",old tappan boro,0.0474772798495769,0.952522720150423,0.840455652861,0.0645288733785474,0.00158029893988279,0.479129129129129,0.0367867867867868,0.000900900900900901
"244",oradell boro,0.0303290108241346,0.969670989175865,0.67694428322693,0.0829222286709228,0.00181369704004643,0.569971290696964,0.0698185816382628,0.00152709058701362
"245",palisades park boro,1,0,0.681475272422464,0.125873148924281,0.0753003632299525,0.594225849677184,0.109757583140456,0.065659641856499
"246",paramus boro,0.029873141454099,0.970126858545901,0.498588771380964,0.257846771176931,0.00544088142279049,0.436349567727631,0.225659568769251,0.00476169218636073
"247",park ridge boro,0.0633509987770077,0.936649001222992,0.844406196213425,0.0898450946643718,0.000963855421686747,0.729278154358425,0.0775954334641456,0.000832441431799263
"248",ramsey boro,0.0710031830783448,0.928996816921655,0.707467673979369,0.149970942902804,0.017543222432079,0.546168297675462,0.115778257577882,0.0135434483918908
"249",ridgefield boro,0.966866846137917,0.0331331538620833,0.386908100312475,0.0994311353256951,0.133402772213765,0.264356489845076,0.0679367164832758,0.0911479717523403
"250",ridgefield park village,0.1241961414791,0.8758038585209,0.509992825663626,0.105360254176489,0.0929589013016296,0.404618637176777,0.0835908277768743,0.0737518295657831
"251",ridgewood village,0.020430069054349,0.979569930945651,0.835295875672445,0.0866407650926479,0.00191273161984459,0.752875575788595,0.0780917490504539,0.00172399859925114
"252",river edge boro,0.0797815505164431,0.920218449483557,0.788448937564355,0.095291584760835,0.00327623326780867,0.699642827477365,0.0845585181493479,0.00290721820749232
"253",river vale twp,0.0315717227179135,0.968428277282086,0.772236677267033,0.0307410619639588,0,0.580520139090119,0.023109243697479,0
"254",rochelle park twp,0.0812585499316005,0.918741450068399,0.628546861564918,0.229062768701634,0.024591573516767,0.55699481865285,0.202986894239561,0.0217921365437367
"255",rockleigh boro,0,1,0.289983656315667,0.149894933457857,0.0807844968480037,0.192081657902877,0.0992885864522116,0.0535106712032168
"256",rutherford boro,0.963239875389408,0.0367601246105919,0.697270291796394,0.122945478241981,0.0317138512779668,0.520624966210737,0.0917986700546035,0.0236795155971239
"257",saddle brook twp,0.178406534864449,0.821593465135551,0.512840750409811,0.129561046688119,0.126464695525469,0.480489192263936,0.121387940841866,0.118486916951081
"258",saddle river boro,0.021621340002084,0.978378659997916,0.923010339023804,0.0238999759557586,0,0.604478317009416,0.0156520643718704,0
"259",south hackensack twp,0.469208211143695,0.530791788856305,0.242130177514793,0.127810650887574,0.481183431952663,0.214780600461894,0.113373923997481,0.426831828679404
"260",teaneck twp,0.0669718823434082,0.933028117656592,0.716375457131247,0.109682475184304,0.00693678527892262,0.618131730528425,0.0946406210869021,0.0059854745805159
"261",tenafly boro,0.025591528321659,0.974408471678341,0.823425223670466,0.0851991461919251,0.00199827421772106,0.621819054804856,0.0643391179093216,0.00150901982303313
"262",teterboro boro,0,1,0.00370942812982998,0.114219474497682,0.33323029366306,0.00335899230230931,0.103428971308607,0.301749475157453
"263",upper saddle river boro,0.00946654207126315,0.990533457928737,0.878376931587024,0.0502123407444417,0.0113486313836052,0.729533463750074,0.0417037168771119,0.00942557353725769
"264",waldwick boro,0.0322511974454497,0.96774880255455,0.773378333882121,0.103638459005598,0.0286466908133026,0.709699350355039,0.0951050007554011,0.0262879589061792
"265",wallington boro,0.780145399849586,0.219854600150414,0.673590003377237,0.102161431948666,0.103005741303614,0.594929157345265,0.0902311707680835,0.0909768829231916
"266",washington twp,0.040248158200853,0.959751841799147,0.812181142533224,0.0541664042325376,0,0.671299911499818,0.0447706804102244,0
"267",westwood boro,0.0619625137816979,0.938037486218302,0.705342561629987,0.135547087642896,0.0291624543121549,0.615750169721657,0.118329938900204,0.0254582484725051
"268",woodcliff lake boro,0.003929418742586,0.996070581257414,0.77388260944403,0.1067760628837,0,0.594211198731222,0.0819859905722719,0
"269",wood-ridge boro,1,0,0.66274388355528,0.0628677609166925,0.202384639207185,0.603667136812412,0.0572637517630465,0.184344146685472
"270",wyckoff twp,0.0215759555290349,0.978424044470965,0.857508348594204,0.0738715932349456,0.011284067650544,0.748337211215305,0.0644668499847235,0.00984746997579262
"301",bass river twp,0,1,0.413035597766983,0.0891756688175161,0.0231276734575509,0.0113621178971805,0.00245311655494682,0.000636214781323606
"302",beverly city,0.0468959356855739,0.953104064314426,0.728603970061829,0.125284738041002,0.015619915392125,0.460320723684211,0.0791529605263158,0.00986842105263158
"303",bordentown city,0.550475328202807,0.449524671797193,0.51146098633943,0.194489465153971,0.0615883306320908,0.357732793522267,0.136032388663968,0.0430769230769231
"304",bordentown twp,0.135187580853816,0.864812419146184,0.460016365394629,0.131853009000967,0.0329539537305661,0.208693304535637,0.0598170896328294,0.0149500539956803
"305",burlington city,0.26691495965239,0.73308504034761,0.448715270524337,0.184597172898823,0.080635053269271,0.266402083591715,0.109595270577535,0.0478730001240233
"306",burlington twp,0.0863831190240686,0.913616880975931,0.478891586239564,0.105512463733791,0.128229419543293,0.269345618027419,0.0593439529333407,0.0721207748237775
"307",chesterfield twp,0.0117756430120855,0.988224356987914,0.691213640063402,0.0560339288009253,0.00569763954932956,0.11746591049731,0.00952249215559228,0.000968265639674139
"308",cinnaminson twp,0.0354222278717004,0.9645777721283,0.63065494482003,0.096651791678914,0.0846805440504503,0.463628327276299,0.0710539239760338,0.0622532167763481
"309",delanco twp,0.204444444444444,0.795555555555556,0.466897233201581,0.0538537549407115,0.117094861660079,0.215763276861957,0.0248869811406914,0.0541120599114115
"310",delran twp,0.100302780071566,0.899697219928434,0.604331625523987,0.118171535032271,0.0530973451327434,0.391225689733152,0.0765006138140466,0.0343735866123926
"311",eastampton twp,0.0998211091234347,0.900178890876565,0.687238750922056,0.0855667568232112,0.0160642570281125,0.225233695068228,0.0280434081873858,0.00526485441065864
"312",edgewater park twp,0.160832642916321,0.839167357083679,0.661007667031764,0.100424424972618,0.0468236582694414,0.488762907471148,0.0742559222514679,0.0346223931970034
"313",evesham twp,0.165807900647377,0.834192099352623,0.654579822589014,0.113649279731166,0.00693088878456178,0.279902372537522,0.0485971335140075,0.00296369082523733
"314",fieldsboro boro,0.0524193548387097,0.94758064516129,0.658407079646018,0.0504424778761062,0.126548672566372,0.331994645247657,0.0254350736278447,0.0638107987505578
"315",florence twp,0.132314827445096,0.867685172554904,0.515632143485142,0.061086688939687,0.0966062950589063,0.22393279877816,0.0265292096219931,0.041954944635357
"316",hainesport twp,0.0586560364464692,0.941343963553531,0.636034357859878,0.0830487426265135,0.101883473041498,0.283056233592778,0.0369594252291254,0.0453415004835813
"317",lumberton twp,0.0905820496264182,0.909417950373582,0.644817843866171,0.0972490706319703,0.0365204460966543,0.260388144305135,0.0392707882980257,0.0147475620886775
"318",mansfield twp,0.101798286918696,0.898201713081304,0.583300635643098,0.0826859190666771,0.0129744434853122,0.159025266896301,0.0225426641849055,0.00353722285217118
"319",maple shade twp,0.177506489861783,0.822493510138216,0.665157737539668,0.191478439425051,0.0151204032107523,0.581517747858017,0.167401060791514,0.013219094247246
"320",medford twp,0.0479893512680398,0.95201064873196,0.740179937255309,0.0722601052658871,0.00600222977002256,0.224122094255635,0.0218799312277727,0.00181743956915299
"321",medford lakes boro,0,1,0.83143966633108,0.0294836761110312,0,0.712296697880729,0.0252587481517989,0
"322",moorestown twp,0.0297602581834947,0.970239741816505,0.661209931867026,0.0915755940677062,0.0700839849406313,0.452884555154198,0.0627231536967824,0.0480028396634164
"323",mount holly twp,0.198850023957834,0.801149976042166,0.623683227493463,0.192827792304819,0.0329473290997385,0.45436237957873,0.140477875142873,0.0240026125292549
"324",mount laurel twp,0.168121240712348,0.831878759287652,0.572795748561649,0.149858698222187,0.0325388157672518,0.361500746109572,0.0945782704469552,0.0205357777304057
"325",new hanover twp,0,1,0.040544635079347,0.453584819906829,0.00179903798810741,0.014782644719399,0.165377817057004,0.000655932390631905
"326",north hanover twp,0.072827547196493,0.927172452803507,0.565380771537078,0.152828303018189,0.0116729962022786,0.12624635132602,0.0341257018397351,0.00260651450096852
"327",palmyra boro,0.146406388642413,0.853593611357586,0.679816624442032,0.0906020026541199,0.0360719025214139,0.336799952184568,0.0448867371944295,0.0178710178710179
"328",pemberton boro,0.0417690417690418,0.958230958230958,0.696619597774925,0.168592212237912,0.0106974753958066,0.404070488955076,0.0977910151402333,0.00620501365103003
"329",pemberton twp,0.0445293859862687,0.955470614013731,0.674073587816326,0.138773098762596,0.00423408934256737,0.102264437500778,0.0210534178192185,0.000642358301485142
"330",riverside twp,0.592675635276532,0.407324364723468,0.705045448557502,0.0959030430773284,0.0549334738506126,0.511077158135982,0.0695187165775401,0.0398204736440031
"331",riverton boro,0.0208533846647417,0.979146615335258,0.794140127388535,0.0784713375796178,0.00815286624203822,0.507241659886086,0.0501220504475183,0.00520748576078112
"332",shamong twp,0.0250144399520149,0.974985560047985,0.835046191518569,0.0266389641227322,0.025414610618484,0.0780850480680828,0.00249100566547667,0.00237651654714697
"333",southampton twp,0.0226200873362445,0.977379912663755,0.784640687103111,0.049545433779524,0.0344693681757961,0.120855806884031,0.00763133173599603,0.00530921142905395
"334",springfield twp,0,1,0.630189745945373,0.0790784777923042,0.0298929366453482,0.0942643312438558,0.0118286276043594,0.00447141150727794
"335",tabernacle twp,0.0114038253338145,0.988596174666186,0.83852811232827,0.0448163166495189,0.0115596441324215,0.0873457422496808,0.00466831628552065,0.00120411669214645
"336",washington twp,0,1,0.508008855319703,0.0634197161088683,0.0308633936710509,0.00581656281544901,0.000726138449403657,0.000353377438416153
"337",westampton twp,0.125532961626763,0.874467038373237,0.444914635925872,0.104224427258135,0.092550707719247,0.171743201948939,0.0402320701843324,0.0357258530128286
"338",willingboro twp,0.032162393725697,0.967837606274303,0.721047379175973,0.0884379603668678,0.013282326664449,0.584251058914132,0.0716596072391221,0.0107624181748171
"339",woodland twp,0,1,0.531494013534617,0.132396321360403,0.0207357279194864,0.0101358729822564,0.00252486813106812,0.000395441339007393
"340",wrightstown boro,0.176174496644295,0.823825503355705,0.105374823196605,0.228429985855728,0.00282885431400283,0.0520296813618507,0.112789175032737,0.00139676996944566
"401",audubon boro,0.105218256789421,0.894781743210579,0.764041281912004,0.137859858772406,0,0.736131463261461,0.132823948084572,0
"402",audubon park boro,0.99837925445705,0.00162074554294978,0.678767876787679,0.0473047304730473,0,0.586501901140684,0.0408745247148289,0
"403",barrington boro,0.122299922299922,0.877700077700078,0.72197913160552,0.0723662066644228,0.0907662964209582,0.635932404387785,0.0637414764304773,0.0799486115228778
"404",bellmawr boro,0.155056971690356,0.844943028309644,0.565610258454588,0.0840475715899276,0.127765596970301,0.429277393979124,0.0637890171953003,0.0969693913569664
"405",berlin boro,0.0736004546746235,0.926399545325376,0.61877967293828,0.164292831604244,0.0220971807045308,0.456203275571497,0.121127004018841,0.0162914307938291
"406",berlin twp,0.0561486753657572,0.943851324634243,0.511115602263541,0.156831042845594,0.140797628671517,0.354963974922803,0.108917376251521,0.0977823523907551
"407",brooklawn boro,0.470489038785835,0.529510961214165,0.51677559912854,0.287145969498911,0.0196078431372549,0.349028840494408,0.193937610359035,0.0132430841671572
"408",camden city,0.993531163363795,0.0064688366362049,0.386759858623565,0.162582899805409,0.094237718915055,0.29080756655071,0.122247271532869,0.0708580301288464
"409",cherry hill twp,0.0676447118040636,0.932355288195936,0.647521761596248,0.156540403036687,0.0259867244326086,0.526392317534994,0.127256982590376,0.021125486293314
"410",chesilhurst boro,0.0429969104016478,0.957003089598352,0.832583065380493,0.0555198285101822,0.0379421221864952,0.351875339735459,0.023464395723863,0.0160355136800145
"411",clementon boro,0.0745895788722341,0.925410421127766,0.758527341635084,0.127097996751489,0.0119112073632918,0.448786738207736,0.0751982061343798,0.00704732922239129
"412",collingswood boro,0.434925034647852,0.565074965352148,0.691376306620209,0.11411149825784,0.00574912891986063,0.640752401711472,0.105756034552353,0.00532816662630177
"413",gibbsboro boro,0,1,0.699272296496869,0.164156371636487,0.0358774750380775,0.293570159857904,0.0689165186500888,0.0150621669626998
"414",gloucester city,0.491481672689726,0.508518327310274,0.451409927755768,0.0911986327973277,0.0638545793521324,0.325327510917031,0.0657261224946814,0.0460194827007054
"415",gloucester twp,0.128972263714378,0.871027736285622,0.694280921152966,0.0973615982919018,0.0224899598393574,0.458150784651821,0.064248190168202,0.0148409562084443
"416",haddon twp,0.171842288904396,0.828157711095604,0.743160897186568,0.108323609490471,0.0133540775314404,0.633790358248563,0.0923816895179124,0.0113887660327289
"417",haddonfield boro,0.0551001103578748,0.944899889642125,0.805000317279015,0.100577447807602,0,0.697416162726773,0.0871357888949972,0
"418",haddon heights boro,0.0220536592218008,0.977946340778199,0.772125813449024,0.119088937093275,0,0.707724425887265,0.109155979719654,0
"419",hi-nella boro,0.306349206349206,0.693650793650794,0.507246376811594,0.139291465378422,0,0.435684647302905,0.119640387275242,0
"420",laurel springs boro,0.0165073848827107,0.983492615117289,0.84882005899705,0.0789085545722714,0,0.779810298102981,0.0724932249322493,0
"421",lawnside boro,0.042798353909465,0.957201646090535,0.587051054920277,0.153486873892736,0.0760186825575777,0.398360655737705,0.104153005464481,0.0515846994535519
"422",lindenwold boro,0.270325044820329,0.729674955179671,0.723045708166601,0.110635180071014,0.0076649946457758,0.508260370032883,0.077770294362347,0.00538805911017789
"423",magnolia boro,0.0287971457696228,0.971202854230377,0.696980461811723,0.134635879218472,0.0706927175843694,0.626536803448826,0.121028261216669,0.0635478205332907
"424",merchantville boro,0.0964083175803403,0.90359168241966,0.831325301204819,0.110529072812991,0,0.830455259026688,0.110413396127682,0
"425",mount ephraim boro,0.0244845360824742,0.975515463917526,0.768316831683168,0.131089108910891,0,0.666552138807765,0.113726163889366,0
"426",oaklyn boro,0.159973000337496,0.840026999662504,0.783240814168649,0.117895849854613,0,0.659910913140312,0.0993318485523385,0
"427",pennsauken twp,0.259083663710304,0.740916336289696,0.439998561332206,0.119859010556225,0.17871850666283,0.314033781702434,0.0855452305164801,0.127554163671835
"428",pine hill boro,0.176817092651757,0.823182907348243,0.706795568414367,0.0569472867122998,0.00684496506950815,0.396186859697006,0.0319212056485107,0.00383687354139472
"429",pine valley boro,0.0895061728395062,0.910493827160494,0.167355371900826,0.0180785123966942,0.00413223140495868,0.0519647153167602,0.00561347233360064,0.00128307939053729
"430",runnemede boro,0.0425389157273215,0.957461084272679,0.685493514856039,0.128966976359121,0.0621837917394904,0.553024118738405,0.10404452690167,0.0501669758812616
"431",somerdale boro,0.0508474576271186,0.949152542372881,0.728108179073126,0.160299330445057,0.0522515426020743,0.623566449291657,0.137283561951878,0.0447492691702271
"432",stratford boro,0.0672131147540984,0.932786885245902,0.711453230697457,0.214718917658036,0,0.605579271319369,0.182765809589993,0
"433",tavistock boro,0,1,0.0353535353535354,0,0,0.0277777777777778,0,0
"434",voorhees twp,0.143635753815194,0.856364246184806,0.672215541860815,0.176330226965279,0.0163647978355629,0.480835394043651,0.126128910869799,0.0117057305666057
"435",waterford twp,0.0262426070267518,0.973757392973248,0.766190504771622,0.0561190804873657,0.0105035712142128,0.110175159991542,0.0080697015073512,0.00151037193987857
"436",winslow twp,0.0721849946152926,0.927815005384707,0.638237343796241,0.0550925528157249,0.0361523994997661,0.179381437766801,0.0154841790916628,0.0101609056004379
"437",woodlynne boro,0.996875,0.00312499999999993,0.737327188940092,0.115975422427035,0.0253456221198157,0.677487649964714,0.106563161609033,0.0232886379675371
"501",avalon boro,0.885084480250643,0.114915519749357,0.839154929577465,0.0564319248826291,0,0.281090771843744,0.0189029376611939,0
"502",cape may city,0.583658909461525,0.416341090538475,0.624747957126181,0.230075347553858,0.00615515228695744,0.319113183000867,0.117519514310494,0.00314397224631396
"503",cape may point boro,0,1,0.922437673130194,0.0256232686980609,0,0.693388859968766,0.0192608016657991,0
"504",dennis twp,0.0122096043939731,0.987790395606027,0.593249818365954,0.0578146672244116,0.0173928359129037,0.0660115972278363,0.00643310525941877,0.00193532107956619
"505",lower twp,0.089768854473373,0.910231145526627,0.673647878305143,0.0559121648003249,0.00954255103156382,0.217277196800258,0.0180338108767052,0.00307783755465554
"506",middle twp,0.0928660193356783,0.907133980664322,0.571874247169357,0.102710190315587,0.0147675258973741,0.0896895803894602,0.0161084957343751,0.0023160567339444
"507",north wildwood city,0.954980392156863,0.0450196078431373,0.753101004134672,0.151447135262847,0.00106320141760189,0.400263703145602,0.08049224587179,0.000565078169146732
"508",ocean city,0.891045434494927,0.108954565505073,0.797747866631477,0.0938242280285036,0.00312307556963139,0.240119689126031,0.0282408081663997,0.000940036277456341
"509",sea isle city,0.980797636632201,0.019202363367799,0.838101788170564,0.0858321870701513,0.000825309491059147,0.345271150903836,0.0353601178670596,0.000340001133337111
"510",stone harbor boro,0.961768770152004,0.0382312298479962,0.794510521500457,0.0836230558096981,0.00146386093321134,0.293378378378378,0.0308783783783784,0.000540540540540541
"511",upper twp,0.0293155240853986,0.970684475914601,0.660419803383226,0.0590204587724737,0.0211318749446462,0.0851522549908531,0.00760989469020283,0.00272467117809483
"512",west cape may boro,0.126149319602795,0.873850680397205,0.813098086124402,0.0792464114832536,0,0.359418374091209,0.0350297422339722,0
"513",west wildwood boro,0.967978042086002,0.0320219579139982,0.928632115548003,0.0331350892098556,0,0.469501718213058,0.0167525773195876,0
"514",wildwood city,0.969688912523265,0.0303110874767351,0.503413197697765,0.314014188194351,0.0335965734172132,0.355280559229171,0.221613451728698,0.0237105611184583
"515",wildwood crest boro,0.972056313993174,0.027943686006826,0.727724309220739,0.192642036634586,0.00170754424091897,0.494671309486124,0.130948612430094,0.00116070486440857
"516",woodbine boro,0.131645569620253,0.868354430379747,0.425531914893617,0.12981416644223,0.0320495556154053,0.0923616523772408,0.0281761496492595,0.00695635229929852
"601",bridgeton city,0.158705501618123,0.841294498381877,0.562431743720422,0.161521659992719,0.0778303603931562,0.371653316013567,0.106733059103702,0.0514300834716509
"602",commercial twp,0.00726535439722903,0.992734645602771,0.761368752814048,0.0446388370746768,0.0465041487103621,0.0545775621991479,0.00319986721012154,0.00333357924051567
"603",deerfield twp,0.00194013303769401,0.998059866962306,0.788590787388667,0.054040762799847,0.052729359051418,0.133603651141908,0.00915562714657335,0.00893344812582739
"604",downe twp,0.0427500398787685,0.957249960121231,0.628471177944862,0.0350877192982456,0.0258646616541353,0.0184109437774593,0.00102788807179945,0.000757700350069309
"605",fairfield twp,0.0346561647985459,0.965343835201454,0.704048116708612,0.0690184703322954,0.0117732372136672,0.0593453138595848,0.00581767451225739,0.000992384527430803
"606",greenwich twp,0,1,0.844054208818477,0.033975949608704,0,0.0372790193813807,0.00150060277021388,0
"607",hopewell twp,0.000121455031274671,0.999878544968725,0.816977574915658,0.0656876364358008,0.0076404048422306,0.0832848638724655,0.00669637212407508,0.000778883162467947
"608",lawrence twp,0.00247908273938643,0.997520917260614,0.779468599033816,0.0260265700483092,0.0361111111111111,0.0526232107986025,0.00175709667293133,0.00243792067381192
"609",maurice river twp,0.00330524951393389,0.996694750486066,0.605786973420753,0.0774606415138785,0.0189234816065329,0.0253320418315247,0.00323915220567714,0.000791318481062534
"610",millville city,0.145392882311487,0.854607117688513,0.560094730609828,0.0756611407144267,0.0698514900335504,0.159420289855072,0.0215355016290304,0.0198818952926637
"611",shiloh boro,0,1,0.83989834815756,0.0952986022871665,0.0222363405336722,0.171621446189796,0.0194729326236531,0.0045436842788524
"612",stow creek twp,0.00394557823129252,0.996054421768708,0.897545487849554,0.0379777750641104,0.00720478690926853,0.0608776318187089,0.00257591067967598,0.00048867758874882
"613",upper deerfield twp,0.0123016650342801,0.98769833496572,0.706027162337842,0.0846402788150361,0.0314220120045363,0.127058319893276,0.015232064990144,0.00565477968261553
"614",vineland city,0.0741774989675719,0.925822501032428,0.625954762271119,0.110792429604555,0.0631112478842899,0.230359258244185,0.0407730133886607,0.0232257363083899
"701",belleville twp,0.930194539807095,0.0698054601929051,0.60534388916378,0.133052944087086,0.0538842157347848,0.567518671429234,0.124739063877163,0.0505172333812683
"702",bloomfield twp,0.533486261407271,0.466513738592729,0.625717673489765,0.124469545681478,0.0242760858711932,0.584022600186393,0.116175442684063,0.0226584342963653
"703",caldwell boro,0.140104066294084,0.859895933705916,0.741391627375339,0.161737391055865,0,0.684113381674357,0.149241924851681,0
"704",cedar grove twp,0.0760820045558087,0.923917995444191,0.683268482490272,0.117717250324254,0.0498573281452659,0.471840068787618,0.0812912009171683,0.0344296359988535
"705",east orange city,0.906830419263113,0.0931695807368866,0.668675917310571,0.170152514260286,0.0205914478741049,0.657451970884213,0.167296448033093,0.0202458136112326
"706",essex fells boro,0.00742049469964664,0.992579505300353,0.854726668680157,0.0264270613107822,0,0.624655115329434,0.0193135415517051,0
"707",fairfield twp,0.0188212776138448,0.981178722386155,0.408609508912569,0.15951380063219,0.223775540131,0.18945666626375,0.0739604738305331,0.103756194850719
"708",glen ridge boro,0.148908296943231,0.851091703056769,0.863607793840352,0.0651162790697674,0,0.839955984839222,0.0633329257855484,0
"709",irvington twp,0.977613817389117,0.0223861826108829,0.652926041495593,0.157606613018011,0.0818415722340833,0.639277482982259,0.154312054456772,0.0801307820121134
"710",livingston twp,0.0212626758259732,0.978737324174027,0.743563014698218,0.118767156607248,0.0070885020327322,0.473444915207363,0.0756219786054847,0.00451342411805701
"711",maplewood twp,0.283837579617834,0.716162420382166,0.765581348097729,0.0907197643114746,0.0203179763295576,0.607668427206386,0.0720074184574447,0.0161270814014434
"712",millburn twp,0.0238784616956773,0.976121538304323,0.723417362805254,0.0898450013553141,0.00160173480200094,0.464178986481145,0.0576488259941497,0.00102774922918808
"713",montclair twp,0.132552323285507,0.867447676714493,0.808750731889072,0.0982328205674136,0.000479054665460159,0.760688895564233,0.0923951136477421,0.000450585761489937
"714",newark city,0.98406060473365,0.0159393952663499,0.315722166152825,0.156475093666616,0.138073578410363,0.272221195739634,0.13491557346271,0.119049463878078
"715",north caldwell boro,0.0301580066848982,0.969841993315102,0.84661393015628,0.0383947520740884,0.00212232297896971,0.669038422443586,0.0303415328318764,0.00167717015653588
"716",nutley twp,0.505298097791395,0.494701902208605,0.757653431348842,0.104947526236882,0.00865696184165982,0.716782576866764,0.0992862371888726,0.00818997071742313
"717",city of orange twp,0.645970782280867,0.354029217719133,0.610867218423893,0.196977329974811,0.0341129902842749,0.598716230514213,0.193059180362559,0.0334344360584045
"718",roseland boro,0.176235513520714,0.823764486479286,0.532184885864171,0.171345526726216,0.0420388487168581,0.318012369736508,0.102389223078878,0.0251207320172837
"719",south orange village twp,0.122336721905027,0.877663278094973,0.824738715975652,0.0906167451475824,0,0.788254665203074,0.0866081229418222,0
"720",verona twp,0.0794518093873164,0.920548190612684,0.746755852842809,0.0985284280936455,0.00963210702341137,0.621568954957965,0.0820110238850844,0.00801737097043594
"721",west caldwell twp,0.0376714868372265,0.962328513162773,0.620656326230036,0.0824319970543563,0.0932480324020804,0.416293643688451,0.0552897230883215,0.0625443768715463
"722",west orange twp,0.233216538192011,0.766783461807989,0.641267615760713,0.107779695139488,0.00456571757262008,0.459966477565756,0.0773078906652914,0.00327488396080454
"801",clayton boro,0.0248338870431894,0.975166112956811,0.695632077651953,0.0758030968338341,0.0281950543101456,0.259136498644053,0.0282381300848005,0.0105032069217855
"802",deptford twp,0.085490236276972,0.914509763723028,0.632232141410541,0.136501352862073,0.033570421736524,0.346991765814793,0.0749168578491526,0.0184246563161358
"803",east greenwich twp,0.0162199737390901,0.98378002626091,0.729346815762048,0.0396304537644706,0.0203363096076388,0.271147039728581,0.0147332928438292,0.00756036775639281
"804",elk twp,0.0328675103460685,0.967132489653932,0.722650832177531,0.0441660887656033,0.0125260055478502,0.134826099965228,0.00824013650000404,0.00233699651472146
"805",franklin twp,0.00246145272153074,0.997538547278469,0.767018535450087,0.0387095242053267,0.016683092487265,0.179025056745589,0.00903495084820451,0.00389389752813722
"806",glassboro boro,0.103448275862069,0.896551724137931,0.591193762781186,0.164174335378323,0.0389506646216769,0.308670192355817,0.0857176223286231,0.0203366643866469
"807",greenwich twp,0,1,0.356085603846516,0.0540680682568115,0.310738191760158,0.100927237260508,0.0153248002565267,0.0880741789808407
"808",harrison twp,0.00862794612794613,0.991372053872054,0.790534217804488,0.0504065378776851,0.00151801867370916,0.31234646005702,0.0199160305970701,0.000599781449499224
"809",logan twp,0.0752054962581278,0.924794503741872,0.231319351817692,0.0400715157362999,0.271220591991373,0.0484017505626384,0.0083846487295357,0.0567507704732101
"810",mantua twp,0.063135420902806,0.936864579097194,0.709088287595521,0.0751429807276397,0.0207141827269669,0.286605087560826,0.0303719028332216,0.00837242732402848
"811",monroe twp,0.0731907519722742,0.926809248027726,0.707493601187275,0.0714408620652571,0.0212720194437872,0.219079683503836,0.0221220961210571,0.00658700980392157
"812",national park boro,0.0227345501120717,0.977265449887928,0.796886960959428,0.0696606277111508,0,0.336421415490682,0.0294085963589357,0
"813",newfield boro,0,1,0.743090077550209,0.0546828395307218,0.0763571286538079,0.335247151700009,0.0246703148829281,0.0344487306001615
"814",paulsboro boro,0.0862348178137652,0.913765182186235,0.521042084168337,0.110958759624512,0.169602362619977,0.289991194599354,0.0617552098620487,0.094393894922219
"815",pitman boro,0.116790718038529,0.883209281961471,0.755291005291005,0.0777116402116402,0.0437334656084656,0.632818452587103,0.065110480016624,0.0366419616263767
"816",south harrison twp,0.0086585518885682,0.991341448111432,0.863286751164554,0.0185245368865778,0.01180803813238,0.156107976806143,0.00334978843441467,0.00213524525936374
"817",swedesboro boro,0.081605049594229,0.918394950405771,0.586462189317821,0.208090957165521,0.0732416710735061,0.448080808080808,0.158989898989899,0.055959595959596
"818",washington twp,0.0630438452448551,0.936956154755145,0.68364563442936,0.125962607801582,0.0147092767064649,0.472568117371471,0.0870712975117306,0.0101677460529274
"819",wenonah boro,0,1,0.888036809815951,0.0390008764241893,0,0.627011138613861,0.0275371287128713,0
"820",west deptford twp,0.123811072270547,0.876188927729453,0.436267555681657,0.055504326854873,0.188679245283019,0.215413981507425,0.0274061361725974,0.0931633510787335
"821",westville boro,0.222868217054264,0.777131782945736,0.568595041322314,0.096969696969697,0.0984389348025712,0.355249569707401,0.0605851979345955,0.0615031554790591
"822",woodbury city,0.262999452654625,0.737000547345375,0.630979105508548,0.238559834225522,0.027283716111207,0.542780748663102,0.205213903743315,0.0234699940582294
"823",woodbury heights boro,0.00138089758342923,0.998619102416571,0.673434593924364,0.145381277123373,0.0709857408555487,0.540624611173323,0.116710215254448,0.0569864377255195
"824",woolwich twp,0.0661591250268068,0.933840874973193,0.680233406272794,0.0454169705810844,0.0279115001215658,0.20438457436317,0.0136460928197299,0.00838635682925582
"901",bayonne city,0.998914405010438,0.00108559498956151,0.35430042308944,0.104322613095062,0.267256427704962,0.243458637444853,0.0716856079858499,0.183646085347754
"902",east newark boro,1,0,0.4928,0.0704,0.3312,0.424827586206897,0.0606896551724138,0.28551724137931
"903",guttenberg town,1,0,0.762753036437247,0.0890688259109312,0,0.760904684975767,0.0888529886914378,0
"904",harrison town,1,0,0.297656473278079,0.1144612746499,0.285367247785081,0.245549923376164,0.094424142402452,0.235412000471531
"905",hoboken city,1,0,0.542414780119698,0.184751496226906,0.0392922196200885,0.525393824826717,0.178954001260239,0.0380592312539382
"906",jersey city,1,0,0.367227247890231,0.178531965272297,0.118584178252687,0.297872549985226,0.144814340588988,0.09618831872353
"907",kearny town,0.970997679814385,0.0290023201856149,0.279449470985235,0.0910082225693319,0.189295924081224,0.145427217373967,0.0473612367908468,0.0985107590374381
"908",north bergen twp,0.998379442065054,0.0016205579349462,0.325459614225437,0.15544002411091,0.230334538878843,0.255319777751507,0.121941127792883,0.180695117626197
"909",secaucus town,0.914529914529915,0.0854700854700855,0.213252325802164,0.158192519460794,0.290753749762673,0.133822618310061,0.0992708382976695,0.182457227279226
"910",union city,1,0,0.558551810237203,0.25792759051186,0.00898876404494382,0.54230303030303,0.250424242424242,0.00872727272727273
"911",weehawken twp,0.950191570881226,0.049808429118774,0.530607634967246,0.18319403659363,0.00745425796250282,0.459507042253521,0.158646322378717,0.00645539906103286
"912",west new york town,1,0,0.578692897632544,0.240913637879293,0.00266755585195065,0.545754716981132,0.227201257861635,0.00251572327044025
"1001",alexandria twp,0.0028098147482602,0.99719018525174,0.831553780530877,0.0178498655147119,0.00133126850870758,0.172341563670148,0.00369942847490076,0.000275908668599904
"1002",bethlehem twp,0.000140646976090014,0.99985935302391,0.805148724143138,0.0168352710252152,0.0136645024913181,0.160530435306159,0.00335661388403877,0.00272442651574448
"1003",bloomsbury boro,0.0853563038371182,0.914643696162882,0.484262419416003,0.0659840728100114,0.0307167235494881,0.201961094417207,0.0275185829511308,0.0128103748220781
"1004",califon boro,0.00451467268623025,0.99548532731377,0.801568154402895,0.0955971049457177,0,0.422777159217433,0.050421504692222,0
"1005",clinton town,0.114586466165414,0.885413533834586,0.62902005297011,0.16061293984109,0.0143776012107454,0.362239895413444,0.0924937357010568,0.00827976903802157
"1006",clinton twp,0.0287419237126237,0.971258076287376,0.674626390176089,0.0665546802594995,0.0103104726598702,0.214624325656607,0.0211735763349811,0.00328015368809977
"1007",delaware twp,0.000502449441024997,0.999497550558975,0.884457282524164,0.0166648150205533,0.00474947228085768,0.134343596277327,0.00253128243205616,0.000721415493136006
"1008",east amwell twp,0.00055957472321036,0.99944042527679,0.785920713702331,0.0296224162844757,0.000502607275240309,0.13692460089426,0.00516087368173335,8.75651950241078e-05
"1009",flemington boro,0.218150684931507,0.781849315068493,0.438175270108043,0.381302521008403,0.0109543817527011,0.423004490801101,0.368100825727944,0.0105751122700275
"1010",franklin twp,0,1,0.849120179707974,0.0355297641332834,0.0020591538749532,0.152926025069619,0.00639888879149332,0.000370852353563891
"1011",frenchtown boro,0.0813124108416548,0.918687589158345,0.718483088486505,0.113085070037581,0.032114793303724,0.267387158296249,0.042085187539733,0.0119516846789574
"1012",glen gardner boro,0.0919436957172806,0.908056304282719,0.823224852071006,0.0739644970414201,0,0.337068443367656,0.0302846759539673,0
"1013",hampton boro,0.0406611570247934,0.959338842975207,0.763888888888889,0.0659090909090909,0.0146464646464646,0.311374163664436,0.026865671641791,0.00597014925373134
"1014",high bridge boro,0.0249694429893487,0.975030557010651,0.716233116558279,0.0501500750375188,0.0393946973486743,0.368201105824868,0.0257811495435258,0.0202520252025203
"1015",holland twp,0.00326957044608967,0.99673042955391,0.759692799634557,0.0105350311197396,0.0199851538856849,0.173638119600115,0.00240792461695075,0.00456787867714234
"1016",kingwood twp,0,1,0.822466783809612,0.0279293443077777,0.0108203088874503,0.117000096476841,0.00397309173193471,0.00153924414780252
"1017",lambertville city,0.473146622734761,0.526853377265239,0.643144734053825,0.17546090273363,0.0103835558381013,0.387710781808891,0.105774144098109,0.00625958099131324
"1018",lebanon boro,0.218137254901961,0.781862745098039,0.410979602115336,0.237471669604634,0.03601108033241,0.282891315652626,0.163459871728202,0.0247876581729936
"1019",lebanon twp,0.00223553608155236,0.997764463918448,0.83177964000595,0.0366440224128527,0.011727078891258,0.165507340753019,0.00729142000157866,0.00233345173257558
"1020",milford boro,0.049079754601227,0.950920245398773,0.661257606490872,0.0944653723558389,0.0776586496667633,0.278973105134474,0.0398533007334963,0.0327628361858191
"1021",raritan twp,0.0350082110167658,0.964991788983234,0.714345473559769,0.066921293138726,0.0231891965625426,0.326024520424002,0.0305426202156536,0.0105834599198147
"1022",readington twp,0.0164319542154523,0.983568045784548,0.747475785285299,0.0375199648804909,0.0176718380766465,0.261421916752145,0.0131222192459216,0.00618054239812885
"1023",stockton boro,0.0157342657342657,0.984265734265734,0.814814814814815,0.11039886039886,0,0.291020096667515,0.0394301704400916,0
"1024",tewksbury twp,0.00960496502807605,0.990395034971924,0.864153914912635,0.016749313639943,0,0.199766797699464,0.00387194536965517,0
"1025",union twp,0.0210080030487805,0.97899199695122,0.650834005084641,0.0819433248589322,0.0126805977553172,0.15940708340927,0.0200701658465464,0.00310582589150112
"1026",west amwell twp,5.70190443608165e-05,0.999942980955639,0.703856804591243,0.0390095115784404,0.0132841032226994,0.125435390546214,0.00695194432722773,0.00236738021842837
"1101",east windsor twp,0.272376630743052,0.727623369256948,0.542105694723464,0.0968184986265426,0.027797138288713,0.263943229000319,0.047139492175024,0.0135340146917918
"1102",ewing twp,0.0966200762388818,0.903379923761118,0.516140033316282,0.139784100001312,0.0345623630950039,0.395211264776482,0.107033454859542,0.026464591681983
"1103",hamilton twp,0.16208873132103,0.83791126867897,0.585481774622204,0.122808719212141,0.043945243037369,0.351575514007805,0.0737453161706176,0.0263886462034287
"1104",hightstown boro,0.158324382384533,0.841675617615467,0.623409669211196,0.176242132047676,0.0384357841167805,0.574904285537853,0.162529331851303,0.0354452266271459
"1105",hopewell boro,0.0183163085593519,0.981683691440648,0.760718113612004,0.132100750267953,0.00455519828510182,0.612249299115808,0.10631874056502,0.00366616346775933
"1106",hopewell twp,0.023388027356393,0.976611972643607,0.715024551235611,0.05803751106818,0.00764710617403204,0.188412406339981,0.0152931631500522,0.00201504923613726
"1107",lawrence twp,0.127367593452934,0.872632406547066,0.562950146863558,0.15242961949597,0.0160409876741909,0.298459810000569,0.0808137550486376,0.00850446555549235
"1108",pennington boro,0.0509972229235042,0.949002777076496,0.695522388059702,0.161018437225637,0.00895522388059701,0.634979159987175,0.147002244309073,0.00817569733889067
"1111",trenton city,0.855437485869319,0.144562514130681,0.485041891476949,0.237377725139273,0.0541737947975611,0.41940072065238,0.205253176559833,0.046842404703205
"1112",robbinsville twp,0.123578138004835,0.876421861995165,0.490055549081304,0.0597249737792798,0.0999495008351785,0.191608444714459,0.0233520656136087,0.0390795868772782
"1113",west windsor twp,0.0918587824845878,0.908141217515412,0.564656764531402,0.103043395529488,0.00204833167302806,0.300267250769313,0.0547953359086229,0.00108924032927199
"1114",princeton,0.0908690481434172,0.909130951856583,0.696101427279278,0.114596268530868,0.000429256925600576,0.385335426655917,0.0634361607332287,0.00023762040140875
"1201",carteret boro,0.834101844426624,0.165898155573376,0.416604025724547,0.0675686962331914,0.31520922074668,0.345920454939492,0.0561045806026561,0.261728908769375
"1202",cranbury twp,0.0233339555721486,0.976666044427851,0.356278265496143,0.0923117850492152,0.195830007980846,0.124614722542075,0.0322877048512974,0.0684950626330297
"1203",dunellen boro,0.0166597251145356,0.983340274885464,0.751251564455569,0.118585732165207,0.0486545682102628,0.706176470588235,0.111470588235294,0.0457352941176471
"1204",east brunswick twp,0.0910022436973305,0.908997756302669,0.641408303870909,0.105350829480555,0.0402615356721965,0.394723812578888,0.0648330880968487,0.0247770207602563
"1205",edison twp,0.192589290538715,0.807410709461285,0.512925688550147,0.123408972804434,0.153902650268491,0.37747625093696,0.0908200884184118,0.113261232044791
"1206",helmetta boro,0.183540877097997,0.816459122902003,0.781633516716039,0.0736352094794752,0.00719424460431655,0.32899893124332,0.0309939437121482,0.00302814392589954
"1207",highland park boro,0.785275153696206,0.214724846303794,0.730369072390757,0.128901544190122,0.010294600810426,0.57,0.100598290598291,0.00803418803418803
"1208",jamesburg boro,0.222599164926931,0.777400835073069,0.748291349345831,0.138058972856864,0.009568443663347,0.671927055935473,0.123969840434859,0.00859196913904962
"1209",metuchen boro,0.152341273435377,0.847658726564623,0.668220056890395,0.118864612963748,0.0613690007867821,0.607649972482113,0.108090258668134,0.0558062740781508
"1210",middlesex boro,0.079946284691137,0.920053715308863,0.62541993281075,0.100279955207167,0.150223964165733,0.496621020807398,0.0796283122888138,0.119286857549351
"1211",milltown boro,0.280738030857325,0.719261969142675,0.697702807679503,0.13028520696926,0.0350682499167684,0.615648256952605,0.114962788875832,0.0309439874657266
"1212",monroe twp,0.1406392092257,0.8593607907743,0.654902163874431,0.0483786046591919,0.0454871091086426,0.281132012553216,0.0207676432337499,0.0195264013990833
"1213",new brunswick city,0.773189991437542,0.226810008562458,0.365307753796962,0.250477878566712,0.114551836791436,0.285144593348163,0.195512994411589,0.0894145732732896
"1214",north brunswick twp,0.305383202190717,0.694616797809283,0.519567762269248,0.137775776677172,0.0962449347140927,0.367035623409669,0.0973282442748092,0.0679898218829516
"1215",old bridge twp,0.184587425179652,0.815412574820348,0.650580323245471,0.0941533788914199,0.0247206855407311,0.242287260902058,0.0350643317376639,0.00920640691591428
"1216",perth amboy city,0.997276995305164,0.00272300469483577,0.39890628511499,0.132294553899168,0.273541089220166,0.321577389939006,0.106648952231415,0.220514523823902
"1217",piscataway twp,0.104727348123575,0.895272651876425,0.541782276092158,0.135350085934779,0.071241617146516,0.397563348006001,0.0993207708920652,0.0522775607102231
"1218",plainsboro twp,0.289938333421177,0.710061666578823,0.453725846565908,0.157260378802372,0.00607422995982399,0.244775002580246,0.0848384766229745,0.00327691196201878
"1219",sayreville boro,0.275218639428533,0.724781360571467,0.510897370305945,0.0765032913810157,0.0926020669190627,0.266255465889296,0.0398698851718867,0.0482598030502329
"1220",south amboy city,0.762119503945885,0.237880496054115,0.546182266009852,0.106773399014778,0.152832512315271,0.350898014083393,0.068597199145502,0.0981881477965029
"1221",south brunswick twp,0.147555995091845,0.852444004908155,0.465268665110176,0.0679374222464595,0.15347909814414,0.20806770593189,0.0303815508194597,0.068635707181752
"1222",south plainfield boro,0.0465127063624559,0.953487293637544,0.505473383183704,0.135978997210567,0.211199924990038,0.404532322815443,0.108824522567816,0.169024124863993
"1223",south river boro,0.34672849046883,0.65327150953117,0.677865474610603,0.101417894810365,0.0857721589718516,0.51815269620929,0.0775226908702616,0.0655632674853177
"1224",spotswood boro,0.153202328966521,0.846797671033479,0.732279268076035,0.104814354236987,0.0522295256706342,0.533178114086147,0.0763161298667701,0.0380287155607295
"1225",woodbridge twp,0.454256839865696,0.545743160134304,0.48703128035749,0.125680007771517,0.132107700278479,0.391475793857366,0.101021603331598,0.106188183237897
"1301",aberdeen twp,0.117561430068709,0.882438569931292,0.717766539892172,0.120449701174405,0.0407907384962595,0.475049789776499,0.0797189643726488,0.0269971232573578
"1302",allenhurst boro,0.0797396257119609,0.920260374288039,0.814986737400531,0.0775862068965517,0.00596816976127321,0.736810551558753,0.0701438848920863,0.00539568345323741
"1303",allentown boro,0.0487144790257104,0.95128552097429,0.688295560384974,0.10369450481217,0,0.559707144660439,0.0843221408735168,0
"1304",asbury park city,0.877096036585366,0.122903963414634,0.613084112149533,0.263317757009346,0.00257009345794393,0.53781512605042,0.230989956958393,0.00225456036072966
"1305",atlantic highlands boro,0.037890625,0.962109375,0.775052982137451,0.111262488646685,0.020587344838026,0.649004943592344,0.093167701863354,0.0172391938141716
"1306",avon-by-the-sea boro,0.980460921843687,0.0195390781563126,0.809079854073774,0.0818808269152817,0.00486420753952169,0.627475636592267,0.0635020433825841,0.00377239861678717
"1307",belmar boro,0.532130777903044,0.467869222096956,0.72055239642567,0.152558895207149,0.00471161657189277,0.466253153910849,0.098717409587889,0.00304878048780488
"1308",bradley beach boro,0.952533904354033,0.0474660956459672,0.790186125211506,0.112239142695995,0,0.677793904208999,0.0962747943880019,0
"1309",brielle boro,0.085145402148284,0.914854597851716,0.750196540880503,0.0644654088050314,0,0.529403606102635,0.0454923717059639,0
"1310",colts neck twp,0.00128242708486003,0.99871757291514,0.692479447883893,0.107023241652289,0.00451639094691972,0.268591645630662,0.0415110494383018,0.00175177022285863
"1311",deal boro,0.0222804718217562,0.977719528178244,0.843326885880077,0.0353688864327162,0,0.791904514789829,0.0332122470160872,0
"1312",eatontown boro,0.221140370288412,0.778859629711588,0.456556880177814,0.228295278507443,0.0603152151949889,0.359640280135823,0.179833404074703,0.0475116723259762
"1313",englishtown boro,0.181868743047831,0.818131256952169,0.643291592128801,0.144901610017889,0.0644007155635063,0.475284166005816,0.107057890563045,0.0475812846946868
"1314",fair haven boro,0,1,0.900118649552368,0.0528529824182936,0,0.624672505427053,0.0366793921700726,0
"1315",farmingdale boro,0.0702634880803011,0.929736511919699,0.682947729220223,0.125535561268209,0.127677806341045,0.473277909738717,0.0869952494061758,0.088479809976247
"1316",freehold boro,0.167291220556745,0.832708779443255,0.626582809224319,0.182641509433962,0.0410901467505241,0.604726448688896,0.176270637746844,0.0396568468760117
"1317",freehold twp,0.0809748087974766,0.919025191202523,0.666657064669451,0.0981036055499544,0.022497479475731,0.279040886127333,0.0410629669671601,0.00941671054165176
"1318",hazlet twp,0.0973645680819912,0.902635431918009,0.699129926153396,0.142757914747386,0.0155004752504204,0.527049745073722,0.10762022874466,0.0116852693950668
"1319",highlands boro,0.60136592379583,0.39863407620417,0.736953642384106,0.119470198675497,0.00874172185430463,0.505726231594256,0.0819850936193419,0.00599890928922014
"1320",holmdel twp,0.0414697264580705,0.95853027354193,0.708686360398321,0.0730860754505358,0.00762386892401898,0.404437332410691,0.0417091947063403,0.00435083470288037
"1321",howell twp,0.0618172598904309,0.938182740109569,0.654089909513681,0.100126176141894,0.0405133566458776,0.231728686447605,0.0354723516429622,0.0143529303580186
"1322",interlaken boro,0,1,0.944048830111902,0.000508646998982706,0,0.728986645718775,0.000392772977219167,0
"1323",keansburg boro,0.729561014901329,0.270438985098671,0.778125979316829,0.114854277655907,0.00987151363209025,0.639701146463996,0.0944222594357851,0.00811541929666366
"1324",keyport boro,0.557507613024127,0.442492386975873,0.595812979762736,0.182274947662247,0.0572226099092812,0.460120715671481,0.140763095494719,0.0441905583099806
"1325",little silver boro,0.0689928628072958,0.931007137192704,0.844268880557043,0.0719737546866631,0.00870380289234065,0.619442943459252,0.0528073881220219,0.00638600972638404
"1326",loch arbour village,0.125581395348837,0.874418604651163,0.863453815261044,0.122489959839357,0,0.581081081081081,0.0824324324324324,0
"1327",long branch city,0.16486265235583,0.83513734764417,0.718186569114189,0.145838777110008,0.0141755944604129,0.627242904007988,0.127371273712737,0.0123805448580802
"1328",manalapan twp,0.0704898292136577,0.929510170786342,0.756254712454589,0.0604173398744651,0.00987045033929673,0.390858987919613,0.0312258025334906,0.00510139529234335
"1329",manasquan boro,0.242739333094299,0.757260666905701,0.740671889523304,0.165449475501261,0.00225733634311512,0.556297995412386,0.124264485888102,0.001695422359629
"1330",marlboro twp,0.0718371975806452,0.928162802419355,0.767111635235324,0.0677022415976337,0.013639043816999,0.407446579112202,0.0359596250012835,0.00724429338618091
"1331",matawan boro,0.117148276246792,0.882851723753208,0.785883384480491,0.130556773345024,0.00149057430951337,0.581182725975879,0.096550382570354,0.00110232135909739
"1332",middletown twp,0.0406672789572221,0.959332721042778,0.747166026630772,0.0903440357892236,0.00254694696279874,0.406380878896086,0.0491377918139568,0.0013852751709164
"1333",millstone twp,0.000373761913660998,0.999626238086339,0.775574687653999,0.0253355364234571,0.0076238513493927,0.224830043445013,0.00734447609683952,0.00221006546163478
"1334",monmouth beach boro,0.106881720430108,0.893118279569892,0.861589772095609,0.0333518621456365,0,0.368491956573421,0.014264204770584,0
"1335",neptune twp,0.199628046850269,0.800371953149731,0.624586031338046,0.137660026691711,0.0208590776531066,0.448633967087394,0.0988798352594486,0.0149828691129218
"1336",neptune city boro,0.704545454545454,0.295454545454546,0.660442980047593,0.203917261577888,0.0550979315394472,0.628571428571429,0.194076655052265,0.0524390243902439
"1337",ocean twp,0.109110777216227,0.890889222783773,0.687585701673648,0.111388695831846,0.0195352856096324,0.520667387346381,0.0843479745106964,0.014792899408284
"1338",oceanport boro,0.0698110993781532,0.930188900621847,0.479493670886076,0.165569620253165,0,0.325156416908286,0.112276819777201,0
"1339",red bank boro,0.658646134103305,0.341353865896695,0.591854172600399,0.301053830817431,0.0243045666002089,0.450889628236656,0.229350499059743,0.0185158397222624
"1340",roosevelt boro,0.011828486939379,0.988171513060621,0.833607230895645,0.0217748562037798,0.0213640098603122,0.162775772162054,0.00425190533493783,0.00417168070597674
"1341",rumson boro,0.0102007374027038,0.989799262597296,0.888347041269379,0.0236188951160929,0,0.537925867160298,0.0143020847106527,0
"1342",sea bright boro,0.647540983606557,0.352459016393443,0.518928115695449,0.181624840493407,0,0.156090071647902,0.0546315250767656,0
"1343",sea girt boro,0.0123615761009529,0.987638423899047,0.672148173792626,0.129305868097629,0,0.543152888515876,0.104490138480906,0
"1344",shrewsbury boro,0.0422708618331053,0.957729138166895,0.657906579065791,0.239852398523985,0.00648006480064801,0.524766690595836,0.191313711414214,0.00516870064608758
"1345",shrewsbury twp,0.996047430830039,0.00395256916996056,0.846153846153846,0.00501672240802676,0,0.805732484076433,0.00477707006369427,0
"1346",lake como boro,0.594444444444444,0.405555555555556,0.850776502363268,0.147873058744092,0,0.781153130812151,0.135771853688779,0
"1347",spring lake boro,0.0807785888077859,0.919221411192214,0.815584071967191,0.0607223177669004,0,0.651760228353949,0.0485252140818268,0
"1348",spring lake heights boro,0.278538812785388,0.721461187214612,0.660416939819064,0.0756522879244788,0,0.601720224584876,0.0689284434356708,0
"1349",tinton falls boro,0.159978859210473,0.840021140789527,0.515282287629622,0.134639153660836,0.0378548235047659,0.246235934809594,0.0643394866455772,0.0180895366996356
"1350",union beach boro,0.020746887966805,0.979253112033195,0.718116805721096,0.0548271752085816,0.0289034564958284,0.400631701437952,0.0305876485745158,0.0161250103898263
"1351",upper freehold twp,0.0335856933669813,0.966414306633019,0.724341036288139,0.0308268640548836,0.0144430402599747,0.105891551637678,0.00450658502467735,0.00211143075826757
"1352",wall twp,0.0422931980149994,0.957706801985001,0.574358424859362,0.112520760782213,0.0403536030002679,0.264200232645255,0.0517586404053548,0.0185623311843221
"1353",west long branch boro,0.0413830168398424,0.958616983160158,0.663339275103981,0.170766488413547,0.00154486036838978,0.603361617035075,0.155326163324866,0.0014051775387775
"1401",boonton town,0.239147489539749,0.760852510460251,0.652726807203209,0.12690961850303,0.0562430656311343,0.481006289308176,0.0935220125786164,0.0414465408805031
"1402",boonton twp,0.0101210421938043,0.989878957806196,0.835361325335618,0.021479577263639,0.0154812910596972,0.268968307980944,0.00691596004929461,0.00498464141850755
"1403",butler boro,0.0697138206971382,0.930286179302862,0.691456438150614,0.149488886804839,0.0240082528369127,0.559196056124384,0.120894956389837,0.0194160030337505
"1404",chatham boro,0.0373439141089976,0.962656085891002,0.719117153407184,0.109684457871769,0.0313863712655253,0.559224694903087,0.0852966129348039,0.0244077530509691
"1405",chatham twp,0.0616979269496545,0.938302073050346,0.751638567129725,0.0527639226678758,0.00366874149800074,0.304783873232374,0.0213953799351453,0.00148764751111557
"1406",chester boro,0.0507571508693214,0.949242849130679,0.515243461927467,0.254587487357318,0,0.349539306018428,0.172711233091551,0
"1407",chester twp,0.0072767912579163,0.992723208742084,0.82077990908535,0.0337158815255723,0.00568726175673197,0.215383051790357,0.00884747467183037,0.00149240957281782
"1408",denville twp,0.0409058231488138,0.959094176851186,0.701444744207156,0.0933410655303699,0.0278106956455964,0.34128687971539,0.045414954302889,0.0135312519168251
"1409",dover town,0.184251778608465,0.815748221391535,0.609107601909658,0.160852001468968,0.0839515240543518,0.475189090075636,0.12548705019482,0.0654939261975705
"1410",east hanover twp,0.0310919974429011,0.968908002557099,0.536327650157404,0.145248262319608,0.0705357977745223,0.332002006637339,0.0899127884541175,0.0436636567106583
"1411",florham park boro,0.10020919090357,0.89979080909643,0.478680793332903,0.158634278700174,0.0299760966470702,0.306013298641226,0.10141246437864,0.0191632594061042
"1412",hanover twp,0.0538434289762664,0.946156571023734,0.51365797075079,0.122478222303091,0.0577478563468056,0.328332170272156,0.0782885554780181,0.036912654105606
"1413",harding twp,0.0106720702465383,0.989327929753462,0.861682623752292,0.0275587114047086,0.000349212816110351,0.224965810667072,0.00719495517398572,9.11715544750038e-05
"1414",jefferson twp,0.0200920002114947,0.979907999788505,0.721897782358105,0.0619107599526699,0.0111263788694225,0.138133773499467,0.0118465066682248,0.00212901152514644
"1415",kinnelon boro,0.00509517400499904,0.994904825995001,0.865799184307632,0.0336265016785506,0.000138723191743196,0.253519753678173,0.00984637382099422,4.06203540470059e-05
"1416",lincoln park boro,0.10689990281827,0.89310009718173,0.701431492842536,0.0666325835037491,0.0462394910247671,0.278949984186509,0.0264988930556183,0.0183888311570957
"1417",madison boro,0.0686280582223599,0.93137194177764,0.695455524445402,0.111651949170795,0.0014645703209132,0.596813544285081,0.0958154665089457,0.0012568386810587
"1418",mendham boro,0.0332720376968165,0.966727962303184,0.809508303484207,0.0465646369260827,0,0.454787790089902,0.0261603596069412,0
"1419",mendham twp,0.00152225537356147,0.998477744626439,0.868137967490419,0.0145103739923351,0.000792916611603013,0.284955798277044,0.00476285493679891,0.000260265297092837
"1420",mine hill twp,0.0543125225550343,0.945687477444966,0.652998703900083,0.0722281135854837,0.0441852244609403,0.288992021692653,0.0319653751890285,0.0195546748709391
"1421",montville twp,0.0508526330624325,0.949147366937568,0.727934890401122,0.0624251957733475,0.0467291317580276,0.348057129309429,0.0298481838471538,0.0223432173251907
"1422",morris twp,0.0591960288557445,0.940803971144256,0.698866860116394,0.0926775495647381,0.0106505422536353,0.426065385831752,0.056501027830487,0.00649312144212524
"1423",morris plains boro,0.0308353808353808,0.969164619164619,0.641197321780228,0.159905474596298,0.0174084285151635,0.491278894320719,0.122517955217575,0.013338161627135
"1424",morristown town,0.301204819277108,0.698795180722892,0.565124196192157,0.245114109191779,0.0020174000756525,0.466001247660636,0.202121023081722,0.0016635475150759
"1425",mountain lakes boro,0.0379857553417468,0.962014244658253,0.783762608951131,0.098619136225639,0.0152776417588875,0.430106948997689,0.0541194174235503,0.00838394152738217
"1426",mount arlington boro,0.196492483894059,0.803507516105941,0.651433900676148,0.0896479365819538,0.00174865936115645,0.311361230289185,0.0428483869170335,0.000835794283167103
"1427",mount olive twp,0.093484213332041,0.906515786667959,0.619533724648342,0.0793238557038416,0.0508609430591626,0.206427571028411,0.0264305722288916,0.0169467787114846
"1428",netcong boro,0.152099886492622,0.847900113507378,0.612940630797774,0.12221706864564,0.11247680890538,0.431862745098039,0.0861111111111111,0.0792483660130719
"1429",parsippany-troy hills twp,0.104521025561998,0.895478974438002,0.565994330571304,0.158874836458788,0.0305931094635848,0.319990384200502,0.0898214296721382,0.0172961111487798
"1430",long hill twp,0.0246829929338883,0.975317007066112,0.811611281326106,0.0676015397910284,0.0230968654254065,0.267850661135598,0.0223100855587244,0.00762250453720508
"1431",pequannock twp,0.0553035844915874,0.944696415508413,0.711633233844659,0.0871451377802457,0.0397029221906018,0.450788137269989,0.0552025853540572,0.0251500428693913
"1432",randolph twp,0.0354676124696659,0.964532387530334,0.765067123678949,0.0682376463867466,0.0292059411596687,0.395592872386776,0.0352836054557404,0.0151015012886122
"1433",riverdale boro,0.11437908496732,0.88562091503268,0.450552147239264,0.154478527607362,0.0738650306748466,0.277467130119389,0.0951337464107602,0.045488892247242
"1434",rockaway boro,0.0840077695046941,0.915992230495306,0.607234126204049,0.184883035187733,0.115883624926283,0.45533608490566,0.138635023584906,0.0868956367924528
"1435",rockaway twp,0.0588707596134545,0.941129240386545,0.577100019858344,0.200519626663136,0.0356291785265109,0.118733976377819,0.0412554007905838,0.00733043475300214
"1436",roxbury twp,0.0233220906214867,0.976677909378513,0.634984144903956,0.101804658575864,0.0429166735842478,0.272418410518668,0.0436758358381174,0.0184119431900739
"1437",victory gardens boro,0.197010869565217,0.802989130434783,0.828828828828829,0.0844594594594595,0.079954954954955,0.792249730893434,0.0807319698600646,0.0764262648008611
"1438",washington twp,0.0122583287435213,0.987741671256479,0.81384042479829,0.0273199549456359,0.00750522952440062,0.24649451375738,0.00827461846942185,0.00227317032416175
"1439",wharton boro,0.105000958037938,0.894999041962062,0.595708252482593,0.101244150211163,0.127040292204086,0.383299059929495,0.0651439482961222,0.0817420681551116
"1501",barnegat twp,0.0968391527922615,0.903160847207738,0.715509699994854,0.0618792775176247,0.00993155971800545,0.107887181874612,0.00933038485412787,0.00149751707014277
"1502",barnegat light boro,0.0112224448897796,0.98877755511022,0.760670731707317,0.0692073170731707,0,0.30703913364509,0.0279350233817376,0
"1503",bay head boro,0.00122549019607843,0.998774509803922,0.794289422452953,0.0525632706035042,0.000324464633354964,0.513207547169811,0.0339622641509434,0.000209643605870021
"1504",beach haven boro,0.511438338154089,0.488561661845911,0.781545417180436,0.106658446362515,0.00472667488697082,0.254841519801648,0.034778529786236,0.00154124505796422
"1505",beachwood boro,0.0264299404821951,0.973570059517805,0.81878252250764,0.0531097712067399,0,0.558510338610626,0.0362273930925686,0
"1506",berkeley twp,0.429903873608071,0.570096126391929,0.73342175066313,0.0527595513983899,0.00929545348783098,0.181907894736842,0.013085757156048,0.00230551708217913
"1507",brick twp,0.232040169765079,0.767959830234921,0.763358430298882,0.0999771845767739,0.00553958475929728,0.403225028924026,0.0528104512148091,0.0029261473197069
"1508",toms river twp,0.171483684295129,0.828516315704871,0.709026669705949,0.11759174834739,0.023677912012765,0.369020325480554,0.0612018519232537,0.0123234162704686
"1509",eagleswood twp,0.022248243559719,0.977751756440281,0.586068855084067,0.0846391398833352,0.0400320256204964,0.0422629308567234,0.00610354583020595,0.0028868122169893
"1510",harvey cedars boro,0.0383259911894273,0.961674008810573,0.818018018018018,0.0803603603603604,0,0.267783413943612,0.0263064763477645,0
"1511",island heights boro,0.0252069224981189,0.974793077501881,0.821638330757342,0.0670788253477589,0.0145285935085008,0.460898213976071,0.0376278827813421,0.00814981792959944
"1512",jackson twp,0.0531716085857687,0.946828391414231,0.648795330281003,0.0692778910052483,0.0190703286932524,0.17446873918032,0.0186296444080791,0.00512823697640514
"1513",lacey twp,0.0128275109170306,0.987172489082969,0.713799943326721,0.0767745820345707,0.0263707849249079,0.0631844960948645,0.0067959703893221,0.00233430217063451
"1514",lakehurst boro,0.278242677824268,0.721757322175732,0.640064274236744,0.186663095875736,0.00428494911622925,0.3784639746635,0.110372129849565,0.00253365003958828
"1515",lakewood twp,0.287573049157786,0.712426950842214,0.583199679230152,0.100551323175621,0.0705994386527666,0.362266500622665,0.0624595267745953,0.043854296388543
"1516",lavallette boro,0.750508646998983,0.249491353001017,0.795629299878592,0.056454876568191,0.00263051396195872,0.586865671641791,0.0416417910447761,0.00194029850746269
"1517",little egg harbor twp,0.224848835713367,0.775151164286633,0.712188194333097,0.0685113498408045,0.0018553725633919,0.0656741891058408,0.00631775053440016,0.000171092542054969
"1518",long beach twp,0.507101998843113,0.492898001156887,0.886552706552707,0.038974358974359,0,0.103232526970899,0.00453827678180443,0
"1519",manchester twp,0.447358145782248,0.552641854217752,0.683983377666677,0.125885331538634,0.00711470050956639,0.121363704429613,0.0223366687959542,0.00126240847064711
"1520",mantoloking boro,0,1,0.971544715447154,0.00863821138211382,0,0.46920245398773,0.00417177914110429,0
"1521",ocean twp,0.00733328764306764,0.992666712356932,0.663378040463742,0.070061377585815,0.0118663332575585,0.072082798142476,0.00761288410236143,0.00128939828080229
"1522",ocean gate boro,0.0800502933780386,0.919949706621961,0.883376527212144,0.0381340244353943,0.00851536467974824,0.68701410883962,0.0296573567520875,0.00662251655629139
"1523",pine beach boro,0,1,0.856659729448491,0.0660770031217482,0,0.790636254501801,0.060984393757503,0
"1524",plumsted twp,0.0142747381616725,0.985725261838327,0.61980550403529,0.243119955887513,0.0089979447591358,0.0978002942432727,0.038362362172338,0.00141980288864632
"1525",point pleasant boro,0.0710773357174788,0.928922664282521,0.833768169959001,0.103056280283265,0.00288855758479314,0.664389664389664,0.0821205821205821,0.0023017523017523
"1526",point pleasant beach boro,0.148141298316996,0.851858701683003,0.646615642190863,0.224587419277685,0.0092083233676154,0.452014713258652,0.156997157665942,0.00643705066042468
"1527",seaside heights boro,1,0,0.455612619222304,0.282098312545855,0,0.261583824768323,0.161962931760741,0
"1528",seaside park boro,0.991250455705432,0.00874954429456809,0.74195293481201,0.0762780632945632,0,0.395301916702695,0.0406398616515348,0
"1529",ship bottom boro,0.424552429667519,0.575447570332481,0.696260493513101,0.192063088272704,0,0.436314363143631,0.1203570859238,0
"1530",south toms river boro,0.0105804111245466,0.989419588875453,0.645211624731812,0.0747025551004486,0.0881607177686756,0.418893250601494,0.0484994301633532,0.0572369254147145
"1531",stafford twp,0.228682170542636,0.771317829457364,0.663943127352269,0.116463473477659,0.00598320841509313,0.117978924985638,0.0206948981545787,0.0010631821728357
"1532",surf city boro,0.0124757416135292,0.987524258386471,0.848107218434046,0.0919351046320245,0,0.434840265220012,0.0471368294153104,0
"1533",tuckerton boro,0.288902538902539,0.711097461097461,0.722485207100592,0.131213017751479,0.00857988165680473,0.207142251251166,0.037619815081856,0.00245992026465349
"1601",bloomingdale boro,0.0378425402348847,0.962157459765115,0.795501730103806,0.0717993079584775,0.00475778546712803,0.155416596248099,0.014027378739226,0.000929525097177624
"1602",clifton city,0.546174075759875,0.453825924240125,0.582338128966705,0.12605103889028,0.103020218233224,0.540711267894499,0.11704062239359,0.0956560974609295
"1603",haledon boro,0.374931431705979,0.625068568294021,0.648639032200676,0.167763743106209,0.0277530688489593,0.468336544637123,0.121130378933847,0.0200385356454721
"1604",hawthorne boro,0.435052428846565,0.564947571153435,0.734325074642502,0.0993661934943167,0.0683044366455398,0.651258942673976,0.088125987178296,0.060577905788349
"1605",little falls twp,0.224616322797032,0.775383677202968,0.637364772948112,0.193237027919933,0.0266891235343655,0.534292696171599,0.161987510181917,0.022373065435786
"1606",north haledon boro,0.0494964028776978,0.950503597122302,0.859776087090988,0.0661842023875796,0.00754623616007917,0.615834477869833,0.0474059634043684,0.00540516592087192
"1607",passaic city,0.770342063566036,0.229657936433964,0.553383536207964,0.202186919744172,0.114194347018775,0.517534127634943,0.189088804206261,0.106796584824659
"1608",paterson city,0.873477841659822,0.126522158340178,0.54504934114487,0.172022500340619,0.136364521089203,0.503370422965613,0.15886825690712,0.12593697758444
"1609",pompton lakes boro,0.097473305846284,0.902526694153716,0.753705179282869,0.0865338645418327,0.0269322709163347,0.472879068139779,0.0542918562215668,0.016897465380193
"1610",prospect park boro,0.943954659949622,0.0560453400503779,0.824078879086663,0.116761805915932,0.00363258951738454,0.527925531914894,0.0748005319148936,0.00232712765957447
"1611",ringwood boro,4.36833828411672e-05,0.999956316617159,0.726914772005589,0.0503937507938524,0.0253715229264575,0.125570475688959,0.00870523959978936,0.00438278918729156
"1612",totowa boro,0.309353298611111,0.690646701388889,0.448510803971189,0.16220556745182,0.15519758613977,0.353035816893315,0.127676690289217,0.122160505650259
"1613",wanaque boro,0.0778532880271837,0.922146711972816,0.662561250165541,0.0794596742153357,0.0278108859753675,0.167672095984986,0.0201085863663784,0.00703800522823245
"1614",wayne twp,0.0824101554465047,0.917589844553495,0.663281813397782,0.139269495390493,0.0362815990020855,0.422535386143531,0.0887198907375217,0.0231127390116712
"1615",west milford twp,0.0181639108282668,0.981836089171733,0.750543748667283,0.0594782855924373,0.0210818110739925,0.10183035025459,0.00806974232371548,0.00286028390680451
"1616",woodland park boro,0.36633431085044,0.63366568914956,0.656375115491223,0.164844471820142,0.0475823837388358,0.433731874841007,0.108929025693208,0.0314423810735182
"1701",alloway twp,0.000623558022073954,0.999376441977926,0.707972805933251,0.0275030902348578,0.00529754547059862,0.0738940316181858,0.00287061056919185,0.000552926594386874
"1702",carneys point twp,0.0728100963333582,0.927189903666642,0.459335231365554,0.0753267245223476,0.105272184680822,0.118137466806645,0.0193734506091697,0.0270751912201921
"1703",elmer boro,0.00656544932293804,0.993434550677062,0.639632545931758,0.156430446194226,0.058005249343832,0.416794937574825,0.101932615016248,0.0377971609372328
"1704",elsinboro twp,0.00385487528344671,0.996145124716553,0.782192266761263,0.0262504434196524,0.0207520397304009,0.0523952095808383,0.0017583879859329,0.00139007698887938
"1705",lower alloways creek twp,0.0081513219772181,0.991848678022782,0.602316359287468,0.0116447409831938,0.164788821048656,0.0311898017920528,0.000603000661670996,0.00853327422840361
"1706",mannington twp,0,1,0.657473162675475,0.0829066886870355,0.0447563996696945,0.0328656520500786,0.00414432487544322,0.00223727498255999
"1707",oldmans twp,0,1,0.465669917864476,0.041452772073922,0.119096509240246,0.0566316019478087,0.00504120364589836,0.0144837058309402
"1708",penns grove boro,0.10791165781381,0.89208834218619,0.648007246376812,0.161231884057971,0.00579710144927536,0.626554562970748,0.155894202136977,0.00560518479593624
"1709",pennsville twp,0.0361244905520563,0.963875509447944,0.584135916026404,0.0830267287090142,0.124283086246077,0.13579617994629,0.0193015226127809,0.0288925366188059
"1710",pilesgrove twp,0.00864840389404573,0.991351596105954,0.730275775411679,0.0340255274122082,0.00519145559156141,0.0982000729219468,0.00457540751807486,0.000698094247169828
"1711",pittsgrove twp,0.0302398049044845,0.969760195095515,0.754657178496207,0.0305093757029221,0.019916978508476,0.126070945438148,0.00509681210117104,0.00332727546014785
"1712",quinton twp,0.0120342307006597,0.98796576929934,0.690848626678162,0.0448946914644661,0.00782116024140904,0.072262303530018,0.00469595465086318,0.00081808812161814
"1713",salem city,0.276590636254502,0.723409363745498,0.476544622425629,0.146338672768879,0.0876430205949657,0.236459634381742,0.0726126944475985,0.0434881344385148
"1714",upper pittsgrove twp,0.015158396729874,0.984841603270126,0.762675903875298,0.0675470881143105,0.0449880926607491,0.0681542932097213,0.00603614723556065,0.00402022883188943
"1715",woodstown boro,0.0817665063401836,0.918233493659816,0.66002886002886,0.116017316017316,0.0264069264069264,0.442231460891424,0.0777337329594895,0.0176931257855555
"1801",bedminster twp,0.136315763077386,0.863684236922614,0.548467843978654,0.0687407162898168,0.000495131209770589,0.11815353619152,0.0148084501199964,0.000106663506266481
"1802",bernards twp,0.0870009538084208,0.912999046191579,0.70378672548338,0.0610263356628268,0.00115076178032437,0.377142269842493,0.0327025360363833,0.000616665381947121
"1803",bernardsville boro,0.00500345633496823,0.994996543665032,0.827044538821736,0.0458455842317326,0.00868452575411086,0.36757979817535,0.0203760617573748,0.00385983592672362
"1804",bound brook boro,0.266911882296498,0.733088117703502,0.706953080836631,0.142453363482193,0.0165065008479367,0.576472757444455,0.116161150548539,0.0134599428413386
"1805",branchburg twp,0.0405024811122536,0.959497518887746,0.662500555316975,0.0523034548120067,0.0560944186941906,0.344934464148034,0.0272320740169622,0.0292058596761758
"1806",bridgewater twp,0.0474612531538131,0.952538746846187,0.666493599082484,0.0954868107002263,0.0254564334645547,0.415268067519024,0.059494379852447,0.0158609834292557
"1807",far hills boro,0.0211340973359131,0.978865902664087,0.780281035884334,0.015909882708164,0,0.213348998190074,0.00435017305432953,0
"1808",franklin twp,0.128040065673687,0.871959934326313,0.627941820015873,0.0885753914391462,0.0565853007276207,0.28222308894956,0.0398094533283997,0.0254317802246157
"1809",green brook twp,0.0750387850085735,0.924961214991426,0.723475897920605,0.139354914933837,0.0159499054820416,0.434290780141844,0.0836524822695035,0.00957446808510638
"1810",hillsborough twp,0.0644164881593429,0.935583511840657,0.673293598304356,0.0557777813192242,0.0345742561634448,0.239499216285391,0.0198408761730918,0.012298508816435
"1811",manville boro,0.0872124130551097,0.91278758694489,0.615714050403558,0.193790149892934,0.00765936419041344,0.476907374330186,0.150102066853789,0.00593263587649911
"1812",millstone boro,0,1,0.702872062663185,0.0595300261096606,0,0.303358124859139,0.0256930358350237,0
"1813",montgomery twp,0.0523817596202746,0.947618240379725,0.726282682664756,0.0509939111747851,0.00382790114613181,0.312138922962215,0.0219159631527046,0.00164514034201602
"1814",north plainfield boro,0.154269539235729,0.845730460764271,0.783465779584796,0.144458818456231,0.00190969013737448,0.704559304193674,0.129909700293613,0.00171735637914797
"1815",peapack-gladstone boro,0.00194909424443935,0.998050905755561,0.598421955403088,0.0632590051457976,0.00329331046312178,0.235959311762796,0.0249431879666703,0.00129856076182231
"1816",raritan boro,0.214016172506739,0.785983827493261,0.517241379310345,0.191746444836881,0.0698949716516405,0.428802588996764,0.158961319155494,0.0579442132840191
"1817",rocky hill boro,0.0177610333692142,0.982238966630786,0.651472650771389,0.0375175315568022,0.0255960729312763,0.467656682607601,0.0269317895796627,0.0183740246664989
"1818",somerville boro,0.128454172366621,0.871545827633379,0.589278516727126,0.225312374042725,0.0336154776299879,0.487041108668132,0.186221600373109,0.0277833300019988
"1819",south bound brook boro,0.133863485752154,0.866136514247846,0.864508736751647,0.0753365797765683,0.0171870524205099,0.637650538770336,0.0555672934713712,0.0126769490809212
"1820",warren twp,0.00814574589851202,0.991854254101488,0.816231198031827,0.0675158045529569,0.0108685497181651,0.41724041867314,0.0345126756079118,0.00555577665459466
"1821",watchung boro,0.0182167324060619,0.981783267593938,0.786834367853642,0.104826853969291,0,0.498228738396297,0.0663770589300028,0
"1901",andover boro,0,1,0.576433121019108,0.242493175614195,0.0382165605095541,0.145231545162769,0.0610958276020174,0.00962861072902338
"1902",andover twp,0.0183813443072702,0.98161865569273,0.622396011201421,0.0635544020217198,0.00785465473669831,0.137203384726572,0.0140101782702963,0.00173151047940255
"1903",branchville boro,0.00632911392405063,0.993670886075949,0.643465383191411,0.221399481673454,0,0.457007625558769,0.157244280830923,0
"1904",byram twp,0,1,0.735717383590269,0.045420494421007,0.0116311161928794,0.128368291793648,0.00792498778918982,0.00202940225504427
"1905",frankford twp,0,1,0.770917752710546,0.049529076771438,0.00843281130215748,0.124657443276148,0.00800885445489762,0.00136358605423354
"1906",franklin boro,0.0883944678292243,0.911605532170776,0.598309048389998,0.127091203453859,0.0376866342867422,0.234812383070352,0.0498782166684316,0.014790497370186
"1907",fredon twp,5.62651212513363e-05,0.999943734878749,0.846897931954636,0.0202515963022968,0.00214428666730201,0.15502909030643,0.00370716048951964,0.000392522875360903
"1908",green twp,0,1,0.816897173782321,0.0222489476849068,0.0140308679094007,0.156309627683545,0.00425723682318085,0.00268474394254648
"1909",hamburg boro,0.212008666047663,0.787991333952337,0.659118727050184,0.118319053447572,0.0520195838433293,0.432414346895075,0.0776231263383298,0.034127408993576
"1910",hampton twp,0.0313459443399029,0.968654055660097,0.771735391905836,0.0804448350976421,0.00859861657813276,0.123853098474069,0.0129103086207743,0.00137996172906138
"1911",hardyston twp,0.142448418156809,0.857551581843191,0.560922165298438,0.05299055613851,0.021140670328992,0.0870250134068797,0.00822129012487551,0.00327989734160729
"1912",hopatcong boro,0.0053651870223212,0.994634812977679,0.787256933375837,0.0476968441185846,0.0116751673573478,0.248568876363499,0.0150598241133324,0.00368632286149239
"1913",lafayette twp,0,1,0.769482863967117,0.0657668166416708,0.0321057601510859,0.120445159327044,0.0102943094378994,0.00502543146546103
"1914",montague twp,0.0421552016265673,0.957844798373433,0.706995687589842,0.0425011978917106,0.0077144226161955,0.04942783636388,0.00297136501896046,0.000539334575031154
"1915",newton town,0.077136596055515,0.922863403944485,0.541363492565644,0.224137931034483,0.0270484024043024,0.316341621221924,0.130973287734541,0.0158055273130604
"1916",ogdensburg boro,0,1,0.753203232801104,0.1003351074315,0.0325251330573625,0.265808695652174,0.0354086956521739,0.0114782608695652
"1917",sandyston twp,0,1,0.769885388785945,0.0566879418022099,0.00212751355432023,0.0416570736815525,0.00306727962747035,0.000115115821369953
"1918",sparta twp,0.0169619517862329,0.983038048213767,0.717550782226915,0.0578403312307222,0.0145052380026121,0.208060558937399,0.0167713448902389,0.00420592939356461
"1919",stanhope boro,0.095701733554975,0.904298266445025,0.707612166022517,0.115106704755503,0.027894471517392,0.313925749217236,0.0510660503951096,0.0123751304607127
"1920",stillwater twp,0,1,0.80352279715365,0.0145831503118686,0.00390933848721778,0.101199926975398,0.00183667937220971,0.000492362843755014
"1921",sussex boro,0.132422490803994,0.867577509196006,0.646838885112169,0.229435757987763,0.00781781101291638,0.476822851415685,0.169130543723378,0.00576296667501879
"1922",vernon twp,0.0455442675793629,0.954455732420637,0.740476030841435,0.0404559168622192,0.00791149849145156,0.123346512095423,0.00673903817373629,0.0013178762089839
"1923",walpack twp,0,1,0.349875930521092,0.163771712158809,0,0.0026504091529969,0.00124061705033898,0
"1924",wantage twp,0.00502245814618212,0.994977541853818,0.801662902222659,0.0437493862319552,0.00833087826115421,0.1134447553225,0.00619105412366359,0.00117891752672831
"2001",berkeley heights twp,0.0231970485672411,0.976802951432759,0.724188412692603,0.118325220510193,0.0203491563883907,0.494217848490147,0.0807503059669805,0.0138871543821965
"2002",clark twp,0.0930004574864388,0.906999542513561,0.667059028686023,0.112956665794751,0.0223210393233935,0.536801852371597,0.0908995228739826,0.0179623912433343
"2003",cranford twp,0.152539586871952,0.847460413128048,0.698656356467481,0.12050683305899,0.0402710255330552,0.585493391505197,0.100988066213268,0.0337482355960477
"2004",elizabeth city,0.893129770992366,0.106870229007634,0.329372642848453,0.130797410005813,0.104208064668748,0.273652291105121,0.108670260557053,0.0865790655884996
"2005",fanwood boro,0.01726298204093,0.98273701795907,0.861684261036468,0.0741362763915547,0.00515834932821497,0.837863058439286,0.0720867840895836,0.00501574711302928
"2006",garwood boro,0.673099189502123,0.326900810497877,0.639911089157817,0.203260064213386,0.0792788342800692,0.623136123136123,0.197931697931698,0.0772005772005772
"2007",hillside twp,0.824233769087114,0.175766230912886,0.548439571032655,0.112724424629473,0.171406193517291,0.51149070067989,0.105130078103051,0.159858403101646
"2008",kenilworth boro,0.904526748971193,0.0954732510288065,0.396508117810231,0.100187647874684,0.237823284653667,0.35312068589697,0.0892247329797283,0.211799752960837
"2009",linden city,0.836666857699582,0.163333142300418,0.30583307042451,0.0847442773512812,0.387720405230133,0.246385201920361,0.0682716746681728,0.312355266873764
"2010",mountainside boro,0,1,0.745189541648022,0.0843827910247395,0.0567026785143515,0.450912888751354,0.0510598793130125,0.0343106916292743
"2011",new providence boro,0.04997642621405,0.95002357378595,0.750682576600263,0.0958640914147032,0.0310445950045505,0.625479209672663,0.0798753001643005,0.0258667902430804
"2012",plainfield city,0.12262554071845,0.87737445928155,0.739581594614143,0.128359205474879,0.0466533133032883,0.696106412505564,0.120813804299442,0.0439108690529182
"2013",rahway city,0.501537601341907,0.498462398658093,0.614525619550745,0.138470128419877,0.113000901945626,0.553115818772228,0.124632750889129,0.101708674810577
"2014",roselle boro,0.547520661157025,0.452479338842975,0.674778200253485,0.091191381495564,0.0629911280101394,0.629017013232514,0.0850070888468809,0.0587192816635161
"2015",roselle park boro,0.688527397260274,0.311472602739726,0.752674313700219,0.107230313184689,0.0364737723933497,0.74527820316488,0.10617662072486,0.0361153649821337
"2016",scotch plains twp,0.0591560733360402,0.94084392666396,0.764932148318043,0.0701691513761468,0.00637901376146789,0.552426799178701,0.050675500802319,0.00460686370930172
"2017",springfield twp,0.151707421401583,0.848292578598417,0.562452383816512,0.137294999799511,0.043867035566783,0.424045466912543,0.103509779618489,0.0330723419692252
"2018",summit city,0.0674724800345349,0.932527519965465,0.721606130459161,0.114291944427138,0.00775652607314186,0.598872831622761,0.0948527700938445,0.00643726894340891
"2019",union twp,0.752799190763542,0.247200809236458,0.560083614980366,0.188602574872526,0.0719909351983902,0.493264052579962,0.166101753238933,0.063402212625385
"2020",westfield town,0.0359211686185619,0.964078831381438,0.80032250749578,0.074176724029328,0.00196528005240747,0.736232152790655,0.0682366030038939,0.00180789912849991
"2021",winfield twp,1,0,0.80625,0.0473214285714286,0,0.785900783289817,0.0461270670147955,0
"2101",allamuchy twp,0.214145810663765,0.785854189336235,0.621029868901203,0.0266927963238275,0.0065549398567374,0.0708383436623192,0.00304473838374495,0.000747695248666482
"2102",alpha boro,0.0443883074702274,0.955611692529773,0.538685847589425,0.0614307931570762,0.140163297045101,0.252390928135531,0.0287822206029693,0.0656708261225977
"2103",belvidere town,0.0533578656853726,0.946642134314627,0.533366045142296,0.0973176316650311,0.0408897612037946,0.343118686868687,0.0626052188552189,0.0263047138047138
"2104",blairstown twp,0.00101603429115733,0.998983965708843,0.741704542778419,0.0540235028142147,0.00405058521536396,0.159934797180638,0.0116491641445431,0.00087343340578091
"2105",franklin twp,0.00439632545931759,0.995603674540682,0.770008084074373,0.0519907033144705,0.0284458367016977,0.101255057769864,0.00683670960926444,0.00374059038874235
"2106",frelinghuysen twp,0.00101912825337096,0.998980871746629,0.815705333162808,0.0257066120987339,0.0106791149763397,0.0835100950585278,0.0026317856862283,0.00109330400398041
"2107",greenwich twp,0.0472214426045467,0.952778557395453,0.643344016611746,0.0780481198934681,0.0139484494199431,0.210200289077018,0.0255007226925459,0.00455738768767883
"2108",hackettstown town,0.0992193687068673,0.900780631293133,0.574595332509914,0.165247350971852,0.0647467984138335,0.372278145137514,0.107063134397507,0.0419492060817925
"2109",hardwick twp,0,1,0.713394423864301,0.0116981867810489,0.00168973809059596,0.0439963446600774,0.000721448668927206,0.000104209252178374
"2110",harmony twp,0,1,0.63676765745962,0.0256618560642263,0.0393768517633566,0.0864344881716106,0.00348332608991781,0.00534499198899866
"2111",hope twp,0.00123094403939021,0.99876905596061,0.741070802048979,0.0272261595677496,0.00392954880359273,0.090217149886385,0.00331448292357896,0.00047837897866088
"2112",independence twp,0.0486990915270997,0.9513009084729,0.81532802579865,0.0473647082535524,0.00942255366320669,0.126555448665306,0.00735196352174695,0.0014625714665603
"2113",knowlton twp,0.00564681724845996,0.99435318275154,0.685915492957747,0.0319982394366197,0.00360915492957746,0.0958260570135524,0.00447032491329906,0.000504218215805396
"2114",liberty twp,0.00322032382145093,0.996779676178549,0.822045738657254,0.0222075152584749,0.0177218913155379,0.146454258427113,0.00395645281733503,0.00315730175158193
"2115",lopatcong twp,0.0909735014878844,0.909026498512116,0.586421804886156,0.0757852750540136,0.0311201595479475,0.298962084304173,0.0386358822283415,0.0158652827790722
"2116",mansfield twp,0.064360213686085,0.935639786313915,0.680033214545203,0.0702003252257551,0.0148427498875549,0.10343920216825,0.0106781043601821,0.0022577164960661
"2117",oxford twp,0.0537074148296593,0.946292585170341,0.72026558891455,0.0372401847575058,0.025837182448037,0.12867789267387,0.00665308543283736,0.00461590035844142
"2119",phillipsburg town,0.548565121412804,0.451434878587196,0.487796123474515,0.121380713089256,0.109176836563771,0.382296403957054,0.0951286980167847,0.0855642552393455
"2120",pohatcong twp,0.0184489238127776,0.981551076187222,0.613112693757855,0.109551738583997,0.021505376344086,0.100017085255425,0.0178711771740988,0.00350817244717809
"2121",washington boro,0.145655215296129,0.854344784703871,0.650455005055612,0.11587462082912,0.0556117290192113,0.511123470522803,0.0910535515652312,0.0436993484824408
"2122",washington twp,0.0113268608414239,0.988673139158576,0.683783477076713,0.0655072628234226,0.00853949160236042,0.208720502273219,0.0199956700584542,0.00260662481056506
"2123",white twp,0.0846749138564085,0.915325086143592,0.688323807301995,0.0464248221159454,0.032505151833275,0.0994925056060427,0.00671039098986697,0.00469839771149815
