SSN,average_d_adultEd
101,10.3912632660919
102,28.6294951592003
103,19.411927391606
104,6.82947569678941
105,2.5488136484492
106,1.04496484805889
107,7.90860719675618
108,8.49656545005371
109,5.10583039861412
110,2.94058084477738
111,14.7006728887381
112,10.2663399549994
113,9.14065196844514
114,14.5948391268149
115,0.998050467134196
116,27.6506028420673
117,3.86389987789314
118,20.9883988512235
119,14.1264501697248
120,1.67632305812902
121,14.9419491508903
122,18.4811053497548
123,0.937521520995137
201,1.1917617986358
202,1.93938014993959
203,2.78146784918192
204,1.2890546625426
205,0.331138931206428
206,0.61542352002515
207,2.83253735952257
208,1.35073740368132
209,1.49311955962899
210,2.73392140402508
211,1.1114373230752
212,0.929952174745277
213,0.529053700126775
214,0.88892134713928
215,2.56964860363741
216,0.900511217536392
217,1.13002140528817
218,0.206125935525133
219,1.74932699142515
220,1.24216259981651
221,1.45509108347026
222,0.78617478639607
223,2.18156634257218
224,1.86607299189955
225,1.20686810174437
226,1.92671451253805
227,1.65188861611646
228,0.869750005644147
229,0.713643816519163
230,0.975727473416692
231,1.53909803925789
232,1.89419148683873
233,4.35172064279784
234,2.15317355468041
235,0.811950017548232
236,1.89483305988138
237,0.495651105634286
238,2.44837570986834
239,1.86582628615738
240,2.47671614648243
241,1.86173362929702
242,2.55483789309938
243,1.97985031722034
244,1.54609575047607
245,0.993684678153
246,1.52773450594482
247,3.5424040900625
248,3.69270438632802
249,0.251708994006731
250,0.97603222320226
251,1.59243840857482
252,1.26628855573014
253,2.42689749593995
254,0.670827663563945
255,1.95201304104987
256,1.83831203971381
257,0.950777343789963
258,1.07638596600642
259,0.154525046892373
260,1.71566815889575
261,2.35021616276429
262,0.678033919171479
263,1.54411300151401
264,2.00672618272152
265,1.84692635421556
266,1.89942690713229
267,2.49818397085367
268,1.16537507554961
269,0.562926881873454
270,1.73662409899652
301,1.85971642557027
302,5.14640878953507
303,1.36697970060375
304,1.21787859008536
305,7.42530376034782
306,3.48523504859289
307,1.74476416870686
308,5.23295775009241
309,2.50999064042722
310,4.50637930493366
311,1.79505271577888
312,4.08335325373368
313,6.36110722580339
314,0.353766056425391
315,3.52198702707759
316,2.12855886525979
317,5.10419649017109
318,3.06480812860481
319,5.98690255921568
320,4.26574123300968
321,5.62827464336402
322,4.3550171638021
323,6.26502830023736
324,7.77170861454545
325,4.22500932081743
326,2.61639809173481
327,6.57121477953774
328,5.92296548463148
329,9.55556636847863
330,11.1547940421015
331,4.0450823162521
332,2.66757549252333
333,5.50122438712168
334,1.20803064224068
335,4.99130258242212
336,1.57551575235898
337,1.46522930643615
338,9.16445297042232
339,1.27049428563108
340,0.626143825044026
401,1.85560210596956
402,0.957486562793981
403,1.45706149159492
404,1.27527420765134
405,1.44471581816672
406,1.58319569591694
407,1.20251879803741
408,6.00359715439435
409,4.45686766018165
410,4.55825557617078
411,1.07124572319049
412,2.4048702963614
413,1.78022800864329
414,2.08177491937916
415,2.30164602006221
416,1.79059810866275
417,2.49495819509187
418,2.06155275803409
419,0.319594964879167
420,1.09508749254765
421,1.25681636976252
422,2.20952818040512
423,0.82429871436398
424,1.94368452325905
425,1.2335477046371
426,2.28844492781851
427,4.76733844062325
428,1.69679815642541
429,2.63721674273523
430,1.00625843372457
431,1.19896039372837
432,1.48001268387581
433,0.631942972224827
434,3.7911794909352
435,3.76618785680495
436,3.81778173654001
437,1.70720860884362
501,16.0133775727609
502,15.3512034569677
503,2.82691068656544
504,9.97466667256256
505,31.9312783612107
506,17.0895539226689
507,15.2456484408502
508,28.1241777225703
509,11.9259450688046
510,12.0803624510382
511,10.0661331372566
512,5.58188677021658
513,3.52527752809837
514,15.9482000736558
515,14.775479105751
516,14.0003346330457
601,17.9188614880392
602,8.95181535599043
603,3.22726585263954
604,9.90874802026284
605,5.70254381204475
606,2.78903280689525
607,4.20600326634715
608,7.72524820460535
609,8.20029918456282
610,12.8292996183354
611,0.483301526097247
612,2.83723311166644
613,2.13176919542402
614,12.2957834926462
701,2.93749069450141
702,3.94961954838838
703,2.56827445072337
704,1.31352750266597
705,5.64907741521666
706,1.05579164188505
707,0.810949151619628
708,0.90600104917517
709,6.5435910881846
710,4.76499502925511
711,4.60397557397243
712,3.19765834056728
713,3.96564093681771
714,7.48458116884171
715,0.675781483562078
716,2.69265453256975
717,4.7571649940781
718,1.47555942044712
719,3.59927034171184
720,1.91475044802837
721,2.37210454966971
722,3.63705317975905
801,1.52130328793685
802,0.842668822851499
803,0.767170994988483
804,1.0836542410837
805,4.12911115835128
806,1.84983577884425
807,2.28143225248375
808,1.63715486020132
809,3.06373823588499
810,0.677434231082972
811,4.03863363133314
812,2.00491470324468
813,8.83040438557279
814,1.36943230063103
815,1.32919450254169
816,1.37407682880247
817,5.14398199336368
818,2.07110871427276
819,0.315043494251549
820,1.82060911368319
821,0.91308211246313
822,1.08939189708975
823,0.314056348175511
824,1.22672378716432
901,7.92492378097921
902,2.05020402425146
903,0.376242647770838
904,3.29476507170695
905,3.55883982333196
906,5.29192970138405
907,3.22659300962596
908,0.493793789547675
909,1.30547392250013
910,1.88434628488093
911,0.740324772546154
912,0.846432848781691
1001,4.7991618816795
1002,3.2489873388003
1003,0.347419776053536
1004,0.339241389312949
1005,5.13444863873158
1006,3.951043773692
1007,2.41874686150509
1008,1.5293822963424
1009,5.09969012446512
1010,3.29584416643034
1011,0.40374645661395
1012,4.32398447486334
1013,3.22306111434709
1014,8.27848937461497
1015,8.31636949288115
1016,7.80098089891238
1017,4.89621896682405
1018,7.50499770117169
1019,2.025547887584
1020,0.676610357434225
1021,6.68665433035406
1022,4.25201695533683
1023,0.319245160638258
1024,2.77282807883478
1025,4.14857447503212
1026,3.02222378471315
1101,3.22862816088555
1102,2.27648027123747
1103,1.095995778041
1104,3.3075004922052
1105,5.55553999519952
1106,1.83286433014069
1107,1.11833619104922
1108,1.94368654402368
1111,2.11656226967656
1112,1.02699835683142
1113,1.9050611225834
1114,4.10598491158462
1201,3.34710200666846
1202,1.2833629502173
1203,1.01008397480536
1204,2.07236642319859
1205,2.33344921001983
1206,2.48394178475893
1207,0.475325314655806
1208,2.36146217837687
1209,3.40814865191339
1210,1.51586514126748
1211,1.28032690823769
1212,0.5649691880484
1213,4.33860043614039
1214,0.40150726542588
1215,1.22864894072659
1216,0.677858401530078
1217,2.13747213973745
1218,3.80898037000925
1219,1.7224171917792
1220,0.739153150641162
1221,3.16811398279573
1222,2.75985711225082
1223,1.79370498942366
1224,1.5638709145078
1225,2.42783427953025
1301,1.03328576252208
1302,2.38558109460058
1303,13.3848105633094
1304,3.57913970198126
1305,4.45459506540902
1306,8.22621983953828
1307,4.93574978676878
1308,3.6096898902213
1309,4.43282569718078
1310,4.7680027732594
1311,4.54630603446294
1312,3.51216954401115
1313,3.13850354883108
1314,7.28118906782573
1315,8.56726565002144
1316,4.88095953745197
1317,3.92019996992264
1318,1.88979986325684
1319,9.3197398825079
1320,1.11224288915577
1321,2.99178940348814
1322,1.4509486783916
1323,2.39870035520549
1324,0.683889994983831
1325,11.8165375079542
1326,5.58906528017929
1327,11.8135710445731
1328,4.98209055909587
1329,1.55132509420761
1330,2.44626780876913
1331,6.4848260630005
1332,2.5608619493101
1333,3.69394979190535
1334,10.3393802565205
1335,3.9261465436733
1336,3.53155175408789
1337,8.90857555147636
1338,3.08024355392879
1339,2.28504951838811
1340,4.65530757452532
1341,0.638605158501231
1342,4.93179686213425
1343,1.39288155969952
1344,4.91774763197801
1345,3.21537841025243
1346,0.359587415252004
1347,8.43639167324528
1348,5.80942219028648
1349,6.85618807053775
1350,1.47704145334817
1351,1.40237641036135
1352,5.7677507208289
1353,3.71212800728796
1401,1.36754426587242
1402,0.597565263498994
1403,3.00785533624705
1404,2.94454519278454
1405,2.61031862931649
1406,5.851234227722
1407,1.17660385004561
1408,0.429078021135291
1409,0.78448097990675
1410,1.49036397032613
1411,1.97143198308512
1412,1.70684996645317
1413,1.0254643347499
1414,2.41117018432648
1415,1.92204471967072
1416,1.54980022366418
1417,3.33246512688816
1418,3.10795940326962
1419,0.929395356840495
1420,0.94036979986163
1421,2.54075620881341
1422,1.82584007244438
1423,1.12707164509096
1424,2.78596990174921
1425,0.523739874411133
1426,1.17297618346538
1427,3.18672507063056
1428,2.03330361341131
1429,2.49889604647511
1430,3.29151727773971
1431,2.13043236769246
1432,1.58279492821744
1433,0.987211084999347
1434,0.119897915677029
1435,0.867520795282392
1436,1.96195546156978
1437,0.470048433379413
1438,5.8646895970391
1439,0.614976764162177
1501,2.01695177158822
1502,4.44257960750877
1503,6.16789751716909
1504,14.1393895350984
1505,13.5961328567589
1506,19.7522817490799
1507,17.5916937859445
1508,7.61845455501408
1509,1.77976403502614
1510,8.80667736649047
1511,8.26639047379495
1512,13.504495814646
1513,4.90800461914954
1514,14.325591245837
1515,6.53833016279218
1516,17.5441325033706
1517,10.0685743902099
1518,14.8963983750592
1519,5.03328137878664
1520,7.28514373511769
1521,8.9514009364895
1522,9.02950636923718
1523,3.82308574248685
1524,11.5864168577488
1525,6.45582206910008
1526,3.83511121131055
1527,11.0914385793542
1528,6.36071620813202
1529,4.12775674389164
1530,19.5455203685066
1531,7.96926059470771
1532,10.7188108991358
1533,13.453671487298
1601,1.1834275569148
1602,1.65042474457638
1603,0.259978470917479
1604,0.61779817188763
1605,0.64996963985494
1606,0.408694886719409
1607,2.32410326620577
1608,0.70376768554821
1609,2.02087654558533
1610,0.20050478108523
1611,3.56696994146883
1612,0.678304828234705
1613,2.98117125815502
1614,2.53237496738895
1615,5.40545284972613
1616,0.444865912187141
1701,2.76682748048157
1702,4.63189811200152
1703,4.49435751926386
1704,5.64378076616727
1705,2.49866101832204
1706,2.61576560811711
1707,9.17664143234481
1708,10.1659976133712
1709,1.58527730024995
1710,4.28878337086892
1711,3.26292998890119
1712,8.76321560002375
1713,5.60027274787383
1714,1.47041432779763
1715,7.10761237565543
1801,2.71270434260926
1802,3.5984234102791
1803,1.46669373274903
1804,2.95668698633096
1805,3.69542178667755
1806,3.13116247162502
1807,2.4607420991135
1808,1.15264386645303
1809,0.889943529209443
1810,3.43376803051377
1811,4.04937515023547
1812,1.31594691757059
1813,3.78167110633354
1814,4.19246402020395
1815,2.75309886074829
1816,2.5135639290253
1817,3.82795041116369
1818,3.95882731555424
1819,0.970399945530067
1820,2.41257045496041
1821,1.20504188514815
1901,0.667040343925553
1902,2.48990934793061
1903,0.250915175643666
1904,3.08379867947677
1905,6.42748888760259
1906,4.38571117980527
1907,2.74794818412191
1908,2.70378729274848
1909,3.63455074174128
1910,4.11177684257911
1911,2.37207077626801
1912,3.59394269605348
1913,2.5678042956376
1914,7.75319383677926
1915,6.70249849448043
1916,3.3479998997333
1917,3.35178422514763
1918,3.26259285232454
1919,1.40066800495752
1920,3.79101882570688
1921,7.52558534106947
1922,14.3625175737836
1923,3.34418538011381
1924,5.69547874207816
2001,2.35610715850738
2002,1.69040973758112
2003,3.1475554018571
2004,7.65789490494868
2005,1.5431839541387
2006,1.21735206605649
2007,3.55545808120439
2008,1.44116877962075
2009,3.43107971584499
2010,1.81919127921419
2011,3.51458742190351
2012,4.04556324583705
2013,3.29240521382853
2014,3.70444172177235
2015,4.48428957107522
2016,2.47610663417581
2017,3.32908003215176
2018,4.60597479563768
2019,5.41859234729759
2020,3.98043102649578
2021,1.63844702669273
2101,3.31159419262005
2102,18.5829450913907
2103,14.5973930659068
2104,5.38010842284543
2105,7.47805694400085
2106,2.59607970644383
2107,6.88979889726135
2108,4.12772714885643
2109,4.13194908662114
2110,8.38877596810261
2111,2.86636583283339
2112,2.78366116780287
2113,3.96002169343718
2114,1.88241922194574
2115,5.26397956039081
2116,3.10216478702764
2117,5.17003531480515
2119,25.1163159990981
2120,5.38619288118032
2121,13.070479699886
2122,2.72750415186952
2123,5.76230982412554
