GEOID,employ_total,employed,income_per_cap,employ_per_cap
34001000100,1575,779,14525,0.4946031746031746
34001000200,2905,1903,31212,0.6550774526678141
34001000300,3221,1962,17619,0.609127600124185
34001000400,2474,1283,28439,0.5185933710590137
34001000500,2293,1455,13623,0.6345399040558221
34001001100,1322,527,13615,0.39863842662632376
34001001200,2533,1300,18276,0.513225424397947
34001001300,1305,676,20670,0.518007662835249
34001001400,2131,877,21478,0.4115438761145002
34001001500,1456,507,13632,0.3482142857142857
34001001900,1187,609,21826,0.5130581297388374
34001002300,1790,1110,14800,0.6201117318435754
34001002400,2313,1057,22073,0.45698227410289666
34001002500,3374,1551,21407,0.459691760521636
34001010101,2703,1595,40601,0.5900850906400296
34001010102,1641,763,50202,0.46496039000609385
34001010104,1337,783,47028,0.5856394913986537
34001010105,2313,1254,37573,0.5421530479896238
34001010200,4807,2779,40681,0.5781152485957978
34001010300,2004,1095,24636,0.5464071856287425
34001010401,4952,3050,44883,0.6159127625201939
34001010403,5843,3425,27781,0.5861714872497005
34001010501,6018,3355,39633,0.5574941841143237
34001010503,5961,3842,26230,0.6445227310853884
34001010505,2334,1527,39017,0.6542416452442159
34001010506,4445,2864,33278,0.6443194600674915
34001010600,3110,1756,22023,0.5646302250803859
34001010700,4995,2929,32062,0.5863863863863864
34001010800,2802,1448,29440,0.516773733047823
34001010900,4501,2805,38874,0.6231948455898689
34001011000,1976,1286,34074,0.6508097165991903
34001011100,2078,1326,30046,0.6381135707410972
34001011201,1460,848,34362,0.5808219178082191
34001011202,6085,3250,28081,0.5341002465078061
34001011300,3478,1871,29336,0.5379528464634847
34001011401,3545,2074,36971,0.585049365303244
34001011403,4623,3508,31374,0.7588146225394765
34001011404,7575,4426,31791,0.5842904290429043
34001011500,5156,3057,33016,0.5929014740108611
34001011600,4173,2371,38215,0.5681763719146897
34001011701,6784,4128,23613,0.6084905660377359
34001011702,2580,1586,22850,0.6147286821705427
34001011802,12780,8178,35501,0.639906103286385
34001011803,3663,2338,32368,0.6382746382746383
34001011804,5446,3666,38689,0.6731546088872568
34001011805,1584,1032,38135,0.6515151515151515
34001011900,6465,3669,17827,0.5675174013921114
34001012000,3678,2216,24245,0.6025013594344752
34001012100,2218,1216,18019,0.5482416591523895
34001012200,4202,2647,18838,0.6299381247025226
34001012302,2779,1794,38330,0.645555955379633
34001012401,2356,1271,34058,0.5394736842105263
34001012402,1551,961,39690,0.6196002578981302
34001012501,2131,1208,46933,0.5668700140778977
34001012502,1176,803,44070,0.6828231292517006
34001012602,1160,668,47918,0.5758620689655173
34001012701,2743,1755,31981,0.6398104265402843
34001012702,1296,720,28229,0.5555555555555556
34001012801,3173,1987,35025,0.6262212417270722
34001012802,1375,842,41709,0.6123636363636363
34001013000,2884,1483,52986,0.5142163661581137
34001013101,1000,461,71201,0.461
34001013102,1669,955,59016,0.5721989215098862
34001013201,2443,1349,23111,0.5521899304134261
34001013202,2081,1238,38361,0.5949062950504566
34001013301,1889,723,33496,0.38274219163578616
34001013302,2303,1529,40729,0.66391663048198
34001013500,2005,1162,64013,0.5795511221945138
34001983400,2317,966,4211,0.4169184290030212
34001990000,0,0,NA,NA
34003001000,5078,3117,71890,0.6138243402914533
34003002100,1190,618,84451,0.519327731092437
34003002200,4430,2664,45736,0.6013544018058691
34003002300,4805,2962,65114,0.6164412070759625
34003003100,4306,2641,35543,0.6133302368787737
34003003200,4273,3161,33627,0.7397612918324362
34003003300,5692,3673,35754,0.6452916373858046
34003003401,2090,1501,52747,0.7181818181818181
34003003402,2545,1648,39231,0.6475442043222004
34003003500,3116,2125,32621,0.6819640564826701
34003004001,2679,1650,29400,0.6159014557670772
34003004002,4263,2705,35897,0.634529673938541
34003005000,5234,3432,41229,0.6557126480703095
34003006100,5912,3488,38437,0.5899864682002707
34003006201,3805,1976,36717,0.5193166885676741
34003006202,4452,2556,58164,0.5741239892183289
34003006300,7425,5311,38939,0.7152861952861953
34003007001,3159,2000,44891,0.6331117442228553
34003007002,3696,2193,68900,0.5933441558441559
34003008000,6667,4046,63585,0.6068696565171742
34003009100,3849,2269,83306,0.5895037672122629
34003009200,2701,1712,67569,0.6338393187708257
34003010100,4915,3240,55613,0.659206510681587
34003010200,3605,2315,35942,0.6421636615811374
34003010300,5977,3872,41813,0.647816630416597
34003011100,3645,2224,30160,0.6101508916323731
34003011200,3799,2499,30199,0.6578046854435378
34003011300,3528,2263,31715,0.6414399092970522
34003011400,5258,3515,32943,0.6685051350323317
34003012001,5235,3213,34180,0.6137535816618911
34003012002,2717,1832,42004,0.6742730953257269
34003013001,5477,3850,64914,0.7029395654555414
34003013002,4560,2931,59420,0.6427631578947368
34003014000,6145,3719,45446,0.6052074857607811
34003015100,1996,1176,88399,0.5891783567134269
34003015200,5084,3209,38762,0.6311959087332809
34003015300,4925,3215,29027,0.6527918781725889
34003015400,6020,3706,37287,0.6156146179401993
34003015500,4812,3374,71884,0.701163757273483
34003016000,4212,2252,71710,0.5346628679962013
34003017100,5664,3884,56729,0.6857344632768362
34003017200,5152,3467,45334,0.6729425465838509
34003017300,4784,3092,50989,0.6463210702341137
34003017400,4420,2828,46796,0.6398190045248868
34003017500,6618,4430,39345,0.6693865216077365
34003018100,6304,3825,26930,0.606757614213198
34003018200,5694,3576,28244,0.6280295047418335
34003019102,2760,1800,42193,0.6521739130434783
34003019103,3543,2402,44429,0.6779565340107254
34003019104,3185,1793,38116,0.5629513343799059
34003019202,1762,1066,44133,0.604994324631101
34003019203,2719,1259,42451,0.46303788157410813
34003019204,3091,1633,45431,0.5283079909414429
34003019303,4758,2846,38560,0.598150483396385
34003019304,2197,1429,43607,0.6504324078288576
34003019305,5842,3089,70019,0.5287572749058541
34003019306,1715,934,72227,0.5446064139941691
34003020100,3351,1966,72709,0.5866905401372725
34003020200,5468,3173,84420,0.5802852962692027
34003021100,5574,3363,29789,0.6033369214208827
34003021200,4687,3136,34236,0.6690847023682526
34003021300,3450,1935,26976,0.5608695652173913
34003021400,4049,2333,27339,0.5761916522598173
34003021500,3856,2163,21572,0.5609439834024896
34003021600,3608,2416,22887,0.6696230598669624
34003022100,2854,1817,62884,0.6366503153468815
34003022200,5814,3835,68584,0.6596147230822154
34003023100,2596,1785,31079,0.6875963020030816
34003023200,5627,3809,40377,0.6769148747112138
34003023301,2509,1760,42508,0.7014746911119968
34003023302,4838,3378,43389,0.6982224059528731
34003023401,3012,1755,35242,0.5826693227091634
34003023402,5135,3348,34402,0.6519961051606621
34003023501,3061,2079,30047,0.6791898072525319
34003023502,3786,2761,32899,0.7292657157950343
34003023601,2405,1711,34957,0.7114345114345114
34003023602,4135,2063,20849,0.4989117291414752
34003024100,4750,2822,75670,0.5941052631578947
34003024200,3587,2203,58264,0.6141622525787567
34003025100,5353,3253,40647,0.6076966187184756
34003025200,4639,3227,42168,0.6956240569088166
34003026100,3701,2313,54708,0.6249662253445015
34003026200,4594,3164,54056,0.6887244231606443
34003027000,2966,1888,84725,0.6365475387727579
34003028001,4256,2715,43679,0.6379229323308271
34003028002,3209,1864,53784,0.5808663134933001
34003029100,3881,2531,33817,0.6521515073434682
34003029200,5416,3362,31916,0.6207533234859675
34003030100,4484,2830,31485,0.6311329170383586
34003030200,6112,3760,27615,0.6151832460732984
34003030300,3766,2252,27785,0.5979819437068508
34003030400,6083,4110,32971,0.6756534604635871
34003031100,5276,3369,40741,0.63855193328279
34003031200,3985,2417,35223,0.6065244667503137
34003031300,4213,2350,32769,0.5577972940897223
34003031400,4997,3217,37616,0.6437862717630578
34003032102,4728,2678,64442,0.5664128595600677
34003032103,4274,2928,61418,0.685072531586336
34003032104,4101,2226,22041,0.542794440380395
34003032201,4846,3051,65476,0.6295914156004953
34003032202,3913,2386,47774,0.6097623306925632
34003033100,3129,2091,51642,0.6682646212847555
34003033200,2002,1309,46788,0.6538461538461539
34003033300,2945,1705,37741,0.5789473684210527
34003034000,5712,3999,48443,0.7001050420168067
34003035100,6682,4073,59894,0.6095480395091291
34003035200,4728,2917,80195,0.6169627749576988
34003036100,2246,1419,29792,0.6317898486197685
34003036200,2141,1371,29405,0.6403549743110696
34003037100,4477,2822,44104,0.630332812150994
34003037201,3145,1940,45662,0.6168521462639109
34003037202,5899,4037,40872,0.6843532802169859
34003038100,4606,2580,37563,0.5601389491966999
34003038200,3526,2294,35769,0.650595575723199
34003038300,5041,3228,45234,0.640349137075977
34003039100,3254,2349,46920,0.721880762138906
34003039200,4721,3270,50771,0.6926498623173056
34003039300,2331,1444,52382,0.6194766194766195
34003040001,2824,1739,69271,0.6157932011331445
34003040002,3496,2215,53380,0.6335812356979404
34003041100,4886,3230,28567,0.6610724519033975
34003041200,3926,2492,35942,0.6347427407030056
34003041301,4848,2946,29261,0.6076732673267327
34003041302,3984,2359,37398,0.5921184738955824
34003042100,6131,3637,46614,0.5932148099820584
34003042301,3778,2135,44722,0.5651138168343038
34003042302,4977,2223,39834,0.44665461121157324
34003042400,3628,2159,43853,0.5950937155457552
34003042500,3766,2334,54934,0.6197557089750398
34003043001,3309,2052,64359,0.6201269265639165
34003043002,3877,2292,49250,0.5911787464534434
34003044100,4841,3130,76109,0.6465606279694278
34003044201,2805,2024,62925,0.7215686274509804
34003044202,4255,2894,63259,0.6801410105757932
34003045100,6996,4374,31743,0.6252144082332761
34003045200,2348,1456,33716,0.6201022146507666
34003046100,3663,2465,35583,0.672945672945673
34003046200,3204,2269,42282,0.7081772784019975
34003046300,3716,2560,35968,0.6889128094725512
34003047100,4550,2855,62377,0.6274725274725275
34003047200,3078,1923,87067,0.6247563352826511
34003047300,2300,1345,117859,0.5847826086956521
34003047400,3634,2355,69380,0.6480462300495322
34003047500,5016,2994,71369,0.59688995215311
34003048100,3099,2214,43546,0.7144240077444337
34003048200,6053,3918,54179,0.6472823393358665
34003049001,3579,2285,76988,0.6384464934339201
34003049002,4237,2818,58204,0.665093226339391
34003050000,4841,3035,37046,0.6269365833505474
34003051100,5040,3018,49163,0.5988095238095238
34003051200,2070,1252,52075,0.6048309178743961
34003051300,3896,2519,42347,0.6465605749486653
34003051400,4090,2830,52322,0.6919315403422983
34003052100,6643,4295,43522,0.6465452355863315
34003052200,5117,3329,39991,0.6505765096736369
34003053100,2738,1384,107292,0.5054784514243974
34003053200,6234,3876,81530,0.6217516843118384
34003054100,6779,4067,42175,0.599940994246939
34003054200,3693,2417,32125,0.6544814513945302
34003054300,4892,2973,83368,0.6077269010629599
34003054400,6305,3979,37450,0.631086439333862
34003054500,3633,2515,55147,0.6922653454445362
34003054600,6806,4063,43512,0.5969732588892154
34003055100,4958,2885,95163,0.581887858007261
34003055200,5708,3602,52845,0.6310441485634197
34003056100,3796,2881,51352,0.7589567966280295
34003056200,3990,2616,46831,0.6556390977443609
34003057101,3783,2547,41852,0.6732751784298177
34003057102,3330,1987,36240,0.5966966966966967
34003057200,2794,1720,30159,0.6156048675733715
34003058100,3065,2018,54850,0.6584013050570963
34003058200,4333,2732,51078,0.6305100392337872
34003059100,4436,3184,50381,0.7177637511271415
34003059200,4420,2939,53111,0.6649321266968325
34003060000,7044,4349,43235,0.6174048835888699
34003061100,3555,2065,68639,0.5808720112517581
34003061200,2565,1584,72609,0.6175438596491228
34003061300,3194,1496,72669,0.4683782091421415
34003061400,4084,2629,63155,0.6437316356513222
34005700102,2145,1442,37143,0.6722610722610722
34005700103,2434,1503,36260,0.6175020542317173
34005700104,1439,895,26580,0.6219596942321056
34005700200,2185,1452,46915,0.6645308924485126
34005700303,3133,2062,50608,0.6581551228854133
34005700304,2047,1361,39282,0.6648754274548119
34005700305,4257,2623,44837,0.6161616161616161
34005700306,2038,1382,42487,0.6781157998037292
34005700307,2254,1473,47666,0.6535048802129547
34005700401,1642,1058,35266,0.6443361753958587
34005700402,2793,1897,33890,0.6791979949874687
34005700403,3771,2277,30848,0.60381861575179
34005700405,1521,977,31793,0.6423405654174885
34005700407,4116,2588,30280,0.6287657920310982
34005700408,1798,1376,45485,0.7652947719688543
34005700501,4318,2963,57537,0.6861973135710977
34005700502,1623,963,49224,0.5933456561922366
34005700503,2777,1849,84793,0.6658264314007922
34005700504,2471,1581,56301,0.6398219344394982
34005700505,4999,2802,85268,0.5605121024204841
34005700602,4587,3281,44591,0.7152823195988663
34005700603,4942,3161,34404,0.6396195872116552
34005700605,3799,2538,39815,0.6680705448802317
34005700701,2802,1757,32009,0.6270521056388294
34005700702,1957,1236,26156,0.631578947368421
34005700703,1703,1052,23685,0.6177334116265414
34005700800,3806,2315,41431,0.6082501313715186
34005700900,1871,1093,30946,0.584179583110636
34005701001,4291,2692,31833,0.6273595898391984
34005701002,2985,1887,34248,0.6321608040201006
34005701102,4412,2870,39643,0.6504986400725294
34005701103,4830,3513,37260,0.7273291925465839
34005701104,3724,2473,36225,0.6640708915145005
34005701105,4892,3145,36907,0.642886345053148
34005701201,2500,1668,37879,0.6672
34005701203,1666,1008,29717,0.6050420168067226
34005701204,1863,902,19041,0.4841653247450349
34005701205,1871,1213,32271,0.6483164083377873
34005701301,3635,2282,33690,0.6277854195323246
34005701302,2251,1689,37640,0.7503331852509996
34005701303,4368,2839,47911,0.6499542124542125
34005701401,5421,3440,49885,0.6345692676627929
34005701402,2042,697,40294,0.341332027424094
34005701502,3403,1951,39348,0.5733176608874523
34005701700,3297,2163,40360,0.6560509554140127
34005702101,2640,1093,23313,0.4140151515151515
34005702203,2976,1730,35534,0.5813172043010753
34005702204,1999,1031,25554,0.5157578789394698
34005702206,1633,998,24412,0.6111451316595223
34005702207,2450,1149,26310,0.4689795918367347
34005702208,5321,3076,29199,0.578086825784627
34005702209,2477,1562,27254,0.6306015341138475
34005702210,3475,2022,26027,0.5818705035971223
34005702300,1157,675,33285,0.5834053586862575
34005702400,2542,1728,46479,0.6797797010228167
34005702500,4661,3247,38773,0.6966316241149968
34005702601,3788,2096,36091,0.5533262935586061
34005702603,2018,1004,33325,0.4975222993062438
34005702700,6902,4653,44222,0.6741524195885251
34005702801,1732,950,29129,0.5484988452655889
34005702802,2757,1351,27370,0.490025389916576
34005702803,3034,1857,33122,0.6120632827949901
34005702804,2190,1221,34453,0.5575342465753425
34005702805,3128,1767,25813,0.5648976982097187
34005702806,2727,1608,25367,0.5896589658965896
34005702807,2709,1975,26945,0.7290513104466593
34005702808,2780,1714,29490,0.616546762589928
34005702809,1764,870,23862,0.4931972789115646
34005702810,1120,555,34012,0.4955357142857143
34005702811,2110,1222,37205,0.5791469194312796
34005702905,3403,2269,49541,0.6667646194534235
34005702906,1672,995,41669,0.5950956937799043
34005702907,2160,1215,49397,0.5625
34005702908,3518,1562,63180,0.4440022740193292
34005702909,5093,3578,51175,0.7025328882780286
34005702910,4231,2847,78974,0.6728905696052943
34005702913,4300,2475,39156,0.5755813953488372
34005702914,3324,2212,47082,0.6654632972322503
34005702915,3493,2455,41891,0.7028342399083882
34005702917,1555,966,55172,0.6212218649517685
34005702918,1408,1085,53568,0.7705965909090909
34005703000,4887,3450,53548,0.7059545733578882
34005703102,2142,1227,68549,0.572829131652661
34005703103,3563,2141,35660,0.6008981195621668
34005703104,4074,2655,41813,0.6516936671575847
34005703201,3066,2042,35139,0.6660143509458578
34005703202,2169,1268,50262,0.5846011987090826
34005703203,3763,1005,33944,0.26707414297103377
34005703600,5507,3451,38150,0.62665698202288
34005703700,4706,3269,43435,0.6946451338716532
34005703801,5628,3073,57949,0.5460199004975125
34005703802,3708,2577,51097,0.6949838187702265
34005703803,3970,2411,47591,0.6073047858942066
34005703804,5318,3612,63861,0.6792027077848816
34005703900,3269,2297,46285,0.7026613643315999
34005704004,3182,2259,39646,0.7099308610936518
34005704005,3306,1989,39127,0.6016333938294011
34005704006,1741,1174,45091,0.6743251005169443
34005704007,3034,1796,43180,0.5919578114700066
34005704008,4282,2673,44950,0.6242410088743577
34005704009,3640,2558,41822,0.7027472527472527
34005704011,2494,1819,61690,0.7293504410585405
34005704012,4477,3461,49627,0.773062318516864
34005704013,3994,2798,47460,0.700550826239359
34005704014,6630,4194,52726,0.632579185520362
34005704200,7018,4424,41257,0.6303790253633513
34005704302,4254,2970,50742,0.6981664315937941
34005704500,3122,1971,33431,0.6313260730301089
34005704600,2088,1000,26872,0.4789272030651341
34005704700,3155,1787,33139,0.5664025356576862
34005704801,2339,974,22759,0.41641727233860626
34005704802,5034,182,11367,0.03615415176797775
34005981802,1721,24,5871,0.013945380592678676
34005982111,719,85,24604,0.11821974965229486
34007600200,1590,757,17133,0.4761006289308176
34007600400,1807,806,13366,0.4460431654676259
34007600700,1061,510,19806,0.4806786050895382
34007600800,3867,1361,10249,0.35195241789500903
34007600900,2612,1231,12892,0.4712863705972435
34007601000,4519,3055,17137,0.6760345209117061
34007601101,2318,1408,13404,0.6074201898188093
34007601102,3972,2328,14523,0.5861027190332326
34007601200,4836,2963,17957,0.6126964433416047
34007601300,3104,1602,14040,0.5161082474226805
34007601400,3425,1338,16199,0.39065693430656934
34007601500,3709,1869,13922,0.5039094095443516
34007601600,1701,749,13014,0.4403292181069959
34007601700,1871,740,9954,0.39551042223409943
34007601800,1012,386,14853,0.3814229249011858
34007601900,1968,1020,15467,0.5182926829268293
34007602000,4356,2128,14300,0.4885215794306703
34007602503,1960,1220,25701,0.6224489795918368
34007602601,2125,1282,29837,0.6032941176470589
34007602602,2235,1419,24122,0.6348993288590604
34007602901,3833,2319,34345,0.6050091312288025
34007602902,2491,1530,27162,0.6142111601766359
34007603001,3175,2118,31074,0.6670866141732283
34007603002,3509,2161,26650,0.615844970076945
34007603100,2911,1913,38503,0.6571624871178289
34007603200,5698,3767,44940,0.6611091611091611
34007603301,4590,2939,37140,0.6403050108932462
34007603302,5109,3145,43572,0.6155803484047759
34007603303,2361,1181,34839,0.5002117746717493
34007603400,5803,3595,35568,0.6195071514733759
34007603501,4875,3188,57693,0.6539487179487179
34007603503,3575,2318,65719,0.6483916083916084
34007603504,2074,1261,50896,0.6080038572806171
34007603505,2811,1942,37929,0.6908573461401637
34007603506,5101,3402,54442,0.6669280533228779
34007603507,5669,3346,71865,0.590227553360381
34007603601,3030,1671,45882,0.5514851485148515
34007603602,2021,1382,59936,0.6838198911429986
34007603603,1847,1208,50105,0.6540335679480238
34007603700,3021,2192,34995,0.7255875537901357
34007603800,4016,2765,43006,0.688496015936255
34007603901,4370,2671,44009,0.611212814645309
34007603902,2381,1494,44766,0.627467450650987
34007604100,2004,1212,16556,0.6047904191616766
34007604200,2610,1853,41691,0.7099616858237547
34007604300,3237,2403,49676,0.742354031510658
34007604400,2742,1944,48006,0.7089715536105032
34007604600,1662,1136,34748,0.6835138387484958
34007604700,1631,1061,32116,0.6505211526670754
34007605100,1754,1110,27914,0.6328392246294184
34007605200,2114,1378,27386,0.651844843897824
34007605300,1681,1028,27487,0.611540749553837
34007605400,2169,1343,32177,0.6191793453204242
34007605602,2491,1704,37867,0.6840626254516259
34007605700,2747,1847,39594,0.6723698580269385
34007605800,2263,1534,43973,0.6778612461334512
34007605900,2200,1440,45950,0.6545454545454545
34007606000,1623,963,52395,0.5933456561922366
34007606100,1658,1127,66237,0.6797346200241254
34007606200,2822,1835,65307,0.6502480510276399
34007606300,1816,1206,67383,0.6640969162995595
34007606400,2257,1391,94157,0.6163048294195835
34007606500,2444,1213,29250,0.49631751227495907
34007606600,1940,1430,44154,0.7371134020618557
34007606700,3647,2384,34975,0.6536879627090759
34007606800,3178,1995,30751,0.6277533039647577
34007607000,3604,2101,24510,0.5829633740288568
34007607100,3106,2048,30742,0.6593689632968448
34007607200,3498,2127,25756,0.6080617495711835
34007607300,3555,2409,28743,0.6776371308016877
34007607401,2428,1503,34582,0.6190280065897859
34007607402,2310,1555,35849,0.6731601731601732
34007607502,4777,2126,47978,0.44504919405484616
34007607503,5260,3004,56814,0.5711026615969582
34007607504,2779,1870,73847,0.6729039222741994
34007607505,3589,2257,50066,0.6288659793814433
34007607506,2825,1681,37629,0.5950442477876107
34007607507,4744,2761,36120,0.5819983136593592
34007607600,1820,1149,36618,0.6313186813186813
34007607701,4874,2984,17475,0.6122281493639721
34007607702,2979,1698,25615,0.5699899295065458
34007607801,3905,2473,26589,0.6332906530089629
34007607802,1958,1300,27359,0.6639427987742594
34007607900,1566,970,37339,0.6194125159642401
34007608001,2773,1820,30389,0.6563288856833754
34007608202,3132,2192,36200,0.6998722860791826
34007608205,3261,2193,40050,0.672493100275989
34007608206,2846,1867,33581,0.6560084328882643
34007608209,2643,1556,35334,0.5887249337873628
34007608210,3061,2038,24909,0.6657954916693891
34007608211,4722,3221,33387,0.6821262177043625
34007608302,3866,2096,28146,0.5421624418003104
34007608303,2246,1519,28729,0.6763134461264471
34007608304,5339,3492,37661,0.6540550664918524
34007608401,3272,2467,32773,0.7539731051344744
34007608402,3239,1958,38887,0.6045075640629824
34007608403,5684,4149,38595,0.7299437016185785
34007608404,5133,3346,39162,0.6518605104227547
34007608503,2175,1402,30096,0.6445977011494253
34007608504,2681,1575,26685,0.587467362924282
34007608600,3848,2099,24307,0.5454781704781705
34007608700,6094,3679,39531,0.6037085658024286
34007608800,4624,2602,29873,0.5627162629757786
34007608901,4745,3059,33996,0.6446786090621707
34007608903,2829,1888,37077,0.6673736302580418
34007608904,1169,740,34206,0.6330196749358425
34007609000,1334,587,25551,0.44002998500749624
34007609103,4256,2646,34356,0.6217105263157895
34007609201,3228,2320,30519,0.7187112763320942
34007609202,3648,2447,28942,0.6707785087719298
34007609203,7178,5073,40200,0.7067428252995264
34007609204,3191,1650,21620,0.5170792854904419
34007609205,4883,3436,40269,0.7036657792340774
34007610300,1963,985,28175,0.5017829852266938
34007610400,4069,1383,11706,0.3398869501105923
34007610500,5869,3474,23869,0.5919236667234623
34007610600,1097,535,29065,0.487693710118505
34007610800,2311,1251,26328,0.5413241021202942
34007610900,2970,2014,37524,0.6781144781144781
34007611000,4662,2682,21998,0.5752895752895753
34007611100,2550,1487,26382,0.5831372549019608
34007611200,3722,2448,36272,0.6577109081139173
34007611300,3355,1708,24171,0.509090909090909
34007611400,3566,2334,28443,0.6545148625911386
34007611500,4502,2200,35650,0.48867170146601513
34007611600,3322,2053,29674,0.6180012040939193
34007611700,2497,1605,29920,0.6427713255907088
34009020101,3264,1878,39213,0.5753676470588235
34009020102,1742,1065,48405,0.6113662456946038
34009020201,1202,578,56049,0.480865224625624
34009020203,1882,646,55786,0.3432518597236982
34009020205,664,334,62423,0.5030120481927711
34009020206,745,376,55065,0.5046979865771812
34009020301,3751,2414,44294,0.6435617168754999
34009020302,3743,2218,45936,0.5925728025647876
34009020400,2310,1684,34407,0.729004329004329
34009020500,2025,885,20183,0.43703703703703706
34009020600,1803,1088,33077,0.603438713255685
34009020700,3317,1731,30874,0.5218570997889659
34009020800,1824,748,56406,0.4100877192982456
34009020901,900,378,82828,0.42
34009020902,1334,524,85360,0.39280359820089955
34009021001,1927,988,41753,0.5127140633108459
34009021002,2942,1756,44137,0.5968728755948335
34009021100,4013,2243,39038,0.558933466234737
34009021300,3559,1529,35854,0.42961506041022757
34009021400,3095,1265,30820,0.4087237479806139
34009021500,1576,795,46213,0.5044416243654822
34009021600,2821,1297,39143,0.4597660404112017
34009021701,2288,1274,30637,0.5568181818181818
34009021702,2138,1134,40934,0.5304022450888681
34009021803,2691,1415,33285,0.5258268301746563
34009021804,4654,2780,25758,0.5973356252685862
34009021805,3621,1984,32306,0.5479149406241369
34009021806,2394,1372,30369,0.5730994152046783
34009021900,1984,1025,47077,0.516633064516129
34009022000,3086,1110,46149,0.3596889176928062
34009022101,1377,835,27735,0.6063907044299202
34009022102,4626,2244,22498,0.48508430609597925
34009990100,0,0,NA,NA
34011010101,2306,1174,29155,0.5091066782307025
34011010103,5066,0,11295,0
34011010200,3941,2081,21850,0.5280385688911444
34011010301,2460,1446,26837,0.5878048780487805
34011010302,963,448,24640,0.4652128764278297
34011010401,4056,2242,25910,0.5527613412228797
34011010402,1091,0,10509,0
34011010500,1394,785,33124,0.5631276901004304
34011010600,4062,2309,37605,0.568439192516002
34011010700,6016,3131,28772,0.5204454787234043
34011010800,2497,1347,26863,0.539447336804165
34011020100,822,500,11677,0.6082725060827251
34011020200,2012,1007,11356,0.5004970178926441
34011020300,3987,2732,12336,0.6852269877100576
34011020400,2214,1325,23193,0.5984643179765131
34011020502,1653,0,6452,0
34011020503,3918,1165,10589,0.29734558448187853
34011020600,3164,1677,25968,0.5300252844500632
34011030100,722,329,15417,0.4556786703601108
34011030200,3621,2086,19387,0.576083954708644
34011030300,2508,1368,20392,0.5454545454545454
34011030400,6326,3745,29456,0.5920012646221942
34011030501,5355,3004,30428,0.5609710550887022
34011030502,3357,1637,22523,0.48763777182007745
34011040300,2887,1802,28411,0.6241773467267059
34011040400,5338,2704,21508,0.5065567628325215
34011040500,4674,2555,16863,0.5466409927257168
34011040600,5502,3096,20951,0.5627044711014176
34011040700,6971,3149,26545,0.4517285898723282
34011040800,4128,2601,47129,0.6300872093023255
34011040901,2284,1392,28137,0.6094570928196147
34011040902,4883,2971,27501,0.6084374360024575
34011041000,6712,4405,30164,0.6562872467222884
34011041100,4307,2715,15731,0.6303691664731832
34011990000,0,0,NA,NA
34013000100,5331,2868,26013,0.537985368598762
34013000200,2566,1308,18439,0.509742790335152
34013000300,2890,1630,17676,0.5640138408304498
34013000400,1589,842,20447,0.5298930144745123
34013000500,1329,765,16724,0.5756207674943566
34013000600,3274,2085,22537,0.6368356750152718
34013000700,4869,2788,16880,0.5726021770384062
34013000800,3112,1594,16417,0.5122107969151671
34013000900,2466,1147,14090,0.4651257096512571
34013001000,3144,1215,16306,0.38645038167938933
34013001100,2612,714,12028,0.27335375191424194
34013001300,1213,741,23493,0.6108821104699094
34013001400,2129,1254,18692,0.5890089243776421
34013001500,1356,724,11651,0.5339233038348082
34013001600,1436,805,16681,0.5605849582172702
34013001700,1629,936,14794,0.574585635359116
34013001800,1665,711,18181,0.42702702702702705
34013001900,1279,579,14389,0.45269741985926504
34013002000,3311,1872,28754,0.5653881002718212
34013002100,2551,1469,20948,0.5758526068208546
34013002201,6993,4175,16299,0.597025597025597
34013002202,2613,1533,24686,0.5866819747416763
34013002300,4248,2380,23762,0.5602636534839924
34013002400,2193,1253,25465,0.5713634290925672
34013002500,2878,1556,15607,0.5406532314107019
34013002600,1156,457,12544,0.3953287197231834
34013002800,1349,636,14249,0.4714603409933284
34013003100,1541,932,15318,0.6048020765736535
34013003500,1572,785,17009,0.4993638676844784
34013003700,1316,802,21261,0.6094224924012158
34013003800,1891,1037,21302,0.5483870967741935
34013003900,911,374,10690,0.4105378704720088
34013004100,1943,807,15345,0.4153371075656202
34013004200,1788,989,23151,0.5531319910514542
34013004300,1862,1023,15830,0.5494092373791621
34013004400,1068,647,16680,0.6058052434456929
34013004500,2484,1459,25395,0.5873590982286635
34013004600,2378,1203,19949,0.5058873002523129
34013004700,4472,2468,25270,0.5518783542039356
34013004801,1776,1116,20008,0.6283783783783784
34013004802,2404,657,14242,0.2732945091514143
34013004900,2512,1394,28056,0.5549363057324841
34013005000,2101,1037,18371,0.49357448833888623
34013005100,1773,911,21742,0.5138183869148336
34013005200,1136,657,19158,0.5783450704225352
34013005300,1646,886,17958,0.5382746051032807
34013005400,2805,1265,12114,0.45098039215686275
34013005700,1830,1044,18477,0.5704918032786885
34013006200,1153,564,16610,0.4891587163920208
34013006400,915,530,33244,0.5792349726775956
34013006600,1076,679,20261,0.6310408921933085
34013006700,3228,1244,13103,0.3853779429987608
34013006800,4290,2680,24031,0.6247086247086248
34013006900,3836,2734,21955,0.7127215849843587
34013007000,2702,1710,26801,0.6328645447816432
34013007100,3166,2188,23482,0.6910928616550853
34013007200,2993,2056,24317,0.6869361844303374
34013007300,4511,2759,23014,0.6116160496563955
34013007400,4641,1455,12548,0.31351001939237233
34013007501,3537,2052,16525,0.5801526717557252
34013007502,1824,1035,15561,0.5674342105263158
34013007600,2683,1969,23539,0.7338799850913157
34013007700,2219,1446,21614,0.6516448850833709
34013007800,3358,2269,18195,0.6756998213222156
34013007900,3395,2266,26938,0.6674521354933726
34013008000,1968,1224,29379,0.6219512195121951
34013008100,2964,1428,22827,0.4817813765182186
34013008200,1571,651,11729,0.4143857415658816
34013008700,2674,1490,21381,0.5572176514584891
34013008800,1331,913,13726,0.6859504132231405
34013008900,1331,752,14981,0.5649887302779865
34013009000,1577,909,26610,0.5764109067850349
34013009100,2000,1262,15111,0.631
34013009200,2461,950,15514,0.3860219422998781
34013009300,3868,2281,17767,0.5897104446742503
34013009400,5031,3297,28275,0.6553369111508647
34013009500,4668,2818,23808,0.6036846615252784
34013009600,3335,2167,14794,0.6497751124437781
34013009700,3807,2251,16406,0.5912792224848963
34013009900,1941,1009,22500,0.5198351365275631
34013010000,2588,1543,32307,0.5962132921174652
34013010100,2176,1284,29411,0.5900735294117647
34013010200,3588,1936,22838,0.5395763656633222
34013010300,2697,1382,23392,0.5124212087504635
34013010400,3644,2209,27335,0.6062019758507134
34013010500,3752,2359,24010,0.628731343283582
34013010600,3016,1740,17248,0.5769230769230769
34013010700,2393,1108,20533,0.4630171333054743
34013010800,1905,1057,17473,0.5548556430446194
34013010900,2023,996,21435,0.49233811171527436
34013011100,3018,1609,19052,0.5331345261762757
34013011200,2704,1416,22683,0.5236686390532544
34013011300,2940,1708,22025,0.580952380952381
34013011400,3829,2279,33135,0.5951945677722643
34013011500,1887,1234,23940,0.6539480657127716
34013011600,2450,1454,18864,0.593469387755102
34013011700,2428,1285,24588,0.5292421746293245
34013011800,1867,1036,26589,0.5549009105516872
34013011900,1311,907,24658,0.6918382913806255
34013012000,4887,3127,26039,0.6398608553304685
34013012100,2878,2036,18459,0.7074357192494788
34013012200,4028,2789,23262,0.69240317775571
34013012300,4082,2807,23733,0.6876531112199902
34013012400,3707,1786,21481,0.4817912058268141
34013012500,2961,1622,24224,0.5477879094900372
34013012600,2389,1457,21880,0.6098786102971955
34013012700,3211,2090,24361,0.650887573964497
34013012800,2707,1818,28640,0.6715921684521611
34013012900,2587,1488,16587,0.5751836103594897
34013013000,1583,1200,33975,0.7580543272267846
34013013100,1491,905,18299,0.6069751844399732
34013013200,1797,994,18995,0.5531441291040623
34013013300,2529,1286,14214,0.5085013839462238
34013013400,3256,2134,50241,0.6554054054054054
34013013500,3540,2284,46353,0.6451977401129944
34013013600,5349,3774,50365,0.7055524397083567
34013013700,3648,2193,34863,0.6011513157894737
34013013800,3426,2360,50564,0.688849970811442
34013013900,4084,2635,38398,0.6452007835455436
34013014000,3330,2371,44123,0.712012012012012
34013014100,3011,2027,40360,0.6731982729990037
34013014200,3431,2466,35247,0.71874089186826
34013014300,4177,2443,27248,0.5848695235815178
34013014400,3162,1975,30177,0.6246046805819102
34013014500,3642,2541,24702,0.6976935749588138
34013014600,3625,2765,31417,0.7627586206896552
34013014700,5104,2761,25471,0.540948275862069
34013014800,2630,1728,50038,0.6570342205323194
34013014900,3675,2386,49172,0.6492517006802722
34013015000,2618,1894,44420,0.7234530175706646
34013015100,4072,2605,36623,0.6397347740667977
34013015200,3366,2145,31418,0.6372549019607843
34013015300,2196,1503,36114,0.6844262295081968
34013015400,4242,2904,32482,0.6845827439886846
34013015500,3442,2232,32863,0.6484601975595584
34013015600,3779,2591,39362,0.6856311193437418
34013015700,1912,1212,32522,0.6338912133891214
34013015800,3310,2276,33296,0.6876132930513595
34013015900,4353,2682,22041,0.6161268090971743
34013016000,5346,3658,87791,0.6842499064721287
34013016100,2540,1704,79589,0.6708661417322834
34013016200,2495,1663,108078,0.6665330661322645
34013016300,2680,1668,77458,0.6223880597014926
34013016400,2757,1733,90123,0.628581791802684
34013016500,2846,1849,84151,0.6496837666900913
34013016600,2516,1901,58262,0.755564387917329
34013016700,2209,1403,43059,0.6351290176550475
34013016800,2762,1757,45975,0.6361332367849385
34013016900,2236,1642,99472,0.7343470483005367
34013017000,2145,1533,74012,0.7146853146853147
34013017100,1902,1184,23080,0.6225026288117771
34013017200,2528,1550,38596,0.6131329113924051
34013017301,4394,3000,59985,0.6827492034592626
34013017302,6743,4287,64088,0.6357704285926146
34013017400,4805,3288,54253,0.6842872008324662
34013017500,5157,2890,66587,0.5604033352724452
34013017600,3952,2415,25383,0.611082995951417
34013017700,3562,2210,21987,0.6204379562043796
34013017800,2510,1648,26396,0.6565737051792828
34013017900,2874,2031,49687,0.7066805845511482
34013018000,4609,3131,52424,0.6793230635712736
34013018100,1589,919,19541,0.5783511642542479
34013018200,3332,1827,20407,0.5483193277310925
34013018300,3635,2383,18736,0.6555708390646492
34013018400,1611,831,17510,0.515828677839851
34013018600,3022,1866,16997,0.6174718729318333
34013018700,4240,2248,20855,0.530188679245283
34013018800,3816,2232,35087,0.5849056603773585
34013018900,2871,1765,26203,0.6147683733890631
34013019000,3151,2218,99105,0.7039035226912091
34013019100,3204,2024,61798,0.6317103620474407
34013019200,4094,1740,25368,0.42501221299462627
34013019300,3150,2005,56564,0.6365079365079365
34013019400,2114,1383,83028,0.6542100283822138
34013019500,2807,2038,77806,0.726042037762736
34013019600,4618,2992,48575,0.6478995236032915
34013019700,4929,3321,31390,0.6737674984783932
34013019800,1926,1468,65659,0.7622014537902388
34013019900,1868,1373,87287,0.7350107066381156
34013020000,4100,2575,132256,0.6280487804878049
34013020100,3440,2075,123611,0.6031976744186046
34013020200,3640,2409,80341,0.6618131868131868
34013020300,3231,2125,63237,0.6576911173011452
34013020400,4081,2602,88071,0.6375888262680716
34013020500,5870,3450,75733,0.5877342419080068
34013020600,3788,2284,78974,0.6029567053854277
34013020700,3264,2232,53214,0.6838235294117647
34013020800,6094,3673,69293,0.6027239908106334
34013020901,1716,1000,104505,0.5827505827505828
34013020902,4819,2942,68977,0.610500103755966
34013021000,4184,2605,55716,0.6226099426386233
34013021100,3646,2410,57612,0.6609983543609435
34013021200,2812,1992,54085,0.7083926031294452
34013021300,5146,3068,52099,0.5961912164788185
34013021400,5400,3297,57282,0.6105555555555555
34013021601,6037,3576,53635,0.5923471923140633
34013021602,5075,3464,91331,0.6825615763546798
34013021701,2987,2091,50026,0.7000334784064278
34013021702,3794,2525,46044,0.665524512387981
34013021801,2225,1530,57645,0.6876404494382022
34013021802,2928,1469,62831,0.5017076502732241
34013021803,3689,2499,50169,0.6774193548387096
34013022700,1974,865,16724,0.4381965552178318
34013022800,1587,681,14297,0.42911153119092627
34013022900,3917,1574,23620,0.40183814143477153
34013023000,2068,598,12252,0.28916827852998067
34013023100,1949,1004,17890,0.5151359671626475
34013023200,2002,995,17488,0.497002997002997
34013980100,2619,0,NA,0
34013980200,1466,0,2418,0
34015500100,3314,1988,29675,0.59987929993965
34015500201,2067,1254,33197,0.6066763425253991
34015500202,3427,2196,30059,0.640793697111176
34015500203,3719,2312,40470,0.6216724926055391
34015500204,5222,3477,43902,0.6658368441210264
34015500205,3036,1737,38364,0.5721343873517787
34015500300,2390,1431,26124,0.598744769874477
34015500400,5208,2783,25368,0.5343701996927803
34015500500,3928,2208,31747,0.5621181262729125
34015500600,7606,4865,46713,0.6396266105706021
34015500701,6259,4184,41026,0.6684773925547212
34015500702,4775,3275,44401,0.6858638743455497
34015500703,1093,694,53179,0.6349496797804208
34015500800,1736,1196,49221,0.6889400921658986
34015500900,2415,1528,35881,0.6327122153209109
34015501001,1624,1087,30148,0.6693349753694581
34015501002,3402,1684,26180,0.4950029394473839
34015501003,2763,1874,33187,0.678248280854144
34015501101,3477,1886,31215,0.5424216278400921
34015501102,5717,3981,48563,0.6963442364876684
34015501103,4102,2603,34896,0.6345685031691858
34015501104,2684,1580,34624,0.5886736214605067
34015501105,2524,1486,29895,0.5887480190174327
34015501106,3058,2066,31406,0.6756049705689994
34015501107,3677,2376,30633,0.6461789502311667
34015501201,5053,3647,46017,0.7217494557688502
34015501202,3811,2534,44355,0.664917344528995
34015501203,2660,1666,39935,0.6263157894736842
34015501204,3014,1685,36541,0.5590577305905773
34015501205,2204,1381,48495,0.6265880217785844
34015501206,3248,1780,34894,0.5480295566502463
34015501208,3549,2056,42268,0.5793181177796562
34015501209,5527,3626,41631,0.65605210783426815
34015501210,2739,1829,40757,0.6677619569185834
34015501212,2998,1974,33900,0.6584389593062041
34015501213,3946,2619,45789,0.6637100861632033
34015501301,2892,1763,38971,0.609612724757953
34015501302,2257,1391,29133,0.6163048294195835
34015501303,2076,1152,31141,0.5549132947976878
34015501402,2909,1435,17429,0.49329666552079754
34015501403,3157,2007,36839,0.6357301235350016
34015501404,3118,1158,10490,0.3713919178960872
34015501405,3503,2391,36429,0.6825578075934913
34015501406,3752,2051,28761,0.5466417910447762
34015501500,7046,4572,37196,0.6488787964802725
34015501603,5193,2648,35387,0.5099171962256884
34015501604,5599,3277,31187,0.5852830862654045
34015501605,3672,2106,32006,0.5735294117647058
34015501606,5892,4042,36333,0.6860149355057705
34015501608,4168,2733,33078,0.6557101727447217
34015501609,4525,3260,39647,0.7204419889502762
34015501701,4349,2898,38419,0.66636008277765
34015501702,2112,1357,35807,0.6425189393939394
34015501703,3404,2065,32937,0.6066392479435958
34015501704,3603,2136,28677,0.5928393005828476
34015501800,1280,837,37371,0.65390625
34015501900,3519,2320,34056,0.6592782040352373
34015502001,4291,3136,49346,0.7308319738988581
34015502002,5399,3746,52942,0.6938321911465086
34015502100,2322,1659,52192,0.7144702842377261
34015502200,9161,6469,51528,0.7061456172906888
34015502300,1991,1225,28685,0.6152687091913611
34015502400,4597,3325,42405,0.7232978029149445
34017000100,5033,2798,28320,0.5559308563481026
34017000200,4203,2538,25729,0.6038543897216274
34017000300,3515,2175,28058,0.6187766714082503
34017000400,2806,1799,22673,0.6411261582323592
34017000500,3433,1988,30461,0.5790853480920478
34017000600,4702,2994,32583,0.6367503190131859
34017000700,2499,1676,30163,0.6706682673069227
34017000800,3049,2065,37768,0.6772712364709741
34017000902,5260,2784,32755,0.529277566539924
34017001000,1603,999,33519,0.6232064878353087
34017001100,4327,3002,34699,0.6937832216316154
34017001201,1722,1165,31801,0.6765389082462253
34017001202,1186,742,27029,0.6256323777403036
34017001300,2322,1376,29982,0.5925925925925926
34017001400,3418,2125,29171,0.6217086015213575
34017001701,3289,1889,26429,0.5743387047734874
34017001800,3031,1719,18859,0.5671395579016826
34017001900,1350,673,32243,0.4985185185185185
34017002000,3257,1973,29998,0.6057721829904821
34017002200,1464,1174,59466,0.8019125683060109
34017002300,2164,1744,71476,0.8059149722735675
34017002400,2198,1959,79050,0.8912647861692448
34017002700,4227,2491,24464,0.5893068370002366
34017002800,4659,2754,28556,0.5911139729555699
34017002900,3300,1907,28521,0.5778787878787879
34017003000,2421,1487,27869,0.6142090045435771
34017003100,4297,2729,36489,0.6350942518035839
34017003500,1620,1108,60753,0.6839506172839506
34017004000,4667,3048,31368,0.6530962074137562
34017004101,5351,3039,25429,0.5679312278078864
34017004102,2772,1472,23375,0.5310245310245311
34017004200,3906,2556,19992,0.6543778801843319
34017004300,1950,1505,37326,0.7717948717948718
34017004400,1930,1020,14712,0.5284974093264249
34017004500,3262,1790,17876,0.5487431023911711
34017004600,1913,1124,17371,0.5875588081547308
34017004700,2345,1696,27664,0.7232409381663113
34017004800,3058,1917,27456,0.6268803139306737
34017004900,3144,1907,23986,0.6065521628498728
34017005200,3501,1607,20543,0.45901171093973153
34017005300,2228,1348,20845,0.6050269299820467
34017005400,5340,3754,40102,0.702996254681648
34017005500,2123,984,18039,0.4634950541686293
34017005600,3217,1828,23583,0.5682312713708424
34017005801,4138,2255,18420,0.5449492508458192
34017005802,1280,955,90310,0.74609375
34017005900,6158,3554,31227,0.5771354335823319
34017006000,3110,1992,20500,0.6405144694533762
34017006100,6039,2918,23100,0.4831925815532373
34017006200,2933,1755,22930,0.59836345039209
34017006300,3561,1956,20850,0.5492839090143218
34017006400,2510,2019,88978,0.8043824701195219
34017006500,1655,1167,47543,0.7051359516616315
34017006600,1290,743,36996,0.575968992248062
34017006700,2241,1070,14938,0.47746541722445335
34017006800,2992,1840,19025,0.6149732620320856
34017006900,51,48,24263,0.9411764705882353
34017007000,3980,2874,67035,0.7221105527638191
34017007100,2739,1807,36731,0.6597298284045272
34017007200,2056,1394,63037,0.6780155642023347
34017007300,2124,1923,95878,0.905367231638418
34017007400,4400,3617,114123,0.8220454545454545
34017007500,5165,3705,67074,0.7173281703775412
34017007600,6907,6050,112543,0.8759229766903142
34017007700,8225,5876,85222,0.7144072948328267
34017007800,1585,896,40093,0.5652996845425867
34017010100,5131,2959,28093,0.5766907035665563
34017010200,2497,1645,42511,0.65879054865839
34017010300,2315,1308,28306,0.5650107991360691
34017010400,3490,2351,36618,0.6736389684813754
34017010500,4598,2828,40200,0.6150500217485864
34017010600,5496,3204,27951,0.5829694323144105
34017010700,2740,1699,29191,0.6200729927007299
34017010800,2860,1675,27949,0.5856643356643356
34017010900,1809,989,23064,0.546710889994472
34017011000,1648,953,25384,0.5782766990291263
34017011100,3434,1997,24644,0.581537565521258
34017011200,4852,3113,35260,0.6415910964550701
34017011300,2159,1311,26800,0.6072255673923113
34017011400,2838,1650,32403,0.5813953488372093
34017011500,2495,1301,36168,0.5214428857715431
34017011600,3208,1859,31530,0.5794887780548629
34017012300,2017,1329,30707,0.6588993554784334
34017012400,2596,1569,42194,0.6043913713405239
34017012500,3296,2307,39176,0.6999393203883495
34017012600,2979,1918,26517,0.6438402148371937
34017012700,5524,2813,24437,0.5092324402606807
34017012800,3374,2145,23248,0.6357439241256668
34017012900,3098,1883,23811,0.6078114912846998
34017013000,3005,2062,22934,0.6861896838602329
34017013100,1646,893,23738,0.5425273390036452
34017013200,3385,2214,22561,0.6540620384047268
34017013300,2757,1692,26948,0.6137105549510338
34017013400,2148,1498,28048,0.6973929236499069
34017013500,3856,2614,26397,0.6779045643153527
34017013600,1760,1062,27108,0.6034090909090909
34017013700,2008,1387,25872,0.6907370517928287
34017013800,2465,1664,43589,0.6750507099391481
34017013900,2885,1896,34973,0.6571923743500867
34017014000,3955,2512,26200,0.6351453855878635
34017014101,3702,2186,53134,0.5904916261480281
34017014102,4475,3308,51778,0.7392178770949721
34017014200,4709,3406,25093,0.7232958165215545
34017014300,4213,2911,29135,0.6909565630192263
34017014400,6111,4122,30835,0.6745213549337261
34017014501,5040,2977,19566,0.5906746031746032
34017014502,2858,1053,16778,0.36843946815955214
34017014600,3027,2056,24005,0.679220350181698
34017014700,4496,3165,25175,0.703959074733096
34017014800,4828,2828,26584,0.5857497928748965
34017014900,2777,1983,25238,0.7140799423838675
34017015001,2023,1330,90370,0.657439446366782
34017015002,5170,3336,21917,0.6452611218568666
34017015100,2567,1628,22146,0.6342033502142579
34017015201,2446,1730,73319,0.7072771872444807
34017015202,5189,3657,26294,0.7047600693775294
34017015300,3333,2265,20575,0.6795679567956796
34017015500,4581,2974,21270,0.6492032307356472
34017015600,3415,2128,17612,0.6231332357247438
34017015700,3056,2009,19132,0.6573952879581152
34017015801,2850,2064,79779,0.7242105263157895
34017015802,5257,2935,24885,0.5583032147612706
34017015900,4401,2915,18311,0.6623494660304476
34017016000,2724,1784,25488,0.6549192364170338
34017016100,2584,1817,19089,0.7031733746130031
34017016200,3503,2241,18570,0.6397373679703111
34017016300,4140,2744,24568,0.6628019323671498
34017016400,2989,1829,23029,0.6119103379056541
34017016500,3973,2499,26089,0.6289957211175434
34017016600,3309,2086,20000,0.6304019341190692
34017016700,1249,864,21868,0.6917534027221778
34017016800,2792,1939,21986,0.6944842406876791
34017016900,2398,1385,21837,0.5775646371976647
34017017000,4206,2536,23983,0.6029481692819781
34017017100,3906,2490,25046,0.6374807987711214
34017017200,2772,2029,24448,0.7319624819624819
34017017300,1993,1360,34846,0.6823883592574009
34017017400,2102,1303,15925,0.6198858230256898
34017017500,3191,2263,20506,0.7091820745847697
34017017600,2834,1815,18520,0.6404375441072688
34017017700,1571,938,20667,0.5970719287078294
34017017800,5039,3211,25415,0.6372296090494146
34017017900,2511,1958,103668,0.7797690163281561
34017018000,3503,2372,47144,0.6771338852412218
34017018100,2442,1652,51946,0.6764946764946765
34017018200,3738,2577,56823,0.6894060995184591
34017018301,2128,1791,143340,0.8416353383458647
34017018302,3358,3047,141968,0.9073853484216796
34017018400,4748,3649,96335,0.7685341196293176
34017018500,5747,4675,78622,0.8134678962937184
34017018600,2272,1879,83103,0.827024647887324
34017018701,2398,995,43218,0.41492910758965806
34017018702,3775,3058,80749,0.8100662251655629
34017018800,2977,2401,86327,0.8065166274773262
34017018900,3191,2476,74752,0.7759323096208085
34017019000,3907,2244,40049,0.5743537240849756
34017019100,3181,2507,80270,0.7881169443571204
34017019200,3438,3099,110001,0.9013961605584643
34017019300,2669,2048,86306,0.7673285874859498
34017019400,2538,1730,67315,0.681639085894405
34017019800,5231,3233,44353,0.6180462626648824
34017019900,4746,3150,50677,0.6637168141592921
34017020000,4257,2159,39050,0.5071646699553676
34017020100,1884,1443,62587,0.7659235668789809
34017032400,5300,2994,22161,0.5649056603773585
34017980100,0,0,NA,NA
34019010100,4827,2926,72771,0.6061736067951108
34019010200,6035,4188,52832,0.6939519469759735
34019010300,2363,1550,43975,0.655945831570038
34019010400,3763,2588,58979,0.6877491363273983
34019010500,4157,2756,46454,0.6629781092133751
34019010600,5005,3461,54287,0.6915084915084915
34019010701,4539,2630,47450,0.5794227803480942
34019010702,2764,1822,57571,0.6591895803183792
34019010801,2140,1519,48522,0.7098130841121495
34019010802,1608,1051,44604,0.6536069651741293
34019010900,2852,1844,46505,0.6465638148667602
34019011001,5975,2565,38361,0.4292887029288703
34019011002,4947,3378,67034,0.6828380836870831
34019011100,4554,2679,60574,0.5882740447957839
34019011201,5913,3876,78030,0.6555048198883815
34019011202,2835,1850,54398,0.6525573192239859
34019011301,5011,3128,57489,0.6242267012572341
34019011302,6057,3957,61695,0.6532937097573056
34019011303,3829,2620,48615,0.6842517628623661
34019011304,2815,1864,59648,0.6621669626998223
34019011400,3718,2387,30986,0.6420118343195266
34019011500,4196,2924,49939,0.6968541468064824
34019011600,4439,2757,57397,0.6210858301419239
34019011700,3454,2148,53327,0.6218876664736538
34019011800,2280,1444,52732,0.6333333333333333
34019011900,3588,2463,57761,0.6864548494983278
34021000100,2425,1371,18401,0.565360824742268
34021000200,3031,1902,16894,0.6275156713955791
34021000300,3058,1856,19235,0.6069326357096141
34021000400,3215,1973,17996,0.6136858475894246
34021000500,3277,2028,18785,0.618858712236802
34021000600,3713,2176,19100,0.5860490169674119
34021000700,2623,1644,18885,0.6267632481890965
34021000800,1785,1049,15930,0.5876750700280112
34021000900,2830,1225,20212,0.43286219081272087
34021001000,2125,717,12570,0.33741176470588236
34021001101,2063,1007,25775,0.4881240911294232
34021001102,2482,994,13443,0.40048348106365833
34021001200,3299,1631,28594,0.49439224007274934
34021001300,3899,1372,23679,0.3518850987432675
34021001401,2760,1178,14346,0.42681159420289855
34021001402,1393,747,20962,0.5362526920315865
34021001500,2048,913,16225,0.44580078125
34021001600,805,411,17493,0.5105590062111801
34021001700,2573,1250,16450,0.48581422464049745
34021001800,3781,1941,19038,0.5133562549590056
34021001900,1195,602,10281,0.503765690376569
34021002000,1001,531,16813,0.5304695304695305
34021002100,3940,1918,18524,0.4868020304568528
34021002200,4543,2753,18297,0.6059872331058772
34021002400,565,0,1138,0
34021002500,5779,3412,28602,0.5904135663609621
34021002601,3381,2236,20077,0.6613427979887607
34021002602,3581,2293,31410,0.6403239318626082
34021002701,3246,2024,23201,0.6235366605052373
34021002702,4897,3001,30829,0.612824178068205
34021002800,5967,4098,21792,0.6867772750125691
34021002902,3703,2478,37969,0.6691871455576559
34021002903,2730,1839,39892,0.6736263736263737
34021002904,4106,2670,46010,0.6502679006332197
34021003001,4685,2681,46732,0.5722518676627535
34021003002,4493,2931,46143,0.6523480970398398
34021003003,5551,3291,41517,0.5928661502431994
34021003004,4501,2707,39265,0.6014219062430571
34021003006,4672,3209,43510,0.6868578767123288
34021003007,2747,1977,38792,0.7196942118674918
34021003008,4291,2491,42957,0.5805173619202983
34021003009,4910,2881,39824,0.5867617107942974
34021003100,3736,2632,36483,0.7044967880085653
34021003201,6726,3775,29477,0.5612548319952424
34021003202,4886,3250,59122,0.6651657797789603
34021003301,5901,3865,58767,0.6549737332655482
34021003302,6366,4396,52512,0.6905435124096764
34021003400,1930,1079,33619,0.5590673575129533
34021003500,5828,3490,31944,0.5988332189430337
34021003601,2801,1822,32795,0.6504819707247411
34021003602,3119,2047,31220,0.6563000961846746
34021003703,6458,3047,22578,0.47181790027872406
34021003704,2378,1521,48368,0.6396131202691338
34021003705,5412,3274,40789,0.6049519586104952
34021003706,2954,1780,47291,0.6025727826675694
34021003800,6354,3463,64495,0.5450110166824048
34021003902,1499,1077,59211,0.7184789859906604
34021003903,2019,1160,72290,0.5745418524021793
34021003904,4682,3149,65500,0.6725758222981632
34021003905,3931,2557,81312,0.6504706181633172
34021004000,4891,3288,51350,0.6722551625434472
34021004201,5942,4044,74839,0.6805789296533153
34021004203,3288,2044,127059,0.621654501216545
34021004204,4301,2608,113246,0.606370611485701
34021004301,6281,4502,57308,0.7167648463620443
34021004304,6771,3828,74908,0.565352237483385
34021004306,4157,2793,77283,0.671878758720231
34021004307,4394,3005,86029,0.6838871187983614
34021004309,3588,2507,52203,0.6987179487179487
34021004310,7633,5534,60144,0.7250098257565832
34021004403,4398,2650,41930,0.6025466120964075
34021004404,5502,3695,31963,0.6715739731006907
34021004405,6260,4036,44860,0.6447284345047923
34021004406,4121,2297,36776,0.5573889832564911
34021004407,5442,3731,38788,0.6855935317897832
34021004501,6249,2877,29667,0.46039366298607776
34021004502,999,479,138334,0.4794794794794795
34023000100,6094,4035,38442,0.6621266819822776
34023000200,4742,3171,33869,0.6687051876845213
34023000300,5578,3776,33610,0.6769451416278236
34023000401,2943,2022,36301,0.6870540265035678
34023000403,4451,3173,42228,0.7128735115704337
34023000404,3949,2707,37245,0.6854899974677133
34023000501,3709,2387,31091,0.64356969533567
34023000502,5139,3265,34607,0.6353376143218525
34023000603,1644,999,46846,0.6076642335766423
34023000606,6046,4118,46305,0.6811114786635792
34023000608,1410,768,32740,0.5446808510638298
34023000701,2751,1998,51364,0.7262813522355507
34023000702,4244,2750,41192,0.6479736098020735
34023000801,3343,2212,36995,0.661681124738259
34023000802,2213,1408,36739,0.6362403976502485
34023000901,1852,1191,40433,0.6430885529157667
34023000902,3853,2344,32640,0.6083571243187127
34023001001,1989,1315,40672,0.6611362493715435
34023001002,6208,4157,37870,0.6696198453608248
34023001100,3761,2711,51357,0.7208189311353363
34023001200,4123,2620,38229,0.6354596167838952
34023001300,3428,2352,47462,0.6861143523920653
34023001409,2747,1677,62120,0.6104841645431379
34023001410,3490,1839,55055,0.5269340974212035
34023001411,2597,1578,52421,0.607624181748171
34023001412,2613,1548,57685,0.5924225028702641
34023001413,4277,2622,47449,0.6130465279401449
34023001414,3778,2193,47709,0.5804658549497088
34023001415,4101,2470,59910,0.6022921238722263
34023001416,7347,4598,37671,0.6258336736082755
34023001417,1677,802,50484,0.4782349433512224
34023001502,4483,2917,40476,0.6506803479812625
34023001504,4317,3059,44688,0.7085939309705814
34023001505,1622,986,40788,0.6078914919852034
34023001506,4235,2414,34961,0.5700118063754427
34023001600,4175,2774,38198,0.6644311377245509
34023001701,4292,2716,35338,0.6328052190121156
34023001702,2999,1965,34246,0.6552184061353784
34023001803,2660,1822,34767,0.6849624060150376
34023001804,3472,2294,30902,0.6607142857142857
34023001805,3841,2412,40004,0.6279614683676126
34023001901,4341,2584,38448,0.5952545496429394
34023001902,1839,1216,37565,0.6612289287656336
34023001903,2995,2047,43950,0.6834724540901502
34023002000,3163,2100,54021,0.663926651912741
34023002101,1679,1139,75809,0.6783799880881477
34023002102,3060,2212,63565,0.722875816993464
34023002200,2889,2010,57827,0.6957424714434061
34023002301,3371,2324,43034,0.6894096707208544
34023002302,2875,1915,40271,0.6660869565217391
34023002401,4350,2883,40501,0.6627586206896552
34023002402,1315,871,57346,0.6623574144486692
34023002500,5537,3543,36960,0.6398771898139787
34023002603,4238,2540,42356,0.5993393109957527
34023002604,5206,3141,40968,0.6033422973492124
34023002605,2340,1571,35897,0.6713675213675213
34023002701,4320,2751,31509,0.6368055555555555
34023002703,4529,2996,31938,0.6615146831530139
34023002805,2136,1337,36836,0.6259363295880149
34023002901,2687,1796,34516,0.6684034238928173
34023002902,2688,1668,32596,0.6205357142857143
34023003001,3259,2127,36587,0.6526541884013501
34023003002,4596,2955,41230,0.6429503916449086
34023003101,2124,1382,37455,0.6506591337099812
34023003102,3715,2292,34608,0.6169582772543741
34023003201,2579,1617,40191,0.6269872043427686
34023003203,2923,1919,33344,0.6565172767704414
34023003300,4440,2886,27923,0.65
34023003401,3113,2012,35399,0.6463218760038548
34023003500,2732,1586,31323,0.5805270863836017
34023003600,5655,3330,25279,0.5888594164456233
34023003700,2864,1837,28258,0.6414106145251397
34023003800,6702,4180,30061,0.6236944195762459
34023004000,3181,1981,27366,0.6227601383212826
34023004100,2098,1211,27396,0.5772163965681602
34023004200,2358,1564,20480,0.6632739609838847
34023004300,2890,1748,22023,0.6048442906574395
34023004400,3591,2264,21014,0.6304650515176831
34023004500,6003,3578,21149,0.5960353156754956
34023004600,4013,2318,17425,0.5776227261400448
34023004700,3119,2105,23570,0.6748957999358769
34023004800,4250,2372,17475,0.5581176470588235
34023004900,3980,2134,19476,0.536180904522613
34023005000,3967,2513,22467,0.6334761784723972
34023005100,5601,1420,15714,0.25352615604356366
34023005200,4443,2099,12555,0.47242853927526446
34023005300,2583,1386,11859,0.5365853658536586
34023005500,2783,1539,15013,0.55300035932447
34023005601,2062,1375,16066,0.6668283220174588
34023005602,5303,3550,12841,0.6694323967565529
34023005700,3872,2391,17201,0.6175103305785123
34023005800,3790,2186,12747,0.5767810026385224
34023006001,1854,1242,36770,0.6699029126213593
34023006002,7472,1428,9018,0.1911134903640257
34023006101,5156,2226,17495,0.4317300232738557
34023006103,4140,2896,31086,0.6995169082125604
34023006104,3213,2203,42792,0.6856520385932151
34023006203,7596,4737,43551,0.6236176935229067
34023006204,1431,1001,44806,0.6995108315863033
34023006205,5594,3811,51894,0.6812656417590275
34023006206,1378,836,53443,0.6066763425253991
34023006207,5124,3466,36068,0.6764246682279469
34023006300,5656,3573,39504,0.6317185289957568
34023006403,2341,1351,45017,0.577103801794105
34023006500,5859,3773,43505,0.6439665471923537
34023006601,2066,1346,53049,0.6515004840271055
34023006604,5458,3250,46658,0.5954562110663246
34023006605,3085,1961,59920,0.6356564019448947
34023006606,2322,1590,68438,0.6847545219638242
34023006607,2413,1475,54262,0.6112722751761293
34023006608,3104,1938,47135,0.6243556701030928
34023006701,3178,1984,47634,0.6242920075519195
34023006703,4915,3095,41719,0.62970498474059
34023006800,3849,2537,26228,0.6591322421408158
34023006900,2419,1542,22542,0.6374534931789996
34023007000,6442,4152,37218,0.6445203352995964
34023007101,2880,1911,41389,0.6635416666666667
34023007102,3717,2224,35852,0.5983319881624967
34023007103,3891,2822,22019,0.7252634284245695
34023007202,4043,2379,36085,0.5884244372990354
34023007203,3929,2430,31574,0.6184779842199033
34023007301,2594,1745,42994,0.6727062451811874
34023007303,1489,954,35953,0.6406984553391538
34023007304,5563,3658,40618,0.6575588711127089
34023007402,3766,2420,41025,0.6425916091343601
34023007500,2599,1812,36949,0.6971912273951519
34023007600,4453,2538,33637,0.5699528407814957
34023007702,4725,3221,49173,0.6816931216931217
34023007703,2623,1888,39442,0.7197865040030499
34023007704,2265,1471,36107,0.649448123620309
34023007801,2739,2080,35240,0.7594012413289521
34023007804,4217,2564,39043,0.6080151766658762
34023007805,3711,2664,44221,0.7178658043654002
34023007806,3411,2242,38550,0.6572852535913222
34023007905,1865,1183,35220,0.6343163538873995
34023007906,1225,876,31256,0.7151020408163266
34023007907,2776,2205,47943,0.7943083573487032
34023007908,3771,2592,28943,0.6873508353221957
34023007909,3404,2290,53225,0.672737955346651
34023007910,2767,1458,42403,0.5269244669316949
34023007911,2989,2059,53657,0.688859150217464
34023007912,5917,3786,51408,0.6398512759844516
34023008001,5782,3914,34337,0.6769283984780353
34023008101,3703,2268,35727,0.6124763705103969
34023008102,3065,1752,35944,0.5716150081566068
34023008103,1904,1343,36717,0.7053571428571429
34023008202,11306,5932,62661,0.5246771625685477
34023008204,4266,1506,48538,0.3530239099859353
34023008205,3356,916,46014,0.2729439809296782
34023008206,3543,1094,35763,0.30877787186000566
34023008207,2598,469,45521,0.18052347959969206
34023008208,9035,5667,47940,0.6272274488101827
34023008209,2813,1875,39918,0.6665481692143619
34023008300,4474,3251,36585,0.7266428252123379
34023008403,5736,3802,53845,0.6628312412831241
34023008404,3185,2081,48573,0.6533751962323391
34023008405,3809,2708,52364,0.710947755316356
34023008406,1692,1084,47282,0.640661938534279
34023008501,4435,2924,39973,0.6593010146561443
34023008502,4212,2667,60558,0.6331908831908832
34023008503,6880,4533,45521,0.6588662790697675
34023008504,5382,3381,56909,0.6282051282051282
34023008601,4257,2439,66922,0.572938689217759
34023008602,3937,2972,58177,0.7548895097790196
34023008604,4537,2881,59277,0.6350011020498126
34023008605,2091,1380,43874,0.6599713055954088
34023008606,3224,2086,40378,0.6470223325062034
34023008700,3135,1912,78459,0.6098883572567783
34023008800,12487,1140,6823,0.0912949467446144
34023008900,3355,2297,34443,0.6846497764530551
34023009000,6796,1600,12938,0.23543260741612712
34023009100,2890,1914,31939,0.6622837370242215
34023009200,4076,2477,36841,0.6077036310107949
34023009300,4511,2613,23944,0.579250720461095
34023009400,4429,3108,40801,0.7017385414314744
34025800100,4422,2991,53229,0.6763907734056988
34025800200,3639,2319,51114,0.6372629843363561
34025800400,2969,1851,39979,0.6234422364432469
34025800500,3497,2278,43518,0.6514154989991421
34025800601,4190,3002,34719,0.7164677804295942
34025800602,2702,1922,41534,0.7113249444855663
34025800701,4053,2727,44721,0.6728349370836417
34025800702,3090,1732,43595,0.5605177993527508
34025800800,5020,3265,41769,0.650398406374502
34025800900,4713,2765,70112,0.5866751538298324
34025801000,3465,2087,55218,0.6023088023088023
34025801100,3330,2102,64722,0.6312312312312313
34025801200,2854,1659,66914,0.5812894183601962
34025801300,4931,2542,57741,0.5155140945041574
34025801400,3330,2314,52040,0.6948948948948949
34025801500,4978,3145,54641,0.6317798312575331
34025801600,4445,2807,33999,0.631496062992126
34025801700,3358,1813,25450,0.5399047051816558
34025801800,4490,2682,31920,0.5973273942093541
34025801900,2651,1815,35059,0.6846473029045643
34025802000,3133,1718,30075,0.5483562081072455
34025802100,5103,3091,39324,0.6057221242406428
34025802200,3153,1954,36883,0.6197272438947035
34025802300,3655,2240,37212,0.612859097127223
34025802400,4389,3060,45146,0.6971975393028025
34025802500,2476,1659,37527,0.6700323101777059
34025802600,3764,2572,35559,0.6833156216790648
34025802700,3370,2426,49284,0.7198813056379822
34025802800,3852,2503,46221,0.6497923156801662
34025802900,1665,1084,47680,0.6510510510510511
34025803000,4338,2939,44451,0.6775011526048871
34025803100,2699,1872,39659,0.6935902185994813
34025803201,3249,1887,57234,0.5807940904893814
34025803202,4877,2337,75550,0.47918802542546646
34025803300,5265,3193,76037,0.6064577397910731
34025803400,3677,2354,24746,0.6401958118031004
34025803500,2155,1612,55328,0.7480278422273782
34025803600,3941,3015,66393,0.7650342552651611
34025803700,4176,2717,70488,0.6506226053639846
34025803800,2171,1263,128082,0.581759557807462
34025803900,2634,1538,91663,0.5839028094153379
34025804100,2689,1493,75414,0.5552249907028635
34025804200,4421,2576,82339,0.5826736032571816
34025804500,4348,2691,56070,0.6189052437902484
34025804600,2149,1398,63909,0.6505351326198232
34025804700,15,9,96947,0.6
34025804800,8667,4790,44429,0.5526710511134187
34025805001,3842,2769,31362,0.7207183758459136
34025805100,3499,2061,48701,0.5890254358388111
34025805300,4577,2658,44912,0.5807297356346952
34025805400,3863,2348,43210,0.6078177582190007
34025805500,3196,2135,28728,0.6680225281602002
34025805600,1852,1150,24886,0.6209503239740821
34025805700,2322,1713,27777,0.7377260981912145
34025805800,2980,1778,29021,0.5966442953020135
34025805900,4119,2947,27803,0.71546491866958
34025806000,3503,1830,41163,0.5224093634027976
34025806100,2555,1395,38041,0.5459882583170255
34025806201,2948,1532,27317,0.519674355495251
34025806202,3546,2285,49484,0.6443880428652002
34025806300,1850,1013,51084,0.5475675675675675
34025806400,3882,2370,45733,0.6105100463678517
34025806501,3211,1878,32290,0.5848645281843663
34025806502,2812,1910,49407,0.6792318634423897
34025806503,3458,1861,54813,0.5381723539618276
34025806504,2406,1717,39281,0.7136325852036576
34025806600,4434,2862,45525,0.645466847090663
34025807003,3632,2213,37695,0.6093061674008811
34025807004,2585,1678,46963,0.6491295938104449
34025807100,2267,1454,44970,0.6413762681958536
34025807200,1525,964,18482,0.6321311475409837
34025807300,2464,1418,13867,0.575487012987013
34025807400,3067,1878,58511,0.612324747310075
34025807500,2167,1214,26084,0.5602215043839409
34025807600,2195,1319,20725,0.6009111617312073
34025807700,3636,1849,29395,0.5085258525852585
34025807800,3646,2358,36646,0.6467361492046078
34025807900,3198,1948,39769,0.6091307066916823
34025808001,3556,2348,42830,0.6602924634420697
34025808002,1876,1239,42689,0.6604477611940298
34025808100,3776,2365,37334,0.6263241525423728
34025808200,3712,2339,55081,0.6301185344827587
34025808300,1548,763,74595,0.4928940568475452
34025808401,2062,1334,55883,0.646944713870029
34025808402,2918,1847,44094,0.6329677861549006
34025808500,5209,3423,47508,0.6571318871184488
34025808600,4780,2973,43928,0.6219665271966527
34025808701,4159,2589,56724,0.6225054099543159
34025808702,3410,1664,60582,0.4879765395894428
34025808800,3705,2296,49719,0.6197031039136303
34025808900,4083,2474,53937,0.6059270144501592
34025809000,1390,974,50180,0.7007194244604317
34025809100,2452,1187,65895,0.484094616639478
34025809200,1506,652,111921,0.43293492695883135
34025809301,2679,1869,54447,0.6976483762597985
34025809302,2312,1356,59511,0.5865051903114187
34025809400,3789,2467,63653,0.6510952757983637
34025809501,6599,3838,57038,0.5816032732232156
34025809502,6843,4434,66994,0.6479614204296361
34025809600,5693,3830,53754,0.6727560161601968
34025809701,4225,2824,60214,0.6684023668639053
34025809703,3493,1770,59551,0.5067277411966791
34025809704,4502,2919,56178,0.6483784984451355
34025809901,3934,2343,76173,0.5955770208439247
34025809902,3650,2303,73224,0.630958904109589
34025809903,196,32,18786,0.16326530612244897
34025810001,4543,2995,47994,0.6592559982390491
34025810002,3209,1196,40160,0.3727017762542848
34025810003,4087,2527,55023,0.61830193295816
34025810004,3128,1959,47239,0.6262787723785166
34025810101,3406,2028,43005,0.5954198473282443
34025810102,3425,2330,52048,0.6802919708029197
34025810200,9854,6353,60499,0.6447128069819362
34025810300,1669,985,34386,0.5901737567405632
34025810401,3624,1959,40765,0.5405629139072847
34025810402,6444,3924,56540,0.6089385474860335
34025810501,3731,2575,39157,0.6901634950415438
34025810502,6331,4064,48291,0.6419207076291266
34025810503,3413,1886,45700,0.55259302666276
34025810600,5281,3132,48606,0.5930694944139367
34025810700,1521,1027,39155,0.6752136752136753
34025810800,2536,1674,21852,0.6600946372239748
34025810900,2279,1728,31193,0.7582272926722247
34025811000,2750,1790,25391,0.6509090909090909
34025811101,4785,2529,38920,0.5285266457680251
34025811102,5172,2945,52124,0.5694122196442382
34025811200,4842,3171,37204,0.6548946716232962
34025811301,5290,3768,37799,0.7122873345935727
34025811303,3430,2387,40228,0.6959183673469388
34025811304,2541,1919,46115,0.7552144824872098
34025811401,4802,3207,43180,0.6678467305289463
34025811402,3270,2246,40869,0.6868501529051988
34025811501,4930,3636,43848,0.737525354969574
34025811502,2768,1806,45062,0.6524566473988439
34025811600,1106,723,32836,0.6537070524412296
34025811900,5627,3584,57907,0.6369290918784433
34025812000,1590,1112,47103,0.6993710691823899
34025812100,1249,753,81933,0.6028823058446757
34025812200,2921,1760,43956,0.6025333789798014
34025812300,4123,2621,53163,0.6357021586223623
34025812400,1728,917,72334,0.5306712962962963
34025812501,5032,3286,61457,0.6530206677265501
34025812502,4238,2563,59262,0.6047663992449268
34025990000,0,0,NA,NA
34027040101,3290,2178,35935,0.6620060790273556
34027040102,5389,3259,35770,0.6047504175171646
34027040200,5578,3669,44597,0.6577626389386877
34027040300,7161,3684,56722,0.514453288646837
34027040400,3492,2425,54261,0.6944444444444444
34027040500,2844,2117,34524,0.7443741209563994
34027040600,3558,2487,47556,0.6989881956155143
34027040701,4717,3301,57832,0.699809200763197
34027040702,3295,1992,69300,0.6045523520485584
34027040801,4144,2707,61233,0.6532335907335908
34027040803,5100,3660,58655,0.7176470588235294
34027040804,3202,2023,77320,0.631792629606496
34027040805,4697,3049,73291,0.6491377474984033
34027040900,3580,2143,66009,0.5986033519553072
34027041000,3740,2753,43591,0.736096256684492
34027041100,2937,2138,40777,0.7279536942458291
34027041200,3178,1840,96777,0.578980490874764
34027041300,3936,2426,51608,0.6163617886178862
34027041400,4930,3348,53303,0.6791075050709939
34027041500,4819,3449,71239,0.7157086532475617
34027041601,6107,3542,53076,0.5799901752087768
34027041602,2245,1347,56115,0.6
34027041603,3914,2602,46096,0.6647930505876342
34027041604,3694,2318,51281,0.6275040606388739
34027041701,4781,3223,37282,0.6741267517255805
34027041702,2620,1710,35973,0.6526717557251909
34027041704,3983,2764,45383,0.6939492844589505
34027041705,1408,699,42284,0.49644886363636365
34027041706,4680,3180,47747,0.6794871794871795
34027041801,2393,1601,38168,0.669034684496448
34027041802,4019,2652,39316,0.6598656382184623
34027041803,3938,2284,57529,0.579989842559675
34027041901,5007,3056,52831,0.6103455162772119
34027041902,4268,2642,52934,0.6190253045923149
34027042000,3945,2549,53927,0.6461343472750317
34027042100,3371,2184,56675,0.6478789676653812
34027042200,4430,2889,59275,0.6521444695259594
34027042301,2010,1422,51661,0.7074626865671642
34027042302,2639,1652,60956,0.6259946949602122
34027042500,2649,1748,72033,0.6598716496791242
34027042600,7275,4436,55161,0.6097594501718213
34027042700,2956,1996,68254,0.6752368064952639
34027042800,3432,2216,82277,0.6456876456876457
34027042900,3005,2112,55372,0.702828618968386
34027043000,3452,2333,62958,0.6758400926998841
34027043100,2624,1517,104662,0.578125
34027043200,3576,2058,51225,0.575503355704698
34027043301,2453,1237,52579,0.5042804728903384
34027043302,2501,1517,84481,0.6065573770491803
34027043303,3057,1861,88398,0.6087667648020936
34027043401,5804,3810,66656,0.6564438318401102
34027043402,4596,2815,73031,0.6124891209747607
34027043500,2837,1735,24215,0.611561508635883
34027043600,5205,4295,67892,0.8251681075888568
34027043700,3307,2150,75531,0.6501360749924403
34027043800,5289,3904,52050,0.7381357534505577
34027043900,3596,2173,112346,0.6042825361512792
34027044000,4026,2796,102054,0.6944858420268256
34027044101,2430,1674,77426,0.6888888888888889
34027044102,4658,2905,65651,0.6236582224130528
34027044200,3155,1614,103947,0.5115689381933439
34027044300,5223,3283,39811,0.6285659582615355
34027044401,3633,2515,65095,0.6922653454445362
34027044403,3968,2719,51412,0.6852318548387096
34027044404,3567,2439,46767,0.6837678721614803
34027044501,5692,3088,46235,0.5425158116654955
34027044502,3611,2426,38989,0.671836056494046
34027044601,3912,2680,46945,0.6850715746421268
34027044602,4713,2861,46702,0.6070443454275408
34027044701,4079,2816,45338,0.690365285609218
34027044702,4702,3131,42879,0.6658868566567419
34027044800,5704,4025,25580,0.7056451612903226
34027044900,4776,3586,28750,0.7508375209380235
34027045000,3897,2732,24417,0.7010520913523223
34027045100,5154,3204,33590,0.6216530849825378
34027045200,2835,1780,35450,0.6278659611992945
34027045300,3923,2621,43309,0.6681111394341066
34027045401,4665,2903,54212,0.622293676312969
34027045402,4166,2541,37343,0.6099375900144023
34027045501,4104,2577,55968,0.6279239766081871
34027045502,6833,4308,49676,0.6304697790136105
34027045602,1189,872,22466,0.7333894028595458
34027045603,4203,2996,47068,0.7128241732096122
34027045701,4616,3113,74759,0.6743934142114385
34027045703,2895,1844,64564,0.6369602763385147
34027045704,4041,2513,58667,0.6218757733234348
34027045804,4451,2913,100462,0.6544596719838238
34027045901,1265,715,53530,0.5652173913043478
34027045902,6243,4041,75517,0.6472849591542528
34027046000,2808,2003,36906,0.7133190883190883
34027046103,4800,3438,50504,0.71625
34027046104,5219,3601,55437,0.6899789231653574
34027046105,6484,4521,39284,0.6972547809993831
34027046106,6389,4237,44594,0.6631710752856472
34027046201,4972,3019,52917,0.6072003218020917
34027046202,2885,1975,57567,0.6845753899480069
34027046297,2831,1870,57539,0.6605439773931473
34027046298,4055,2446,54428,0.6032059186189889
34027046300,4622,3002,58475,0.6495023799221117
34027046400,3838,2259,77701,0.5885878061490359
34029710100,3936,2226,57882,0.5655487804878049
34029711100,3483,2154,46392,0.6184323858742463
34029711200,3836,2803,47766,0.7307090719499478
34029711300,3189,2247,40615,0.7046095954844779
34029711400,4680,3104,49056,0.6632478632478632
34029712000,1160,536,86302,0.46206896551724136
34029713000,3762,2252,37080,0.5986177565124934
34029713100,5059,3530,42600,0.697766356987547
34029713201,2169,1348,59776,0.6214845550945136
34029713202,3394,2322,43423,0.6841484973482617
34029713203,4044,2307,34981,0.5704747774480712
34029713300,3564,1223,42127,0.3431537598204265
34029713401,4044,2468,33923,0.6102868447082097
34029713402,2916,1865,32110,0.6395747599451304
34029713500,2342,1189,40457,0.5076857386848848
34029713600,3021,2162,40355,0.7156570671962926
34029713700,2277,1475,65738,0.6477821695213
34029713800,2872,1932,41803,0.6727019498607242
34029713900,5486,3686,32156,0.6718920889537003
34029714000,5329,3179,36988,0.5965471945956089
34029714100,3293,1263,31624,0.3835408442150015
34029714200,5583,3716,36644,0.6655919756403368
34029714300,2640,1746,49857,0.6613636363636364
34029714400,789,338,83728,0.42839036755386567
34029715000,5560,3515,19021,0.6321942446043165
34029715200,6497,3608,13067,0.5553332307218717
34029715301,4980,2732,13107,0.5485943775100401
34029715302,3448,1723,10856,0.49970997679814383
34029715401,2913,1705,20455,0.5853072433916924
34029715402,3195,1593,10514,0.49859154929577465
34029715500,5973,3533,15706,0.5914950611083207
34029715600,4044,2224,14557,0.5499505440158259
34029715700,5662,2632,19601,0.46485340868950903
34029715800,3893,2573,16362,0.6609298741330594
34029715901,1800,1005,29316,0.5583333333333333
34029715902,4078,1512,34775,0.37076998528690536
34029716000,3715,949,38339,0.2554508748317631
34029717001,2279,1580,38921,0.69328652917946465
34029717002,3650,2334,29409,0.6394520547945205
34029717101,6522,4765,38792,0.7306041091689666
34029717102,4043,2188,39346,0.5411822903784319
34029717200,7160,4297,45873,0.6001396648044692
34029717300,4534,3318,41494,0.7318041464490516
34029717400,4837,2931,34178,0.6059541037833368
34029717501,6089,4059,30263,0.6666119231400887
34029717502,5979,2969,40391,0.4965713329988292
34029718000,6878,4635,42201,0.6738877580692062
34029720001,3755,1663,38305,0.4428761651131824
34029720101,5636,1928,23941,0.3420865862313698
34029720102,3553,574,28187,0.1615536166619758
34029720103,4772,1151,31334,0.2411986588432523
34029720202,3466,1171,40095,0.3378534333525678
34029720203,3559,1756,33367,0.4933970216352908
34029720204,4400,2904,34062,0.66
34029720205,3076,892,39303,0.28998699609882966
34029720206,5722,1876,42679,0.3278573925200979
34029721000,2094,1303,28188,0.62225405921681
34029722001,4254,2217,42337,0.5211565585331452
34029722002,7227,4199,40820,0.5810156358101564
34029722100,5202,2267,51720,0.4357939254133026
34029722200,2282,865,37020,0.3790534618755478
34029722300,2941,1930,48476,0.6562393743624617
34029722401,4341,2902,38434,0.6685095600092145
34029722402,3159,1969,44055,0.6232985121874011
34029722500,1614,698,56993,0.43246592317224286
34029722600,2442,1531,39684,0.6269451269451269
34029722701,3856,2820,43031,0.7313278008298755
34029722702,3145,1827,34272,0.5809220985691574
34029722800,3769,2525,33570,0.6699389758556646
34029722900,4175,2753,29804,0.6594011976047904
34029723000,4809,2984,30086,0.6205032231233104
34029723100,3454,1674,33226,0.4846554719166184
34029723200,5117,3332,34957,0.6511627906976745
34029723300,5423,3638,27306,0.670846394984326
34029723400,2791,1640,40396,0.587603009673952
34029723500,1876,1168,33838,0.6226012793176973
34029723600,1842,1123,49840,0.6096634093376765
34029724000,2732,1754,21463,0.6420204978038068
34029725001,2478,1743,31252,0.7033898305084746
34029725002,4674,2958,30218,0.6328626444159179
34029725100,1670,1035,27436,0.6197604790419161
34029726000,1244,739,44989,0.5940514469453376
34029727001,2037,750,56733,0.36818851251840945
34029727002,1224,602,56374,0.4918300653594771
34029728000,4540,2525,43323,0.5561674008810573
34029729000,1428,804,31627,0.5630252100840336
34029730000,1888,1063,44065,0.5630296610169492
34029731001,2720,1661,43904,0.6106617647058824
34029731002,3027,1658,35859,0.5477370333663694
34029731101,2464,1639,28639,0.6651785714285714
34029731102,5061,3020,33124,0.5967200158071527
34029731103,3432,2321,35803,0.6762820512820513
34029731201,4380,896,28670,0.2045662100456621
34029731202,4173,1078,31220,0.25832734243949196
34029731203,1716,369,32507,0.21503496503496503
34029731204,3541,816,37110,0.23044337757695565
34029731205,3230,970,29322,0.30030959752321984
34029731206,2296,594,28655,0.2587108013937282
34029732001,5225,3476,49093,0.6652631578947369
34029732002,7231,4226,32374,0.5844281565481952
34029732101,5653,3380,33541,0.5979126127719795
34029732103,2108,1090,46688,0.5170777988614801
34029732104,3210,1870,42186,0.5825545171339563
34029733000,7764,3534,37166,0.455177743431221
34029734001,7436,2179,40941,0.2930338891877353
34029734002,5140,3436,36914,0.6684824902723735
34029734003,5781,3591,24893,0.6211728074727556
34029735001,5516,3380,35909,0.6127628716461204
34029735002,7567,4691,33279,0.6199286375049557
34029735101,2208,892,36722,0.40398550724637683
34029735103,3873,2289,46381,0.5910147172734315
34029735104,3134,1909,47819,0.6091257179323548
34029736001,3112,1460,40937,0.4691516709511568
34029736002,1335,799,36537,0.598501872659176
34029736101,5053,2331,35242,0.4613101128042747
34029736102,5864,3592,27059,0.6125511596180082
34029736105,3304,1718,39408,0.5199757869249395
34029737000,2752,1671,33621,0.6071947674418605
34029738001,2037,701,61967,0.34413352970054
34029738002,1225,511,67705,0.41714285714285715
34029738100,1557,580,86324,0.3725112395632627
34029739000,2094,977,60088,0.4665711556829035
34029739100,1592,351,30879,0.22047738693467336
34029980000,0,0,NA,NA
34029980100,0,0,NA,NA
34029990000,0,0,NA,NA
34031116500,6602,4287,39820,0.6493486822175099
34031124200,6256,4230,37282,0.676150895140665
34031124311,4049,2620,48266,0.6470733514448012
34031124312,3709,2255,49946,0.6079805877595039
34031124321,5243,3042,40979,0.580202174327675
34031124322,3722,2247,39971,0.6037076840408383
34031124323,2667,1712,37084,0.6419197600299963
34031124401,5830,3592,37176,0.6161234991423671
34031124402,4035,2988,42079,0.7405204460966542
34031124500,4552,2983,32120,0.6553163444639719
34031124601,4066,2241,23538,0.5511559272011806
34031124602,3774,2384,28575,0.6316905140434552
34031124700,4992,3209,27876,0.6428285256410257
34031124800,3905,2650,28855,0.678617157490397
34031124900,4186,2572,21468,0.6144290492116579
34031125000,5884,3733,21910,0.6344323589394969
34031125100,2912,1744,19044,0.5989010989010989
34031133701,4031,2443,27063,0.6060530885636318
34031133702,2683,1628,32492,0.6067834513604174
34031143200,5327,3773,52153,0.7082785808147175
34031143300,4655,3272,36603,0.7029001074113856
34031143400,5293,3614,36857,0.6827885887020593
34031154001,5480,3429,49340,0.6257299270072992
34031154002,6745,4548,42285,0.6742772424017791
34031163500,7075,4437,50742,0.6271378091872791
34031175200,3184,2085,13898,0.6548366834170855
34031175301,2492,1556,13821,0.6243980738362761
34031175302,3265,1837,14301,0.5626339969372128
34031175401,4021,2183,14897,0.5428997761750808
34031175402,3782,1692,10897,0.4473823373876256
34031175500,5489,3096,15281,0.56403716523957
34031175601,1452,898,37727,0.6184573002754821
34031175602,5269,2801,19684,0.5315999240842665
34031175701,4025,2218,24180,0.551055900621118
34031175703,3230,1767,26705,0.5470588235294118
34031175704,2809,1734,26026,0.6173015307938768
34031175801,3214,1626,14641,0.5059116365899191
34031175802,4980,2812,12880,0.5646586345381526
34031175900,2716,1381,11120,0.5084683357879234
34031180100,6575,3856,29188,0.5864638783269962
34031180201,2849,1817,20664,0.6377676377676378
34031180202,5059,2629,13553,0.5196679185609804
34031180300,4060,2043,14190,0.5032019704433498
34031180600,3600,2257,17360,0.6269444444444444
34031180700,1984,860,14018,0.4334677419354839
34031180800,2349,1053,14599,0.4482758620689655
34031180900,2780,1435,13847,0.5161870503597122
34031181000,3519,2232,18280,0.6342710997442456
34031181100,5086,2926,24819,0.575304758159654
34031181200,3456,2263,18352,0.6548032407407407
34031181300,3718,1972,16791,0.5303926842388381
34031181400,2309,1079,14466,0.46730186227804243
34031181500,2184,1061,11855,0.4858058608058608
34031181702,2155,1159,14908,0.5378190255220417
34031181800,2442,852,11821,0.3488943488943489
34031181900,3775,2244,25495,0.5944370860927153
34031182000,981,574,12869,0.5851172273190621
34031182100,2706,1591,17388,0.5879526977087953
34031182200,2453,1116,11327,0.4549531186302487
34031182301,1089,603,13782,0.5537190082644629
34031182302,4267,2413,15313,0.5655026951019452
34031182400,3845,2214,17704,0.575812743823147
34031182500,6357,3803,24467,0.5982381626553406
34031182600,4300,2679,27572,0.6230232558139535
34031182700,5363,3195,16780,0.5957486481446951
34031182800,2981,1567,18244,0.5256625293525663
34031182900,1579,1009,13767,0.6390120329322356
34031183000,5442,2526,16182,0.46416758544652703
34031183101,2544,1605,24173,0.6308962264150944
34031183102,3606,2302,19793,0.6383804769828064
34031183200,2370,1182,18613,0.49873417721518987
34031196401,3286,2057,36279,0.6259890444309191
34031196402,5859,4490,43293,0.766342379245605
34031203600,4264,2654,20771,0.6224202626641651
34031216701,5294,3565,48149,0.6734038534189649
34031216702,4437,2994,45980,0.6747802569303584
34031223801,2299,1521,37818,0.6615919965202262
34031223802,6570,4240,44384,0.6453576864535768
34031223900,234,16,12540,0.06837606837606838
34031236601,3702,2231,29493,0.6026472177201513
34031236602,5897,3489,50332,0.5916567746311684
34031246001,5576,2871,39477,0.5148852223816356
34031246002,2698,1411,64173,0.5229799851742031
34031246003,4528,3042,51824,0.6718197879858657
34031246101,5447,3077,51823,0.5648981090508537
34031246102,2500,1729,51038,0.6916
34031246103,5090,3231,58832,0.6347740667976425
34031246104,2662,1536,48900,0.5770097670924117
34031246201,4897,2989,47578,0.6103736981825607
34031246202,3882,2351,51263,0.6056156620298815
34031246203,3275,2026,50951,0.6186259541984733
34031246300,3913,2469,38366,0.6309736774853054
34031256801,4423,2943,37395,0.6653854849649559
34031256802,3160,2242,47159,0.709493670886076
34031256803,4211,2387,33701,0.5668487295179292
34031256804,5544,3633,47465,0.6553030303030303
34031256805,4058,2685,44412,0.661655988171513
34031264101,4515,2776,25548,0.6148394241417497
34031264102,5679,3447,44592,0.606973058637084
34031264200,3037,1341,12889,0.4415541652946987
34033020100,1370,858,39783,0.6262773722627737
34033020200,1588,945,20055,0.595088161209068
34033020300,2167,934,17635,0.4310106137517305
34033020400,2434,1374,23193,0.5645028759244043
34033020500,2080,1238,37367,0.5951923076923077
34033020600,2080,1051,24046,0.5052884615384615
34033020700,3288,2113,41840,0.642639902676399
34033020800,2807,1768,37371,0.6298539365871036
34033020900,2791,1646,36855,0.5897527767825153
34033021000,1114,705,30613,0.6328545780969479
34033021101,3951,2523,36545,0.6385725132877752
34033021102,3422,1936,33653,0.5657510227936879
34033021201,2685,1585,39721,0.590316573556797
34033021202,1962,1124,30455,0.5728848114169215
34033021300,1642,724,29796,0.440925700365408
34033021400,2725,1722,31052,0.6319266055045871
34033021500,1528,944,29392,0.6178010471204188
34033021600,4376,2471,41194,0.5646709323583181
34033021700,1688,1046,36666,0.6196682464454977
34033021900,1131,545,24389,0.4818744473916888
34033022000,1339,495,12035,0.3696788648244959
34033022100,860,328,18388,0.3813953488372093
34033022201,1412,806,37981,0.5708215297450425
34033022202,880,471,35151,0.5352272727272728
34033990000,0,0,NA,NA
34035050100,2421,1349,35248,0.5572077653862041
34035050200,2038,1516,36124,0.7438665358194309
34035050300,2951,1965,40956,0.6658759742460183
34035050400,2285,1465,29324,0.6411378555798687
34035050500,3158,2133,36730,0.675427485750475
34035050600,3286,2211,43293,0.6728545343883141
34035050701,3401,2220,41454,0.6527491914142899
34035050703,3933,2524,53947,0.6417493007882024
34035050704,5205,3558,53918,0.6835734870317003
34035050801,3089,1978,55192,0.6403366785367433
34035050802,3557,2334,58292,0.6561709305594602
34035050901,3816,2270,59807,0.5948637316561844
34035050902,3032,2028,59840,0.6688654353562006
34035050903,4170,2751,81514,0.6597122302158274
34035051000,5533,3812,39705,0.688957166094343
34035051100,2354,1748,29741,0.7425658453695837
34035051200,4238,3009,28818,0.7100047192071732
34035051300,1597,1063,46071,0.6656230432060113
34035051400,3079,2048,32734,0.6651510230594349
34035051500,2657,1843,26434,0.6936394429808054
34035051600,2456,1574,28978,0.6408794788273615
34035051700,3780,2693,25032,0.7124338624338624
34035051800,3264,2280,28396,0.6985294117647058
34035051900,2793,1987,45816,0.711421410669531
34035052001,3645,2397,30891,0.6576131687242799
34035052002,3894,2850,30183,0.7318952234206472
34035052100,5885,4043,54315,0.687000849617672
34035052201,4377,2585,63801,0.5905871601553575
34035052203,4377,2515,94832,0.5745944710989263
34035052204,3917,2562,78870,0.6540719938728619
34035052300,4846,2781,62885,0.5738753611225753
34035052400,4499,2658,68817,0.5907979551011335
34035052601,7155,4231,94925,0.5913347309573724
34035052603,3547,2113,84612,0.5957146884691289
34035052700,6006,3964,86303,0.66000666000666
34035052800,1920,1120,67603,0.5833333333333334
34035052901,717,408,84057,0.5690376569037657
34035052903,5253,3870,72186,0.7367218732153056
34035052904,1727,1051,78388,0.6085697741748697
34035053000,3601,2481,36267,0.6889752846431547
34035053102,3434,2202,41675,0.6412347117064647
34035053103,4603,2971,35137,0.6454486204649141
34035053105,5841,3952,51234,0.6765964732066427
34035053200,5294,3074,29522,0.5806573479410654
34035053300,3951,2467,25950,0.6243988863578841
34035053402,5654,3702,53955,0.6547576936681995
34035053403,3766,2691,50268,0.7145512480084971
34035053404,8557,5932,48915,0.6932336099100151
34035053501,4096,2172,49683,0.5302734375
34035053602,4954,3261,58915,0.6582559547840129
34035053603,3803,2523,56005,0.6634236129371549
34035053604,2892,2047,57831,0.7078146611341632
34035053703,3203,2175,56760,0.6790508897908211
34035053704,2284,1705,54806,0.7464973730297724
34035053705,5018,3628,54989,0.7229972100438422
34035053706,3901,2932,50417,0.7516021532940271
34035053707,2967,1961,56444,0.6609369733737782
34035053801,365,221,36168,0.6054794520547945
34035053803,6441,4436,62299,0.6887129327744139
34035053804,4455,3329,39588,0.7472502805836139
34035053805,2976,2001,49017,0.6723790322580645
34035053901,481,279,63169,0.58004158004158
34035053904,2768,1817,70939,0.6564306358381503
34035053905,5046,3711,67630,0.7354340071343638
34035054100,6191,3815,56828,0.6162170893232111
34035054201,5689,3337,76629,0.5865705747934611
34035054202,4378,2723,81891,0.6219735038830516
34035054300,8660,4329,51017,0.49988452655889143
34037371000,3081,1807,32887,0.5864978902953587
34037371100,3254,2096,35425,0.6441303011677935
34037371200,1607,950,30081,0.5911636589919104
34037371300,2923,1806,40520,0.6178583646938077
34037371400,2357,1695,46309,0.7191344929995758
34037371502,4118,2962,47165,0.7192812044681884
34037371503,2383,1481,35860,0.6214855224506924
34037371600,2511,1889,39326,0.7522899243329351
34037371700,4302,2842,40709,0.6606229660622966
34037371800,5746,3709,37133,0.6454925165332405
34037371900,1618,902,38934,0.5574783683559951
34037372000,2570,1660,41701,0.6459143968871596
34037372100,1677,1069,37705,0.6374478234943352
34037372200,1861,1243,40190,0.6679204728640515
34037372300,3312,1742,38539,0.5259661835748792
34037372400,1983,1258,53397,0.6343923348461926
34037372500,2496,1559,39711,0.6245993589743589
34037372600,3982,2644,50737,0.6639879457559016
34037372700,2551,1659,40872,0.6503332026656213
34037372800,1415,929,33412,0.6565371024734983
34037372900,2465,1608,32738,0.65233265720081135
34037373000,1890,1293,37072,0.6841269841269841
34037373100,4726,3043,56653,0.6438848920863309
34037373200,2589,1739,51054,0.671687910390112
34037373300,2399,1547,49346,0.6448520216756982
34037373400,5214,3399,65791,0.6518987341772152
34037373500,3205,1601,38875,0.4995319812792512
34037373600,2422,1540,49040,0.6358381502890174
34037373700,3483,1722,28441,0.49440137812230833
34037373800,3400,2225,36738,0.6544117647058824
34037373900,3265,1980,38519,0.6064318529862175
34037374000,2551,1666,48661,0.6530772246177969
34037374100,2798,1806,48264,0.6454610436025733
34037374200,1970,1374,43203,0.6974619289340102
34037374300,2746,1788,43236,0.651128914785142
34037374400,1921,1347,50970,0.7011972930765227
34037374500,1565,1118,43288,0.7143769968051118
34037374600,2632,1852,37989,0.7036474164133738
34037374700,3276,2179,44887,0.6651404151404151
34037374800,3283,2149,40765,0.6545842217484008
34037374900,3701,2561,32441,0.6919751418535531
34039030200,2331,1476,16359,0.6332046332046332
34039030400,3764,2092,13559,0.5557917109458024
34039030500,3839,2598,17986,0.6767387340453243
34039030600,2610,1470,19127,0.5632183908045977
34039030701,1388,875,25718,0.6304034582132565
34039030702,5895,4167,18067,0.7068702290076336
34039030802,2482,1592,23001,0.6414182111200645
34039030900,4610,2829,17412,0.6136659436008677
34039031000,2938,1897,16868,0.6456773315180395
34039031100,4474,2723,16901,0.6086276262852034
34039031200,4333,2358,16386,0.5441957073621048
34039031300,5203,3772,22107,0.7249663655583317
34039031400,4231,2562,17254,0.6055306074214134
34039031500,4736,3384,24261,0.714527027027027
34039031601,2979,1915,22314,0.6428331654917757
34039031602,3978,2778,27485,0.698340874811463
34039031700,4437,2754,21401,0.6206896551724138
34039031801,3793,2631,20045,0.6936461903506459
34039031802,2262,1636,20615,0.7232537577365163
34039031903,5150,3325,18112,0.6456310679611651
34039031904,2523,1505,19634,0.5965120887831946
34039032001,5822,4126,22834,0.7086911714187565
34039032002,3333,2082,25281,0.6246624662466247
34039032100,5516,3452,33754,0.6258158085569253
34039032200,4795,3053,28989,0.6367049009384775
34039032300,1951,1367,26542,0.7006663249615582
34039032400,6022,3532,27484,0.5865161076054467
34039032500,5100,3337,33947,0.6543137254901961
34039032600,4275,2865,32445,0.6701754385964912
34039032700,6777,4666,43051,0.6885052383060352
34039032800,3917,2372,29472,0.6055654837886137
34039032901,3433,1914,34200,0.5575298572676959
34039032902,4601,2816,38597,0.6120408606824603
34039033000,3692,2214,39425,0.5996749729144095
34039033100,4946,3571,34136,0.7219975737970077
34039033200,3578,2175,37888,0.6078814980435998
34039033300,3554,2325,38935,0.6541924592009004
34039033400,3187,2106,44464,0.6608095387511767
34039033500,7234,4032,37369,0.557367984517556
34039033600,6641,4053,48455,0.6102996536666164
34039033700,3637,2426,37939,0.6670332691778939
34039033800,4548,2962,37352,0.6512752858399297
34039033900,2607,1854,28640,0.7111622554660529
34039034000,4907,2885,22295,0.5879356022009374
34039034100,2992,1543,27109,0.5157085561497327
34039034200,2936,2110,32617,0.7186648501362398
34039034300,3292,2132,35408,0.6476306196840826
34039034400,3306,1914,25423,0.5789473684210527
34039034500,3767,2148,26657,0.5702150252190071
34039034600,3519,2129,22710,0.6050014208581983
34039034700,3336,2219,29704,0.665167865707434
34039034800,4043,2710,39529,0.6702943358891912
34039034900,4713,3127,33391,0.6634839804795247
34039035000,2441,1476,31086,0.6046702171241295
34039035100,3407,2033,28792,0.5967126504255944
34039035200,2072,1307,24214,0.6307915057915058
34039035300,4820,2847,25747,0.5906639004149378
34039035400,2187,1246,27656,0.5697302240512117
34039035500,6287,4171,31926,0.6634324797200573
34039035600,3104,1945,45953,0.626610824742268
34039035700,4566,2973,40291,0.6511169513797634
34039035800,2875,1952,32166,0.6789565217391305
34039035900,2995,2134,40840,0.7125208681135226
34039036000,4174,2618,41900,0.6272160996645904
34039036100,1308,902,37160,0.6896024464831805
34039036200,5251,3424,43970,0.6520662730908399
34039036301,4582,3015,44928,0.6580096027935399
34039036302,3362,2030,58050,0.6038072575847709
34039036400,5069,3365,80892,0.6638390215032551
34039036500,4015,2527,100037,0.6293897882938979
34039036600,3165,2175,66328,0.6872037914691943
34039036700,4284,3126,81875,0.7296918767507002
34039036800,5767,3299,72818,0.5720478585052887
34039036900,3579,2435,46740,0.6803576417993853
34039037000,4838,3217,53678,0.6649441918147995
34039037100,3398,2152,64923,0.633313713949382
34039037200,3424,2280,55201,0.6658878504672897
34039037300,3729,2434,49244,0.6527219093590775
34039037400,3660,2480,52314,0.6775956284153005
34039037500,4931,3443,44980,0.6982356519975664
34039037601,3762,2548,76251,0.6772993088782563
34039037602,5334,3428,55601,0.6426696662917135
34039037700,3720,2162,100679,0.5811827956989247
34039037800,4474,2999,74385,0.670317389360751
34039037900,3889,2466,115979,0.6340961686808948
34039038000,4436,2915,50155,0.6571235347159603
34039038101,3066,1981,84595,0.6461187214611872
34039038102,6509,4258,56235,0.6541711476417268
34039038201,5003,3026,69004,0.6048370977413552
34039038202,5499,3644,73268,0.6626659392616839
34039038300,5568,3032,60793,0.5445402298850575
34039038400,5096,3226,50381,0.6330455259026687
34039038500,4680,3026,47621,0.6465811965811966
34039038601,6541,4304,71899,0.6580033634000917
34039038602,3046,2111,74976,0.6930400525279055
34039038700,5731,3578,54436,0.6243238527307625
34039038800,3322,2261,24828,0.6806140878988561
34039038900,4529,2780,18135,0.6138220357694856
34039039000,3265,2060,16209,0.6309341500765697
34039039100,2792,1772,57686,0.6346704871060171
34039039200,4370,2966,30665,0.6787185354691075
34039039300,4787,3537,16585,0.7388761228326718
34039039400,3457,2355,22799,0.6812264969626844
34039039500,4528,2687,21313,0.5934187279151943
34039039600,3484,1962,25741,0.5631458094144661
34039039700,4531,2804,33004,0.6188479364378724
34039039800,3262,1924,19088,0.5898221949724096
34039039900,1577,507,11301,0.32149651236525045
34041030600,3145,1926,33556,0.6124006359300477
34041030700,3613,2305,23495,0.6379739828397454
34041030800,2333,1360,25343,0.5829404200600086
34041030900,2399,1718,22676,0.7161317215506461
34041031101,4862,2650,41896,0.5450431921020157
34041031102,3154,1754,43814,0.5561192136968929
34041031200,6414,4175,44537,0.6509198628001247
34041031301,4637,3216,46025,0.6935518654302351
34041031302,3877,2481,50806,0.63992777921073
34041031401,3679,2236,35488,0.607773851590106
34041031402,4056,2749,34211,0.6777613412228797
34041031500,6025,4146,35916,0.6881327800829875
34041031601,4396,1845,35096,0.4196997270245678
34041031602,2007,1320,35562,0.6576980568011959
34041031700,1982,1220,26637,0.615539858728557
34041031800,2261,1391,38277,0.6152145068553737
34041031900,5415,3549,46367,0.6554016620498615
34041032000,5363,3821,33735,0.7124743613649077
34041032101,2472,1664,44991,0.6731391585760518
34041032102,4325,2842,42157,0.6571098265895954
34041032200,6885,4023,40269,0.5843137254901961
34041032300,2618,1699,35270,0.648968678380443
34041032400,1778,1097,37319,0.6169853768278966
