"SSN","x.x","x.y","x"
"0101",38.8333333333333,6,7
"0102",44.4895833333333,61,37
"0103",43.8333333333333,8,4
"0104",37.7142857142857,3,4
"0105",37.8461538461538,6,8
"0106",31.6666666666667,1,2
"0107",41.8181818181818,5,6
"0108",42.8305084745763,35,26
"0110",37,0,1
"0111",37.8260869565217,14,33
"0112",38.7096774193548,12,19
"0113",40.8,15,15
"0114",33.6,2,4
"0115",46.5,1,1
"0116",41.5,3,3
"0117",39.1666666666667,5,7
"0118",39.75,5,7
"0119",45.16,17,9
"0121",41.6,8,7
"0122",43.4230769230769,15,13
"0123",43.6,2,3
"0201",26.75,1,2
"0202",25.5,0,2
"0203",37.3333333333333,2,5
"0204",38.5,1,1
"0205",45,2,3
"0206",40.6153846153846,9,5
"0207",31,1,4
"0208",41,1,0
"0209",54,1,0
"0210",42,4,3
"0211",40,6,7
"0212",39.7142857142857,4,3
"0214",38.3333333333333,2,2
"0215",46.1666666666667,5,1
"0216",57,1,0
"0217",41.6,5,5
"0218",46.75,3,1
"0219",39.75,6,6
"0220",27.6666666666667,0,3
"0221",39.1538461538462,11,16
"0222",48.3333333333333,2,1
"0223",41.3181818181818,13,11
"0224",41,1,1
"0225",22.3333333333333,0,3
"0226",22,0,1
"0227",38.5,1,1
"0230",43.75,5,3
"0231",44.5833333333333,7,5
"0232",40.6315789473684,10,9
"0233",35.8333333333333,2,4
"0234",55.2,5,1
"0235",39,0,1
"0237",40.5,1,1
"0238",33.8571428571429,2,5
"0239",42.9,5,5
"0240",31.3333333333333,0,3
"0241",51,1,0
"0242",42.2,3,2
"0244",34.6666666666667,1,2
"0245",37.5714285714286,2,5
"0246",46.6666666666667,6,4
"0247",42,2,1
"0248",39.4,2,4
"0249",40,1,1
"0250",41,4,4
"0251",46,1,0
"0252",23.5,0,2
"0253",31,1,3
"0254",33,1,2
"0256",41.7777777777778,5,4
"0257",41.2222222222222,4,5
"0258",37.5,1,1
"0259",49,1,0
"0260",42.4,6,4
"0261",47,2,0
"0263",31,0,2
"0264",51,1,0
"0265",39.2,5,6
"0266",58,3,0
"0267",39.5714285714286,3,4
"0268",51,1,0
"0269",38.75,1,3
"0270",28,0,4
"0301",18,0,1
"0302",43.6,5,5
"0303",32.6666666666667,1,2
"0304",38.5714285714286,2,5
"0305",34.7142857142857,6,15
"0306",41.4166666666667,6,6
"0307",19,0,1
"0308",47.875,7,2
"0309",43.6666666666667,4,2
"0310",37.5,6,10
"0311",46.5,1,1
"0312",42,6,3
"0313",37.6785714285714,11,17
"0315",36.7,3,7
"0316",41,5,4
"0317",41.4545454545455,5,6
"0318",34.875,2,6
"0319",42.3181818181818,13,11
"0320",35.3571428571429,4,10
"0322",39.1111111111111,4,5
"0323",41.4166666666667,13,12
"0324",35.4333333333333,9,21
"0326",37.875,3,5
"0327",42.7857142857143,6,8
"0328",41.75,2,2
"0329",37.6122448979592,21,32
"0330",42.2142857142857,9,7
"0331",35.6666666666667,1,5
"0332",34,1,2
"0333",38.375,4,4
"0334",38.5714285714286,4,3
"0335",41.75,4,5
"0336",24,0,1
"0337",32.25,0,4
"0338",41.0740740740741,15,12
"0340",25,0,1
"0401",36.2857142857143,2,6
"0402",43,1,1
"0403",38.4,6,4
"0404",37.0384615384615,8,18
"0405",39.7142857142857,1,6
"0406",43.5,4,4
"0407",42.6666666666667,5,4
"0408",43,97,66
"0409",35.4893617021277,15,33
"0410",35,1,3
"0411",34,2,13
"0412",38.4,7,13
"0413",29.3333333333333,0,3
"0414",41.9583333333333,26,24
"0415",39.2584269662921,37,53
"0416",37.125,5,12
"0417",23,0,1
"0418",39.4,2,3
"0419",39,0,1
"0420",33.5,0,2
"0421",41.3333333333333,1,2
"0422",40.1944444444444,16,20
"0423",34.5,1,9
"0424",40.4,3,2
"0425",42.6,3,3
"0426",43.2222222222222,6,3
"0427",39.6857142857143,16,20
"0428",40.4545454545455,10,12
"0430",37.25,5,11
"0431",38.375,3,5
"0432",35.5,7,8
"0434",36.5882352941176,7,13
"0435",37,4,8
"0436",37.2682926829268,17,25
"0437",45.25,2,2
"0501",52,1,0
"0504",38.3333333333333,1,2
"0505",38.8611111111111,14,22
"0506",39.2068965517241,12,16
"0507",56.25,4,0
"0508",40.7368421052632,9,11
"0509",54,1,0
"0511",39.7,5,5
"0512",52,3,0
"0513",44,1,1
"0514",42.6923076923077,6,7
"0515",32.5,1,3
"0516",42.8,3,2
"0601",41.8095238095238,13,10
"0602",38.0909090909091,4,7
"0603",41.5,1,1
"0604",42,1,0
"0605",37,1,3
"0606",52,1,0
"0607",35.3333333333333,1,2
"0608",39,1,2
"0609",43.2,3,2
"0610",41.1060606060606,31,37
"0612",39,0,1
"0613",42,2,3
"0614",40.847619047619,53,55
"0701",40.7560975609756,22,19
"0702",41.4285714285714,21,17
"0703",48.4,4,1
"0704",39.7272727272727,6,6
"0705",50.3972602739726,63,9
"0706",26.5,0,2
"0707",29.6666666666667,0,3
"0709",49.8490566037736,41,12
"0710",36.6363636363636,4,7
"0711",46,4,3
"0712",35,1,1
"0713",43.6,8,7
"0714",47.3645083932854,306,121
"0715",22,0,1
"0716",40.5238095238095,10,12
"0717",46.3333333333333,14,8
"0718",22,0,1
"0719",41.3333333333333,2,1
"0720",47.4,4,1
"0721",37.8,2,4
"0722",38.5,8,14
"0801",36.7142857142857,4,10
"0802",37.1020408163265,18,31
"0803",41.1428571428571,4,3
"0804",42.6,2,3
"0805",38.0740740740741,9,18
"0806",36.2941176470588,6,11
"0807",35.3333333333333,1,2
"0808",37.6666666666667,4,5
"0809",40.8571428571429,3,4
"0810",42,12,8
"0811",38.8571428571429,19,31
"0812",41.7777777777778,6,3
"0813",48,1,0
"0814",41.3157894736842,8,11
"0815",36.8,5,10
"0816",34,1,2
"0817",46.3333333333333,2,1
"0818",32.6101694915254,11,49
"0820",40.2941176470588,16,19
"0821",38.8333333333333,4,8
"0822",44.25,11,9
"0823",30.3333333333333,0,6
"0824",43.25,3,1
"0901",42.3134328358209,40,28
"0902",54.5,2,0
"0903",35,0,4
"0904",36.875,3,5
"0905",43.5862068965517,17,13
"0906",45.2331288343558,109,56
"0907",41.9166666666667,11,13
"0908",41.5172413793103,16,13
"0909",46.7142857142857,4,3
"0910",40.8181818181818,11,11
"0911",31.5,1,3
"0912",34.9,4,6
"1001",39.3333333333333,1,2
"1002",36.5,1,1
"1003",31,0,1
"1004",47,1,0
"1005",35,0,1
"1006",41.3333333333333,2,2
"1007",27,0,1
"1008",48.3333333333333,2,1
"1009",32.6666666666667,0,3
"1010",29,0,1
"1013",26,0,1
"1014",37.5,1,1
"1017",44.3333333333333,1,2
"1018",23.6,0,5
"1019",26.5714285714286,0,7
"1020",21,0,1
"1021",36,5,10
"1022",40,2,3
"1024",67,1,0
"1025",20,0,1
"1101",36.3333333333333,3,6
"1102",38.2592592592593,11,18
"1103",36.4819277108434,31,55
"1104",31.25,1,3
"1105",33,0,1
"1106",36.6,2,3
"1107",35.0769230769231,4,9
"1111",44.8058252427184,65,39
"1112",34,1,4
"1113",30.2,1,4
"1114",31,2,4
"1201",37.36,12,14
"1202",48,2,1
"1203",42.5454545454545,6,6
"1204",40.5,7,7
"1205",38.3461538461538,25,28
"1206",37,2,3
"1207",46.9,7,3
"1208",38.375,4,5
"1209",37.741935483871,25,41
"1210",42.6666666666667,3,3
"1211",41,5,5
"1212",34,1,4
"1213",35.35,5,15
"1214",47.7777777777778,22,4
"1215",38.75,10,14
"1216",46.375,26,15
"1217",41,13,12
"1218",33.1666666666667,1,5
"1219",39.3275862068966,29,32
"1220",41.4166666666667,13,12
"1221",44.4166666666667,15,8
"1222",30,3,13
"1223",37.5714285714286,8,14
"1224",37.5833333333333,5,7
"1225",37.4935064935065,27,50
"1301",44,1,0
"1303",47.28125,23,9
"1304",37,1,1
"1306",42.6,6,4
"1307",49.4615384615385,11,3
"1309",34.3333333333333,1,2
"1311",39.9523809523809,10,11
"1312",30.5,0,2
"1313",27,0,2
"1314",31,0,1
"1315",37.4,4,6
"1316",36.7391304347826,9,14
"1317",41.5714285714286,9,6
"1318",34.7777777777778,4,6
"1319",35.5128205128205,11,28
"1320",35.3333333333333,1,2
"1321",41.4358974358974,20,21
"1322",45.875,5,3
"1323",34,0,2
"1325",40.7321428571429,30,27
"1326",35.7727272727273,7,15
"1327",26,0,4
"1328",33.875,3,13
"1329",41.1538461538462,7,6
"1330",39.4285714285714,9,12
"1331",35.5454545454545,14,31
"1332",36.3333333333333,2,2
"1333",48,1,1
"1334",39.6216216216216,15,24
"1335",31,1,2
"1336",41.4444444444444,5,4
"1337",39.7,6,14
"1338",37,0,1
"1339",41.0833333333333,6,6
"1340",34.7777777777778,2,7
"1341",64,1,0
"1342",23,0,1
"1343",37,1,1
"1344",22,0,1
"1345",30,0,1
"1346",55,2,0
"1347",38,1,1
"1349",37.125,2,6
"1350",43.1111111111111,5,4
"1351",59,1,0
"1352",41,8,8
"1353",34,1,4
"1401",38.1111111111111,5,4
"1402",37,0,1
"1403",32,0,1
"1404",47,2,1
"1405",29,0,1
"1408",35.6,3,3
"1409",37.8947368421053,6,13
"1410",29,0,2
"1411",56,1,0
"1412",38.6,4,6
"1413",50,1,0
"1414",33.2777777777778,3,15
"1415",36.75,1,3
"1416",31.75,1,3
"1417",51,2,0
"1419",26,0,1
"1421",37.7692307692308,5,7
"1422",39.5,4,7
"1423",25,0,1
"1424",41.8823529411765,7,10
"1425",32,0,1
"1426",48,1,1
"1427",38.6428571428571,6,9
"1428",39.2857142857143,3,4
"1429",39.1538461538462,12,15
"1430",31,1,2
"1431",42.8,4,2
"1432",36.6,1,4
"1434",41.75,5,4
"1435",33.8125,4,12
"1436",37.8,6,9
"1438",34.5,2,4
"1439",34.5,1,3
"1502",40,1,1
"1503",27,0,1
"1504",36.7692307692308,5,9
"1505",41.7361111111111,38,34
"1506",39.4895833333333,42,57
"1507",38.6451612903226,45,79
"1508",43.25,3,1
"1509",26,0,1
"1510",34,2,3
"1511",37.6779661016949,23,40
"1512",39.8571428571429,18,18
"1513",31.75,1,3
"1514",38.5555555555556,18,19
"1516",40.7027027027027,19,20
"1517",45,1,0
"1518",42.8688524590164,33,30
"1520",39.4736842105263,9,11
"1521",33.1666666666667,1,5
"1522",51,2,0
"1523",43.6666666666667,4,2
"1524",35.3157894736842,6,13
"1525",35.625,2,6
"1526",44.3333333333333,12,5
"1527",34,0,2
"1528",56,1,0
"1529",41.1111111111111,5,5
"1530",34.2962962962963,8,20
"1532",36.6,1,4
"1533",40.2173913043478,12,13
"1602",37.7692307692308,15,24
"1603",44.7272727272727,7,4
"1604",32.25,2,2
"1605",29.2,1,8
"1606",39,2,4
"1607",42.8387096774194,19,12
"1608",44.9319727891156,92,56
"1609",35.4,2,8
"1610",43.3333333333333,1,2
"1611",39,2,4
"1612",37.6666666666667,3,7
"1613",35,3,8
"1614",37.551724137931,9,20
"1615",39.7058823529412,8,9
"1616",49.25,7,1
"1701",37,0,1
"1704",26.6666666666667,0,3
"1706",35.5,0,2
"1707",41.8333333333333,4,2
"1708",38.1851851851852,12,15
"1709",25.5,0,2
"1710",32.9333333333333,3,12
"1711",37.3333333333333,1,2
"1712",39.5555555555556,5,3
"1713",36.2857142857143,6,9
"1714",32,0,2
"1715",32.3333333333333,0,3
"1801",37.3333333333333,2,4
"1802",29.8,1,4
"1803",33.5,0,2
"1804",38.2666666666667,6,9
"1805",34,1,5
"1806",31.6923076923077,3,10
"1808",36.125,9,15
"1809",47.25,4,0
"1810",35.1875,5,12
"1811",38.3076923076923,5,8
"1813",40.75,1,3
"1814",41.5,3,5
"1816",37.6,4,7
"1818",46.125,6,2
"1820",23.3333333333333,0,3
"1821",38.3333333333333,1,2
"1902",26.5,0,2
"1903",24,0,1
"1904",34.5,0,2
"1905",33.1666666666667,2,4
"1906",33.25,2,6
"1907",56,1,0
"1909",36,0,1
"1910",33,0,2
"1911",37,1,1
"1912",40.2307692307692,7,6
"1913",25,0,1
"1914",31.3333333333333,0,3
"1915",37.8125,6,10
"1916",30,0,3
"1917",63,1,0
"1918",43.7777777777778,5,4
"1919",40,1,1
"1920",30.75,1,2
"1921",42.8333333333333,3,3
"1922",39.6,10,10
"1924",30.6666666666667,0,3
"2001",35.6,2,3
"2002",36.5,3,5
"2003",39.8888888888889,5,5
"2004",42.6864406779661,72,45
"2006",46.6,4,1
"2007",50.1428571428571,7,1
"2008",35.25,1,4
"2009",45,24,11
"2010",25,0,1
"2011",32.1666666666667,3,5
"2012",50.0555555555556,30,6
"2013",43.6206896551724,16,14
"2014",45.75,5,3
"2015",36.6,6,6
"2016",44.8333333333333,3,3
"2017",43.4444444444444,6,3
"2018",38.6363636363636,6,6
"2019",38.3076923076923,9,18
"2020",39.8,3,2
"2021",33,0,3
"2101",51.5,2,0
"2102",36.5,1,2
"2103",41.6,3,2
"2104",37,1,2
"2105",23,0,1
"2107",50,2,0
"2108",30.5,2,5
"2110",35.3333333333333,0,3
"2112",30,1,4
"2113",37,1,1
"2114",38.25,2,2
"2115",35.5,2,2
"2116",37.8333333333333,2,4
"2119",37.625,14,19
"2120",1,0,0
"2121",38,4,6
"2122",33.8571428571429,1,6
"2123",37.4,2,3
