"SSN","index","ce","co","econ","he","pe","re"
101,57.750793194654,66.4637158338075,53.2163574237077,30.4165145119521,93.320862137071,38.7234649728697,64.3638442885158
102,50.2026048068511,64.517982065738,37.0588983669258,24.4131078000539,93.9859730426807,21.746305899115,59.4933616665932
103,54.7381407116019,66.3894378554476,44.2117354741774,35.9052938214897,93.0401214179151,26.0571035036993,62.8251521968823
104,54.5814256629556,66.3799593305928,56.3018132267811,28.4033322436968,68.8820332119301,40.4839385630871,67.0374774016455
105,58.5864394753195,66.7782827538655,61.614019138305,24.1844532486402,89.3999771074833,43.6932051484073,65.8486994552157
106,58.3673514085915,66.673501602912,64.1836754337694,20.2152704016739,96.552239138151,40.2865087483859,62.2929131266567
107,53.9174722286184,66.3808763929276,49.7508628941096,23.888650960346,72.2448241037836,43.9030443690073,67.3365746515366
108,58.3491917358201,67.7769397767863,52.5538446849835,27.6919875878507,91.8904075011963,43.9655571332296,66.2164137308741
109,55.8825437795617,66.7086814023161,53.8406518108396,27.7654339328909,79.1669338109125,45.0560193198769,62.7575424005339
110,58.4068415692861,66.7479262037149,61.4226059113224,23.1252670827857,87.1461156660183,44.8513101897807,67.1478243620947
111,56.8061433361455,67.7351589104086,44.6470212358935,34.4342549045269,85.5699751387839,40.711116765171,67.7393330620892
112,54.8490687262617,67.5234382050333,44.2096974255693,31.9411181847071,75.0226483769888,43.1233617971567,67.2741483681151
113,55.8932905428888,66.2147796774988,51.9324515009791,37.0004384716083,69.4567164754086,42.5784991506234,68.1768579812147
114,58.8100019733225,67.1689219265674,45.7602314791051,37.5553450367183,92.4775470017191,43.2442493679146,66.6537170279104
115,60.3114645366376,66.6690242554799,65.6039278660493,25.3954679103112,99.3179456880441,40.8525342195223,64.0298872804186
116,54.8152649674285,65.6148854552323,35.8179024114857,48.8545433292458,91.8040823190159,21.7629413331452,65.0372349564462
117,57.0658114294934,66.7403146072101,58.214304957231,24.8900688410705,81.9850535615111,42.5333686898237,68.0317579201139
118,57.8777720287585,66.9738003062474,36.949206323123,40.2218405774816,93.2826187266424,42.8757120120014,66.963454227055
119,55.5355251458085,66.8634721034453,47.1446158639604,20.8495655564785,95.072708059919,39.7378250581513,63.5449642328966
120,59.8866215865297,66.7088553559635,64.2644066847646,23.2499710778622,93.5013470652144,45.3104833825219,66.2846659528514
121,56.501548004472,67.0056532981035,45.7548074748671,31.8296483168008,91.0644735828538,36.9115880604484,66.4431172937583
122,53.7173707855386,66.5042218226714,44.4922948104886,29.78447584531,96.9742481472429,21.545686077672,63.0032980098468
123,57.9708481300084,66.6757510036017,64.4383036171736,22.1911359847564,96.81156826014,41.1400068041501,56.5683231102285
201,61.8391102208168,66.3569972154566,63.733880387826,31.9917957625552,95.6429871366389,44.4143367834572,68.8946640389668
202,62.8009804957227,66.6711246977989,63.1530326736789,32.7600416662193,91.1082560618099,58.5624761738369,64.5509517009925
203,61.0145740806512,66.5124149823734,62.822845091551,36.317283026995,94.1338537270786,37.8192069273685,68.4818407285408
204,59.7771834981578,66.4169809467251,64.4107874609134,30.1946786440688,97.1499079001188,32.8712870170907,67.6194590200298
205,61.5319655032196,66.409307124748,65.3243197093236,28.5652192141763,95.6806199096032,46.765497985124,66.4468290763427
206,57.8507660367292,66.6617946067112,62.4091501589523,35.3474680809785,96.8404929298477,20.2064285502672,65.6392618936183
207,60.9696452240379,66.2309690619823,62.4662961653866,35.6945864350737,91.5854469976406,42.189885569425,67.6506871147195
208,60.8725635679256,66.6360034933479,64.5776592317409,31.0695637552053,95.8841424028648,38.1398806240297,68.928131900365
209,61.0250514390665,66.766284164218,65.0358877096718,32.7042542615518,93.7585670898626,42.1959140023184,65.6894014067762
210,60.4209074828734,66.0082377596353,61.3764720266657,34.555241306028,93.4380715891294,37.4597285167467,69.6876936990351
211,59.9508819358066,64.9352593997752,62.8022834580128,34.8943271703973,95.728875474252,34.2429805820689,67.1015655303332
212,59.9960206790959,66.5103226143117,65.7611560857608,28.6631810113257,97.1372668438091,34.28891377975,67.6152837396182
213,60.4287088372689,66.6764286535097,63.9957395308835,32.6244946262826,97.1048975741438,39.0443300298625,63.1263626089316
214,61.3863574041466,66.5979831907945,65.5352442909618,26.2232444999356,98.3252922961415,43.5632293270771,68.0731508199693
215,61.3871856162261,65.9194401738023,61.8806992392795,39.8629975378404,92.7134711661651,39.7042890429217,68.2422165373478
216,60.9058351087634,66.6940585757411,65.5748767673403,29.4302068208806,94.8884968291387,41.8052735152567,67.042098144223
217,61.5494050214873,67.3293601365746,63.038539639077,37.9995120556151,96.7528839716239,35.5253416789375,68.6507926470958
218,57.8484465526707,66.3350901988277,64.9696092005266,26.4366351760074,97.9894075486176,26.6460275800065,64.7139096120386
219,58.5221713161594,64.7419597462012,61.284130544595,43.2862489186305,90.336892445113,27.1229307999709,64.3608654424455
220,61.6024490497305,66.9426115712444,61.8529071771515,34.4213927682073,94.1387334077998,43.0571474088876,69.2019019650925
221,57.1861852665596,65.07577121174,65.2246743164082,28.1377179562358,96.2148173031749,24.0728100064276,64.3913208053713
222,61.9460362123104,64.1166162140505,64.2978444215187,34.4093954815844,97.9525306133522,40.7631223303829,70.1367082129738
223,60.3434982793,64.3753541276443,72.251834663092,35.1090736442922,96.9325563936565,29.3335628391944,64.0586080079208
224,60.8046800948642,66.6575573457093,63.0578288028008,32.101826300605,93.0569795399636,42.1180710604557,67.8358175196507
225,57.7547049514666,62.1865542437907,64.1379970857719,32.3558324043477,97.8523144409585,22.9833414708256,67.0121900631055
226,62.1916952124568,66.6605593413416,63.2317779707892,34.8771218213448,95.5164250976864,45.7876944943205,67.0765925492582
227,61.1912116021759,66.7135573721483,62.5807909495192,31.9500605894024,96.2988315322036,40.6672910196599,68.936738150122
228,61.4542001947761,66.190202508037,63.8482859551928,31.7171263559772,97.8571565456933,41.1598237743303,67.952606029426
229,61.0457129562922,65.038955197489,65.7236315883417,29.7739099527613,97.9073060438071,41.8784583439152,65.952016611439
230,60.502527758401,66.5933922010756,64.3204693012378,33.5360308668204,95.6493316332688,36.9430417410109,65.9729008069927
231,57.4671115842918,66.1396055161392,62.8313460679287,28.0418131721063,96.2561972209776,25.1603443014131,66.3733632271858
232,59.4598244395869,66.3716803795,62.7004109720039,34.2677237217922,94.945608657067,30.5812020749633,67.8923208321947
233,62.0009702258009,65.8804862527977,62.5287907948384,41.158523473017,85.2914619538561,48.4566241483762,68.68993473192
234,60.9265813405432,66.358011877661,61.3661369344104,36.9345768570202,95.7656256910047,38.6411787084295,66.4939579747333
235,61.3903531870698,66.3895751143728,66.8982561399741,29.4807759646042,97.216405713752,38.9936455776113,69.363460612104
236,60.0621753974956,66.2743366182113,63.1087486893204,30.1783300335617,93.1597918959725,38.2480740459375,69.40377110197
237,61.1473453677319,66.1348516265066,65.6122108520746,26.0701649624751,96.233880110263,52.5795199831367,60.2534446719353
238,61.04977511645,66.5985000714363,62.32205474346,35.7327307847326,95.659397333839,36.6278935837314,69.3580741815004
239,59.4479796598133,66.466783603532,61.6529259004723,33.4239223754816,96.9836729017427,30.4993231515496,67.6612500261015
240,61.0990712761782,64.268932664796,61.3272323609418,31.084332269371,95.0895973279002,46.0816692093265,68.7426638247335
241,60.5485323627889,66.379459441929,63.2268374929881,31.2162965899643,92.899019701292,42.1531104509872,67.4164704995726
242,61.9647368648826,66.531033490048,57.987755600432,38.5761739451055,91.6060772023823,47.5557493987736,69.5316315525544
243,60.6570535654477,66.4570067526517,61.5661273610146,32.8624152295498,93.4915746554229,40.5541097856198,69.0110876084277
244,61.8403235391274,66.3929879193112,64.5543059634538,32.7093287034789,97.8574355952082,40.8523812076061,68.675501845706
245,58.5598691891765,65.7045376461758,63.5439369366888,36.4004333652111,95.8374130084742,25.2487426563253,64.6241515221838
246,61.1511604262634,66.9076321589628,63.2658249134967,34.0588038051461,96.3671378110076,37.7040928843967,68.6034709845707
247,60.0563420571515,66.3086684198024,58.3602596719698,39.0000042208175,90.1969784833287,37.6794368785644,68.7927046684263
248,62.0542759006708,65.4125628464036,59.1581127314218,44.0823551824333,93.3851806725356,40.7542061848722,69.5332377863582
249,59.1874280806922,66.8424785342515,64.8780034810784,28.4971910929019,97.5881897820452,32.6096976654691,64.709007928407
250,61.3837308816602,66.2714832148701,63.8887200298616,32.9503458988515,96.1651877152519,42.9856173462529,66.0410310848734
251,62.796361132855,66.870895568647,64.6408837508378,40.0789033488884,96.3154872626732,39.0741522628577,69.7978446032258
252,60.6246492432142,64.36665168978,63.7058477021674,32.4759002437303,98.1393584726024,37.5712614350602,67.4888759159448
253,61.1397487985249,66.2829527417213,60.7215556194547,35.5644873347152,93.8796992292908,42.2158653010541,68.1739325649135
254,59.7145358175202,66.3827578324893,64.4113031956773,27.7986483849562,98.561339437323,34.3272623628729,66.8059036918027
255,63.1939073485576,66.8012715049283,62.499120362972,30.885504185754,96.4039237832002,54.8666114984564,67.707012756035
256,59.4175800809529,66.7332164555907,63.1431462329272,38.972847368473,94.987531059884,24.3256604293314,68.3430789395113
257,61.3171387943231,66.8394419505616,63.4478139629733,33.4181791380906,97.8558221308758,39.8947242596108,66.4468513238264
258,61.4936540928755,66.6904602757499,64.4362126417346,31.8396423879239,97.247794990781,40.5308090969154,68.217005164148
259,60.6722368306932,66.6721229862357,66.5330210440467,20.9710494128185,99.5618046104027,48.1421361219547,62.1532868087008
260,61.6014473841042,66.4119249881739,63.5970264656929,34.8792971302757,96.954238201669,39.4827965789881,68.2834009398253
261,62.3892953937657,66.9414521113703,62.9429153083134,38.7656814712257,93.0479056533958,43.7678568958463,68.869960922443
262,62.1012361476678,66.8192718308623,65.7646525708103,20.5102949092066,97.876165265416,55.3658498333008,66.2711824764107
263,60.6898827544624,65.2562628513438,64.8917301560996,31.6873092068213,92.9135637364371,40.3957756043904,68.9946549716823
264,61.5962560956622,64.2598880605662,60.1063213300882,37.9204056903853,95.9007980931583,41.2467152602319,70.1434081395433
265,58.9201902141271,66.3236358427979,61.9392709226436,34.1096324210281,95.9649243394007,30.2782722741751,64.9054054847172
266,61.3638661528085,66.6094335872617,62.0778436098276,35.9680344305982,96.2633520918181,39.2540839964732,68.0104492008721
267,61.1269963846142,65.5989063256918,62.0569287216593,35.8455584503746,96.3681013554212,38.834236561281,68.0582468932573
268,60.5794964672035,66.466829977456,63.9964694908876,31.2063401996771,95.7564812443718,39.6995989754847,66.3512589153439
269,59.3205978577637,66.3338965738129,65.2779788874387,27.7007541640709,99.0688130581101,30.0233402431375,67.5188042200124
270,62.6390530682657,66.4877264862688,63.6460131296147,39.8949370546307,95.8336548109733,40.5433733116972,69.4286136164096
301,58.0414390927015,66.7015054209836,61.6850525899499,21.9638469415364,84.3731978839315,46.6181329285976,66.9068987912098
302,55.4448548920794,66.3885239075275,50.2512244760517,25.3405126760995,85.4676110267936,37.2111342820522,68.0101229839519
303,61.6860808793907,66.9527477466199,67.2091040677254,32.8640966431725,96.2046816029444,40.156067996661,66.7297872192211
304,61.9282619360825,66.8201646823163,64.1532030012141,31.7333811785259,96.1975814398858,43.3246919815677,69.3405493329852
305,56.9227927207028,67.0312446325351,45.5508827482575,37.9723663923008,83.0148038524414,39.8313011054506,68.1361575932312
306,60.8032520399127,67.2445924114554,58.9654780260947,31.6034649314211,91.6657175408811,46.0845146229846,69.2557447066392
307,60.1274020622613,66.7802907162731,61.1826668205666,31.1130513594912,87.2568345956484,43.3377904597876,71.0937784218011
308,61.126615395163,66.3117438615533,56.4444957318619,37.1279743694337,94.5970539949724,43.2977748184863,68.9806495946706
309,61.2838823841929,66.5871870678341,60.1217107624555,28.6755048578125,93.4933418878765,50.8000519152883,68.0254978138906
310,59.7770787196863,66.6083065955858,57.5917314977106,33.3076311207498,91.2567704239806,41.1692973175612,68.7287353625294
311,60.1993980346346,65.5363876523343,64.0295845810828,26.7512316612539,94.9714638018234,41.8488380865224,68.0588824247906
312,57.5279023008895,63.5565417682392,54.2202594435327,28.9266116525343,89.7917993725827,41.0232279148245,67.6489736536234
313,60.8037811533705,66.9644116861836,56.59884308311,45.1008273073557,85.3157680500985,40.687890013873,70.1549467796023
314,62.585515421413,64.3797662371316,66.1936904175255,25.7409147333563,99.0180952688943,51.276811810568,68.9038140610023
315,61.5133564392944,66.9584290188256,60.7530759892057,35.5734679550227,89.770728032957,46.5707167863358,69.4537208534199
316,61.9179481582019,66.3707407060222,63.2118134581122,30.3418695374099,96.2403112985065,47.4930486703332,67.8499052788271
317,59.6358673017282,66.7244903845982,59.291062484239,33.2471981594606,87.6184936858414,41.5219342293951,69.4120248668351
318,59.2849285570621,67.0028893184317,58.6303349995531,34.6811814937586,81.2961851333897,43.7508470171387,70.3481333801006
319,59.7589960698313,66.6688205941872,56.1118153486276,39.1730777363464,93.1927319438596,34.9493746176961,68.4581561782713
320,60.6245250368484,67.8112890325511,59.6381164727444,35.3103939649326,88.9410879920908,42.0335739302524,70.0126888285192
321,59.9558747723085,66.7436868016248,56.5946735343868,38.4534675897605,87.9562735104003,41.2128986773565,68.774248520322
322,62.9493866378489,67.0752286166942,60.3354568346001,37.3771434078929,94.4726193589226,48.8673483070034,69.5685233019804
323,59.4090642309402,66.375482800321,63.2074834469679,30.9421023697286,88.6970738059601,38.3192756772367,68.912967285427
324,59.988779728142,64.544957442669,56.4825191165343,45.0348043700678,84.3664920640921,39.6169223441264,69.8869830313623
325,56.6871553775646,66.7025923536107,56.452593967434,27.7381047614165,84.6713806516863,39.4024819168989,65.155778614341
326,57.6702828943573,66.8697504214166,57.1209777741939,28.967436975113,87.2867102208055,41.6268092670571,64.1500127075575
327,59.5109281564311,66.0141868653046,50.1753813683783,37.6693738264853,92.849833225889,43.380834315807,66.9759593367224
328,58.1476803511036,66.7160719748611,59.9405251029543,27.7199317952159,82.8308879059756,43.7961045186142,67.8825608090001
329,55.3205290225382,67.0862537354433,50.7822805932265,35.6304736813106,70.8769001072901,40.7302826840685,66.8169833338901
330,54.0491797742243,66.4709288479945,40.6155660208843,39.7990902127523,78.0893980858706,32.4985838401229,66.8215116377211
331,60.9724181928617,66.6978277694872,57.2144145618471,33.7643778324195,97.2507729721923,42.3989448351641,68.50817118606
332,58.0847131887241,66.7577078623457,58.3951236379581,27.2656734702664,86.2753270521066,42.405455875718,67.4089912339496
333,58.0320314156067,67.112074948506,56.5408949900151,32.694894319235,80.9745856553648,43.00653465599,67.8632039245293
334,60.9894014607526,66.938664181155,63.7497795700438,28.3308866311815,93.6574558689646,44.3606777280457,68.8989447851248
335,55.9483257345357,66.780695819992,52.0399294936979,31.3250288492036,74.09162339638,41.1546317387396,70.2980451092012
336,59.4167746040179,66.713708361467,62.4530703030008,22.4811718142402,91.1389439412725,47.3795093779813,66.3342438261459
337,61.9411169052806,66.9467285997591,67.1460823852446,26.0329871831175,96.7266598398358,45.1868204342314,69.6074229894951
338,56.1564946705625,66.028558819948,45.6494003360338,38.2686488154265,79.0216072211138,40.6973032519128,67.2734495789402
339,58.9821599646372,66.7075825894261,63.3183850281693,23.1725221217286,90.064444672718,43.6173181276618,67.0127072481197
340,58.1894701594636,66.6942660916994,65.3445926538061,13.4264824002414,98.4448863295163,43.9697504414453,61.2568430400732
401,61.5519001996622,66.2798276834508,65.0990827930641,32.2627857519632,97.710452281712,37.7468048212378,70.2124478665454
402,59.0024758007891,66.6330173909003,64.1393391648894,26.0948671451838,99.0346138938475,27.0524002884173,71.0606169214962
403,60.2931441466015,63.7021974161014,63.1887266345272,26.8462202291273,98.1713702571618,41.2914442140412,68.5589061286504
404,60.7350677766181,66.2145495208832,63.5439015703248,27.5047548450805,95.5889738481916,43.0380970882191,68.5201297870092
405,59.6094165580853,66.3093856535813,61.3870103658823,27.6060591150401,96.2800291251479,39.0947816581719,66.9792334306882
406,60.0918070296745,67.1536199340898,61.3730908432765,24.1371143722592,95.6081519984181,44.0571275083361,68.221737521667
407,57.8719299649266,66.4900208577965,64.0076067017872,23.7684069228561,98.46763829545,27.8339878368871,66.6639191747826
408,55.7204507067906,56.4223531071826,74.1677624453848,15.3224928845472,94.8047760094897,30.0478671799917,63.5574526141472
409,63.581501782795,65.6305701570639,67.5835890023722,41.3107557565323,94.3394681432425,40.4065033522251,72.2181242853341
410,55.0502414032976,66.692490847116,50.2396020509696,27.6591858163404,78.5937760252842,42.0370645523927,65.079329127683
411,59.0688532226576,66.8984577566338,63.319759484405,22.8896444499057,97.617706405561,37.1625297919156,66.5250214475245
412,60.1854627784207,66.2482373881342,60.935974051674,32.1312060867307,98.3612841689805,36.0181532498026,67.4179217252024
413,61.5533245142099,64.554091866077,61.914754832488,29.7639617472718,97.2900007004559,48.9618033451228,66.8353345938438
414,58.7911059588521,65.1518663540624,61.0198301502016,27.348016446121,97.1671572962975,35.1819376048526,66.8778279015776
415,61.9489201929378,67.6391053375107,63.6498876905629,39.0706638352816,90.9663432954689,40.6202528533872,69.7472681454159
416,59.797349754593,59.8094722799031,63.819043051517,31.0787109695465,98.4030402003918,36.5712912790512,69.1025407471486
417,62.8620100540309,67.3157459171599,63.4373725211185,40.1352101618934,96.9621349652632,39.3255517167968,69.9960450419538
418,61.9321128137033,66.5024260568198,61.7924505592739,35.5471628969199,96.0743476446974,41.4710224937245,70.2052672307841
419,57.8248938932941,52.3630871409277,65.6799001661101,22.4137113373599,99.5936823316664,37.0997651434079,69.7992172402924
420,60.5009127964717,66.682277316012,63.1095817323661,29.0423838994895,98.0522016742596,38.2317854251352,67.8872467315674
421,59.3896861100251,62.0344749783512,64.029156938643,21.5647806177888,97.7393852527257,41.3501992986845,69.6201195739577
422,58.784421535095,65.3046306200635,59.4733300480251,27.4354240130474,95.5231763821623,37.6573494212808,67.3126187259909
423,59.425105552051,61.7485472175933,64.3940781231839,23.8695745816673,98.7695824682176,39.3604835880037,68.4083673336402
424,61.0514073209837,65.4725196245927,64.1358258866471,25.9139464763267,99.1926726656061,43.7256191536317,67.867860119098
425,60.2816691009159,66.4288181965118,63.424372577681,26.1970041743243,97.3872890743697,39.6505518171333,68.6019787654756
426,60.280446466127,66.5942268232261,60.7764121316659,32.9533886515311,97.5415974275292,35.1515027717433,68.6655509910665
427,59.1170012075991,63.2242087363433,55.1761929745696,31.6023491960187,94.9600407667542,42.3417975353786,67.3974180365304
428,58.9841190000952,66.5964408672896,61.799658607805,25.0759405784388,93.4086582186569,39.7604292805367,67.2635864478443
429,61.5840047142698,66.6952497476087,58.0064060800501,37.0527148083663,92.063526502388,50.6873438404317,64.998787306774
430,60.1638319380738,66.2678423774048,63.4893134283283,25.8353394166429,96.5074314454713,40.7376487956995,68.1454161648958
431,59.9767499993195,66.7057073571771,62.7057991318488,26.2276092392347,97.8519111997815,37.538484008175,68.8309890597
432,60.2612007904796,66.6573636846729,61.4354548688184,29.7823896694203,98.3886004396705,35.3265690850776,69.9768269952177
433,65.399397398791,66.6606180955028,65.8678588885448,29.5272652191092,98.8036663621203,67.6104837202278,63.9264921072414
434,60.4150807048668,65.2835995000788,57.6661587359261,39.1828158798519,93.6453471353222,38.089667527995,68.6228954500269
435,58.1726561009116,67.0199162204471,54.3846727443881,31.7824055135028,84.470714481889,42.2585441769064,69.1196834683364
436,58.8114380062842,67.0986658552625,55.868107297369,33.7566923979718,85.2283052227872,43.5417409019911,67.3751163623237
437,54.9083725096139,66.483970336836,62.7630538549472,15.7723062032871,97.8866988883152,22.5430092572513,64.0011965170466
501,53.4271083006534,66.5251772695288,49.8210782747292,39.5044289142468,73.1301634811423,24.52187492147,67.0599269428036
502,54.7157031842761,65.9035351673393,49.8983451652765,33.8630669727387,84.7458395190497,28.7382854877769,65.1451467934756
503,58.056909937017,66.6643092413733,63.4833440736915,23.9398295732623,97.9047585111256,31.9298060837757,64.4194121388739
504,57.5221256138256,67.0255183437046,50.3747891372897,30.412425600478,83.1554232039811,46.288327698632,67.8762696988679
505,52.1551520221605,66.2809313335924,28.9718593134366,42.2319188390288,66.8008876265067,42.231162280699,66.4141527396997
506,56.121016615083,67.6151783545493,45.5957720563511,33.4936701121496,83.0579195030276,42.6638217378411,64.2997379265793
507,51.5066355891643,66.9809519706684,48.8448743843442,29.5118305906158,79.7411595879882,21.2232129600301,62.7377840413393
508,50.4345378214608,67.5628502950878,35.5620511338136,45.4391185078746,69.1359413956309,20.9381847942345,63.9690808021233
509,54.4371444516339,66.9988189425837,54.1879539717139,32.6494531368902,86.4465701787342,22.6315553563244,63.7085151235571
510,53.7147506311264,66.9559715729615,53.1427235089947,38.2739937910566,77.0439784825438,19.8554364137431,67.0164000174589
511,56.8639622039114,67.5751576618657,52.643654712453,32.365657214667,82.6645704601139,43.4789661923356,62.4557669820333
512,57.5681614528662,62.5481929381846,60.2258468613192,22.8302398930421,95.7602650131006,39.9786287806723,64.0657952308782
513,55.3963622317241,66.832794608913,63.0983633689921,22.9956699683869,97.5721883138094,20.2559798637929,61.6231772664503
514,48.2421747882604,50.5071398569709,49.663150022479,22.6331240549452,83.7926991721409,20.0377632473079,62.8191723757183
515,52.2608620237849,66.8942737068026,49.8256971543633,28.7251394498025,84.3403077800267,21.7025609979223,62.0771930537918
516,52.1930071635192,66.8352653691872,43.4863585129322,17.6493009001412,78.0648991421767,46.6931549341965,60.4290641224812
601,52.3622571564319,65.0165377791541,47.7097523977876,24.7322028370475,70.6949812723914,41.3902965062219,64.6297721459886
602,48.5568112611268,66.6754943102963,49.4517077903996,18.9505867716927,49.4603637141809,44.0554400071298,62.7472749730615
603,58.106188912372,66.742158591099,60.317466874486,25.8436187878332,85.5845783403283,42.5572485049846,67.5920623755007
604,48.6381465917251,66.6861177816038,45.1648298081245,27.3432254365639,47.0607332177561,44.6733824359963,60.9005908703062
605,55.4050709952113,66.736815397094,56.4666175847236,20.2401410219847,82.3805520534417,41.9333360763259,64.6729638376979
606,57.8051940122274,66.6771102502928,61.0020555911202,26.9515915633933,83.004155948784,41.5474244194876,67.6488263002866
607,58.4588774126325,66.4766952370272,60.9302924049665,27.419432265904,88.2744312595427,40.9700273142735,66.6823859940814
608,53.0069686352174,66.6822648455275,50.3639202102717,25.93160453729,63.7936640347455,43.4316004015407,67.8387577819289
609,52.568609252503,66.7061064367817,47.890320099226,23.1398170701172,67.6902842646423,44.6313081204223,65.3538195238286
610,55.6241448915064,66.0091269719838,53.1526253524908,29.8986956131588,74.2253199593068,43.4200097895899,67.0390916625086
611,60.6032221702633,66.6584216427255,66.1478467200393,24.4980964535362,99.1137164414392,39.3768788838114,67.8243728800283
612,57.7333408290036,66.6773094723345,60.8990014752208,25.9412890157262,83.5509424468051,40.8068827042868,68.524619859648
613,59.4595271224451,66.6235504242297,64.4423578811268,23.2376698393807,93.9740728285637,41.6356291566302,66.8438826047398
614,55.8896585719156,68.8404622402026,49.4093117440837,34.1043778196486,74.4000479573342,41.799539782714,66.7842118875104
701,58.4504390374302,64.7882790201894,61.6501797312805,34.6008881806262,97.3607710220118,26.9459322827086,65.3565839877647
702,60.2867644975521,63.5902404778119,60.4101188352775,42.2599698567239,95.0968467517602,33.7439735580883,66.619437505651
703,61.1686045189924,66.7016225218385,59.383498237046,38.9428788890965,95.1879461872607,38.1818073125674,68.6138739661452
704,64.2161052785151,66.758269427146,63.2928330786621,36.3729383907079,96.4856656743713,52.3065950182642,70.0803300819393
705,53.9824824086142,59.7309792504031,57.0943862791261,28.6715457059738,95.9761030201617,23.9450374638642,58.4768427321564
706,61.7770073641711,66.7153424780929,64.0109564074005,32.6455465715449,97.4696191703732,42.0683511622369,67.7522283953781
707,62.4555003662593,64.6022124288174,64.4684824461403,29.4552385360635,98.6180371384434,49.5819938964267,68.0070377516645
708,61.0905009874174,66.8879026794186,65.6576820461433,31.3890294058032,99.1035320004192,36.2000068433493,67.304852949371
709,54.9406041067073,61.7511771544813,54.3846217907148,32.9218735280628,96.4428030758277,24.3207433530036,59.8224057381536
710,63.590894932664,67.4219501793145,66.4225939244237,46.1690920598314,92.7221935325584,39.7391334873512,69.0704064125048
711,61.1015642325683,63.5501803031677,60.6473272478886,41.4193332161671,96.1115054062523,38.1355161915421,66.7455230303918
712,62.2923631872397,66.8255212009419,61.6154258744339,38.6743032156783,96.1017560698543,41.6754814752742,68.8616912872558
713,64.4483387408398,65.7263463385127,68.3263605434023,52.6110060236318,94.1242829559413,37.4604890298237,68.4415475537272
714,57.801456184911,41.9965035129132,87.8158348650249,29.088236787054,94.7881477225367,29.7803352604879,63.3396789614492
715,61.5052798544271,66.6419461849777,64.4419476017637,31.4093965812463,97.9017735489608,40.183870345121,68.4527448644931
716,60.3416916676331,66.7536687081128,60.2644518398561,40.3124764937268,95.2494810039174,30.7467079841792,68.7233639760062
717,56.4941545110997,64.1261649603017,60.1088287582214,26.0409715889589,96.4482848783838,28.3031716527347,63.9375052279972
718,61.1110366970439,66.4920404016354,62.5691911307695,32.5598038336084,97.2327069632643,40.2078410644365,67.6046367885493
719,61.0118011405532,65.6026008484536,61.2301167505012,37.1808445311863,96.9795530587862,37.9576109295048,67.1200807248868
720,63.4316390531449,66.5009508949463,63.1896354241086,37.1740708549901,97.1581478898656,47.3890211068935,69.178008148065
721,62.3626335157144,67.0492929747258,58.7332813158975,38.3660684044444,95.5168904255552,46.6975610655319,67.8127069081318
722,61.7902776693928,65.1495550418289,64.793401024892,38.7837047625674,96.1015070721019,38.3001515258954,67.6133465890712
801,59.702184761349,66.7593567830886,62.7684007511808,21.6420518835757,93.6478905780942,44.7760868660728,68.6193217060819
802,61.695661015122,65.7137933675719,66.965460622392,34.2642698887158,93.0219581568311,40.74063876935,69.4678452858712
803,60.6176294174796,66.8319889825048,63.9260463140497,27.1881078570971,92.6100831445501,42.696436530336,70.4531136763401
804,58.909717493282,66.7331411678527,63.8162743305278,21.5563399083566,92.7623114930887,42.9190035356612,65.671234524205
805,57.5732536337339,67.2137288585583,55.3282786526443,30.4431657231921,80.6283048405575,43.1100474944175,68.7159962330335
806,59.1667343372318,67.0584614899094,63.5072128848647,29.6550397723324,86.9493191363604,38.991174641427,68.8391980984971
807,59.6325810046202,66.5189085378141,56.1975115406267,29.980821184818,83.7623031831378,52.0841654536128,69.251776127712
808,61.4138688128676,67.1605359363098,63.3318588852196,35.9907755947717,90.1431770685299,41.0022157175139,70.8546496748606
809,60.6463906649049,67.054806626047,54.551419081066,34.7652726121579,84.1816499143494,53.8205631199589,69.5046326358506
810,60.8651721923918,66.8763629559513,64.578864194034,31.386510017397,90.7145338932746,42.2564804117981,69.3782816818957
811,58.1218968396657,67.3972426380357,51.9770295423802,35.0329942983296,83.8761970120595,42.4327659494942,68.0151515976947
812,57.5090834175058,64.1812121324453,60.7436483345407,28.6608516844067,88.6188332075549,34.4899413505548,68.3600137955326
813,55.7487382249667,66.8630497471222,50.4659311457641,39.9855668774908,64.4735696139357,44.2631944293862,68.4411175361012
814,57.4446284748958,66.4101388462466,61.1321197220662,14.2116256090136,94.5916172103446,41.2810141698229,67.0412552918807
815,60.3648300267036,65.9203736406109,64.8631328715298,34.1811087786581,88.1229772303103,39.9928809238367,69.1085067152761
816,60.265827267854,66.6845725839433,63.4422011209173,29.6451621178529,91.4360297313197,41.3525644803033,69.0344335727874
817,55.7881245355526,67.0102996110613,50.8364142597877,36.6031650402085,74.2127161780418,39.0920031871106,66.9741489371054
818,61.0051963836174,68.022990810467,59.5682021150429,41.5810739430073,85.7405984892872,39.2746060833375,71.8437068605624
819,61.5027783477293,66.6997395210544,63.8549617740578,35.2780296588358,93.0602115411812,40.1875122800143,69.9362153112322
820,61.6991379397786,66.0188470124521,60.9575516444833,36.1377599487559,91.5475657181094,47.0978032929197,68.4353000219511
821,58.8623369925859,61.6994370094403,64.929117102302,22.657936147781,97.6767639035401,38.204286376393,68.006481416059
822,61.3206040144948,63.9457584266375,79.8139452267489,25.4755189862824,97.5283380925774,33.8047522264699,67.3553111282528
823,61.0354297947276,66.437546835521,65.4202140684924,25.9552473239174,98.3527116611377,41.4225482339796,68.6243106453175
824,60.9000193058128,66.7366452636963,62.9849833197043,28.3071962990482,95.0082982606732,42.4666168541393,69.8963758376158
901,58.3370546924855,63.1390284945376,54.5618282750062,44.059528295483,92.4960874295774,31.6687220450445,64.0971336152644
902,59.344634306768,66.588966917062,63.8650660384475,27.6809761291872,98.5073279664205,34.6630274121074,64.7624413773836
903,57.0074239884913,66.2916082151144,65.7044966175987,28.7449989867253,97.4444141510546,20.3831072749998,63.4759186854553
904,58.9877561585198,65.121144246734,61.9418446693916,32.3882481305455,96.9595573042476,33.7434029716311,63.7723396285688
905,63.8988508626248,60.3184696508562,65.0225806608698,71.8604651162791,96.2216801009583,25.5635054693371,64.4064041774486
906,60.76482616997,55.249448959225,71.2790633263435,49.5128676719627,95.0445277946202,28.2647668677507,65.2382823999179
907,59.3104455263103,65.5127032212469,59.412039545544,34.7155718654304,97.1477717524418,34.6831672891969,64.3914194840016
908,59.1615809300166,63.9751901068934,70.7714745806503,29.1557586881789,96.9028990027086,32.6889447550553,61.4752184466128
909,61.2216413112218,65.0136085055102,63.8069827403295,38.8982039018069,94.8062259940862,38.1542244312594,66.6506022943386
910,54.7798342841133,56.7712403073343,67.3077132212575,32.0116358401969,96.1379344509557,17.9988022403233,58.4516796446118
911,58.1539151108758,65.3872966426636,64.787649557995,33.7323447201505,97.6417885155378,23.2753839604381,64.0990272684697
912,56.3216052333388,64.9879619233757,64.1113941528204,33.8039424369857,96.4673251546993,17.6883470586429,60.8706606735087
1001,58.7868405913283,66.3897338762387,56.4486140677759,32.6508076341296,83.1876619614287,43.8604742506801,70.183751757717
1002,60.3703538772656,66.6335643974502,61.2135096086932,27.5560950324121,91.2917864115902,44.9084461389661,70.618721674482
1003,60.8850408706468,66.6642519354461,66.2286771910108,18.8413968287129,99.3000486671746,45.5768688507973,68.699001750739
1004,63.3243409387469,66.6483962740811,69.0402515953697,25.3918942106669,99.3666532643215,47.6619875623268,71.8368627257152
1005,60.1847463003146,66.6062913521673,61.384082403724,30.143098463534,92.4812192564126,40.5324240550988,69.9613622709506
1006,60.1574758577478,65.9882565964525,60.3967100598496,31.1609910551133,88.9070078615732,43.8633449660269,70.6285446074715
1007,58.970392628675,66.7470791054806,61.2789067607535,28.3227715358173,85.6321140254046,42.5188835371971,69.3226008073966
1008,60.3170672159838,66.8679103651814,63.1565048493555,28.6201059918869,91.5857864843093,43.6591006201811,68.0129949849887
1009,58.5267003117665,62.5768781200928,71.3097242345235,25.5432699334475,92.5319079693684,32.4396368119516,66.7587848012151
1010,60.1593260954787,66.7822010979642,60.4733671617598,30.3407797101902,89.8784549579637,43.7956939697248,69.6854596752694
1011,61.4136446412993,66.646621821239,65.749685383368,19.8117617841377,98.7493177813559,48.164974456101,69.3595066215945
1012,58.5443131866142,66.0258096861012,61.3045744502536,27.0249143779017,86.0330259125521,40.6740646488563,70.2034900440204
1013,59.7104851715293,66.5500781742847,64.8413253891443,24.7529489186604,89.3081898678864,42.9283250219492,69.8820436572508
1014,60.4414697484969,66.5128492228026,54.5374989721417,36.6735505295906,79.24277571013,55.0427250259345,70.6394190303821
1015,58.4084469935869,66.4908144105319,50.2765692565952,34.6252961004747,83.6396133486831,45.593392977565,69.8249958676713
1016,55.8722775653346,65.9962460099506,45.9614602176506,40.1825423327426,68.1872165251245,45.0751652500795,69.8310350564602
1017,60.5311177005464,66.7379739465064,62.1717231350536,39.2174400761768,85.6158161090812,40.1287324327777,69.3150205036827
1018,57.0368271593506,66.2676676862908,55.6343510908192,37.9398432698618,74.5620115560828,39.4445831248107,68.3725062282385
1019,60.8234288835317,66.0938780577253,63.1292550699894,28.0711528532134,93.6977210463754,44.3478642260348,69.6007020478518
1020,61.6159652898096,66.6533765617536,65.3770590005438,23.7219330614269,98.4126647791014,45.1792452708395,70.3515130651921
1021,60.0483586229443,64.3471942393061,58.4421619158558,38.8418174298717,85.6579867007945,42.9563873820288,70.0446040698088
1022,60.8011258055966,66.29359695943,62.4949685907171,35.4951247487112,85.2770132688405,44.4578028445735,70.7882484213075
1023,62.8019831654492,66.6671151532762,66.0956658839992,23.0486985024319,98.7801020373866,53.0967050765429,69.1236123390586
1024,58.9000319561434,66.8555716342428,58.9322599940553,32.3061518205939,84.2061510080133,43.0311155093107,68.0689417706446
1025,60.7569080550083,66.3177283694079,60.5636524950718,30.2660859069333,93.0329998457006,44.487797811695,69.8731839012411
1026,60.2827414573904,66.7471716111831,61.1637325549489,33.6323909812114,87.5641926685688,45.5985298985416,66.9904310298885
1101,59.004785764436,66.0358739610306,57.8211229112307,35.7348835509516,84.5336009558051,40.7791794646719,69.1240537429261
1102,63.9521788494831,67.3296881765215,68.6117013111922,39.5341704015698,94.4279748534285,45.2865186822068,68.5230196719797
1103,62.4541813375338,66.8350861502147,62.6924083190355,39.898854782318,92.9809022208473,41.0888198761628,71.2290166766247
1104,59.6069221740316,67.1376372791134,64.3216823798364,34.8830375253005,84.2842537611952,39.6101651855491,67.4047569131949
1105,58.1956559750218,65.6572910242566,61.2761256403302,47.9931769286907,64.1344698538155,40.4753299685962,69.6375424344413
1106,61.4030765324502,66.457051807326,62.4045082415934,34.4555359875569,89.8171743872011,45.7531119786453,69.5310767923788
1107,63.251314053532,67.4280856153199,66.2175599452702,35.9586047297347,95.1748581207614,45.5924910931228,69.1362848169827
1108,62.4885012719651,67.2385761856466,66.1376126411858,36.8304790026297,96.6264846899434,38.9080170406399,69.1898380717454
1111,60.576431576127,55.4195897228399,87.2782240090273,29.955931915137,94.1934794511975,31.3865448714841,65.2248194870765
1112,61.7567767425732,66.5262108312795,62.884988016711,31.7020210049298,92.8318010468922,47.2599457649862,69.3356937906406
1113,63.108040134313,69.384085894273,61.1047912305796,40.9909561154175,91.8505150375163,46.398438000874,68.9194545272176
1114,65.8269877115132,66.67652190176,76.255658511706,51.143933286564,86.065720528859,46.4537923359111,68.3662997042794
1201,57.560732244911,65.9606295038535,55.2302840672352,41.4670813374583,78.6159564314903,38.5480481128318,65.5423940165972
1202,62.3836524991589,67.3793082967812,65.2970506108455,29.1869793395473,92.3966843327069,50.9162967036563,69.1255957114164
1203,59.7474229656579,66.5638326542383,64.8495172615243,25.7520244800006,94.1659565334623,40.2921243362658,66.8610825284563
1204,60.02625922865,65.6960140308705,57.8547850861455,41.2992918155221,83.4253916939203,42.2380801207067,69.6439926247346
1205,60.793055771056,62.7861007443927,62.6452273161944,43.4099821484977,83.0590525391607,43.6864487436056,69.1715231344851
1206,57.9682361513625,66.6956835012486,54.6707684287264,37.7537340255223,81.413454545303,40.163594421466,67.1121819859088
1207,58.1252177706202,62.7325806604118,64.9122859579,35.0438910922718,89.4715530440328,29.7873484886233,66.8036473804814
1208,58.4245731969285,66.451874741617,59.1010016058646,31.6630910198413,90.1543494017132,35.3968178416558,67.7803045708792
1209,60.2038263631919,65.6725044245072,59.6453957432433,43.352511249769,81.3452439762513,40.8614106476275,70.3458921377532
1210,62.7637875166052,65.791867434029,64.3668561814206,38.8616310588305,90.8479575664126,47.4419481978911,69.2724646610475
1211,60.200408815785,65.7911086604373,66.137661679646,31.1962320471866,92.212128560918,37.3065397819322,68.5587821645899
1212,60.6897012755035,66.7779321899377,63.4733423152107,31.4945606286075,91.4275480696865,42.8361572135602,68.1286672360183
1213,59.6004023204389,65.7771292277078,71.0349911615842,37.6273022651916,80.1887946740885,33.184232160086,69.7899644339751
1214,58.2000761946791,73.4425174956706,65.5673924375227,26.1760523950468,84.5732930708966,40.5179235801141,58.9232781888236
1215,59.0847541920962,65.4535370478138,59.6627106676864,38.8332993501022,85.5039143281036,38.3383931104554,66.716670648416
1216,55.3372373531735,64.3551098496194,55.6118958145953,41.6055762212008,75.4595173844969,33.6491815278549,61.3421433212738
1217,62.0613613501154,76.3729479694279,61.8992639534225,40.9535514887215,82.1304373816893,43.2660457768578,67.7459215305735
1218,61.6285852932061,66.345625121869,59.9169798414065,41.8582496121869,85.2728066051125,47.8710354186657,68.506815159996
1219,59.0252677104551,65.2460181511096,57.9691255863033,39.0927770964757,83.3498071566518,41.0046136931503,67.4892645790397
1220,57.9450172240781,66.2815985256773,61.2909050250869,36.1908491958824,86.2673526813949,32.596537793219,65.0428601232081
1221,60.2974122463377,65.3403290492268,53.2839139127613,41.8828552873411,83.0123515990841,48.8178509146432,69.4471727149695
1222,61.1643686318411,65.5327782625739,60.9417338027661,40.1068463677979,85.9051215423024,46.0911526465816,68.4085791690251
1223,57.8149982737096,66.0785365915667,56.9530604089784,35.4898267300975,84.8516805556544,35.9610142078559,67.5558711481045
1224,58.3754027759205,66.373853660376,58.2114271675948,28.7676325068074,90.9305768774476,39.504090951827,66.46483549147
1225,59.484565665301,61.8846832094931,60.3556127633314,44.7740550476842,81.4755198427271,38.9747370085358,69.4427861200344
1301,60.4943503152888,66.6925610333549,65.4521205001834,26.5625494926842,99.4259394319357,38.9811104832612,65.8518209503131
1302,59.8651246999828,66.911666640817,56.2967423659819,40.007520705879,86.3391445977577,39.8928662782489,69.7428076112124
1303,57.5327642096591,63.4789311238215,51.7368879300609,31.540823948562,96.6650011610398,38.5540187273336,63.220922367137
1304,59.2628596817848,66.7053298892871,64.2640448455568,35.2971683531038,88.9914626654557,31.458385097417,68.8607672398887
1305,60.6248365005092,66.7160908050813,60.9598542004167,34.7788403605843,97.9404642562047,36.3228585873209,67.0309107934472
1306,57.5881973536496,67.0769368034521,55.5203397263016,36.4602311875652,97.3641443218202,22.7799445355428,66.3275875472156
1307,57.5726678574053,66.7159262960179,60.28734324883,31.3566431090913,93.752809272139,27.7488877517153,65.5743974666387
1308,58.2919459373194,67.0182894146776,62.2473515138463,29.9081275323998,96.9989399801676,25.5448617887698,68.034105394055
1309,59.6802528134461,67.133766609909,57.6452482431195,35.8346083371715,88.1519457527367,41.4705604353963,67.8453875023436
1310,60.3102654719624,66.7894843508431,60.4894966015304,32.8756266468462,96.3899640871207,40.7109373905055,64.6060837549282
1311,60.2063056742474,67.1626429063132,59.5574400896483,31.3955252135425,96.8212839540512,39.5125893846782,66.7883524972513
1312,59.3308161582793,66.8152934988184,60.5173997827519,32.5227332607102,88.8195599885936,39.8391753234512,67.4707350953506
1313,61.0048485578921,66.7800567247686,62.177383696581,35.3318601633998,95.8647821462541,38.6272832448167,67.2477253715323
1314,57.1494778643018,66.7639834316417,54.4629760918747,32.0001563581515,83.0788811537682,40.3257308219351,66.2651393284396
1315,58.5100763693125,66.2351458044738,56.6597394813744,35.7878533902574,85.5367876320486,42.4598621045486,64.381069803172
1316,60.0813501823428,68.30368412634,59.752117867687,35.3816802202963,89.2882308505107,39.185962081744,68.5764259474787
1317,61.0708952335595,66.8264212201902,70.0968418406868,33.8565329274733,89.4720078328757,39.6337994711596,66.5397681089712
1318,61.6596064479047,67.3083220450043,66.5439036828644,33.3418511094828,91.9139486902647,40.7288317445615,70.1207814152505
1319,57.6199900663079,67.6664251767996,53.6698851817401,39.2051815325019,83.8772376589988,32.2953729200974,69.0058379277096
1320,60.6579212983022,66.7017409971184,65.3886028497883,26.4544951750489,99.3402307094099,42.8536626335393,63.2087954249083
1321,56.0351426056842,66.4538495167598,56.2218311549701,25.1827889047404,84.3754220685528,37.7901416552992,66.1868223337827
1322,58.0530006948666,54.9072731527337,62.3957906206633,28.2741168910102,92.6734670205418,43.5956523565915,66.4717041276589
1323,59.8844668417966,67.1072680639639,63.3588718008237,32.359265232919,98.0705890107387,29.5665654246601,68.8442415176743
1324,57.873978793929,66.6776421837464,65.9193512959468,26.1138980200578,99.5721741750279,31.4219216538475,57.5388854349476
1325,58.6864982382668,64.139408917049,50.2793366841052,40.4545976562436,92.8241142826523,39.1862526082521,65.2352792812984
1326,59.2036928633647,68.712064494753,54.1717552454806,39.9486990213203,84.7084088855061,37.1802579370266,70.5009715961017
1327,59.6930898068928,66.4285400964044,53.1019792438875,42.0559376978594,93.3647008601174,34.7170485215492,68.4903324215387
1328,60.6787766989918,68.0830520970119,56.619108238166,42.7513048966924,83.5594103933497,42.0803256169006,70.9794589518302
1329,60.0195632372297,67.4677707754034,62.6055405438783,31.6331170704537,92.0953477128545,37.9045188870776,68.4110844337108
1330,60.6784732086,66.1139742814802,63.6915037594585,39.0384345537961,87.1066292291643,39.4957765788367,68.624520848864
1331,60.1943808015199,68.2150524131957,55.710541582672,46.4372656751473,78.2890333480306,38.995530269886,73.5188615201876
1332,60.6836531963214,67.0413839600965,65.962883568121,32.9561346533561,86.7161390733744,41.4594000433505,69.9659778796299
1333,59.4093679889408,66.8062561996017,59.556487205669,33.5651660204839,92.6684737069568,39.0919930134506,64.7678317874825
1334,59.8288468442836,67.0538757527064,53.3112700308725,36.9871944257255,95.6785411423816,38.3511898034458,67.5910099105698
1335,58.4724740766255,65.8888241854411,61.5757690105229,22.9393498854591,98.8198494336998,35.9831882375679,65.6278637070624
1336,59.0938440292063,66.9153642881424,62.3823683621556,32.0903966407921,96.3127618246253,30.0226341540961,66.8395389054265
1337,61.0739283316684,67.9504045333559,55.134979840454,39.2224960738897,95.3813076574252,39.9889962669643,68.7653856179212
1338,60.214685685887,66.7273368687169,61.8241939448221,27.0865168319324,97.0952456920798,40.4654130694345,68.0894077083365
1339,57.5895888130903,66.1655535028073,61.3752215251031,33.2678318540966,90.701625971393,26.1994261872092,67.8278738379323
1340,60.7964339482866,65.4635605883533,61.5506632160503,34.2663484136848,96.743421076639,39.6749445612841,67.0796658337082
1341,60.8781733412934,66.6764581335791,64.3969883879692,24.7508793467464,96.5835289008815,42.7356413632645,70.1255439153196
1342,59.8620047444336,67.0202322803366,57.578344353384,43.2774183498611,91.3963363672973,32.4327818035557,67.4669153121672
1343,58.904385647988,66.6331671032122,64.1215211737434,24.4367602968965,94.0072942961462,38.704421500249,65.5231495176809
1344,60.2516816621877,66.7898171604928,61.3535504007409,34.4316439033566,96.3198171192502,36.027197260737,66.5880641285485
1345,59.0347893068212,66.5895759319334,63.0304610933789,33.5638057404467,98.2215188599915,26.8720275016035,65.9313467135728
1346,57.5499311565362,66.6790829084542,66.4014856934037,16.9253216394605,99.8946100498609,28.1244795181085,67.2746071299294
1347,59.7216490045438,66.5434816612109,55.0720520419078,36.9716168571371,97.0422272877408,36.4743503734075,66.2261658058587
1348,58.5850889432075,63.6952406923394,58.9681315293379,33.2821737757931,96.4957542100001,37.0323608985515,62.036872553223
1349,61.433941349053,67.0783861782211,60.6461512882139,35.2600947560683,96.0409828411727,40.9133081210136,68.6647249096286
1350,59.0902796648131,66.2794404981853,61.8062905565852,24.433956458956,91.0404771870283,44.638441522712,66.3430717654118
1351,60.0772354476568,66.8353972607842,60.1139238163024,29.854307461707,89.1598983156542,44.6274256414728,69.8724601900202
1352,61.7355824374486,68.317902418845,59.7974181207654,33.0988823496967,95.6245544231646,44.5316020310786,69.0431352811415
1353,60.0943339106636,66.806921886528,62.1428822312892,29.0631741256438,97.4098585502928,38.4721216493149,66.6710450209129
1401,60.1182032742908,64.9277085894146,61.0802683750339,33.0370075799993,92.2683134167674,39.6165609880583,69.7793606964712
1402,61.2398085377652,66.4185463906527,63.9429643686242,28.458017352974,95.0367738455949,44.981196023881,68.6013532448645
1403,59.3533152037289,65.763569470102,59.2112194704305,36.1395414621125,86.8633900621721,39.6018561533437,68.5403146042128
1404,61.4268199605639,64.4076212341864,61.3785037711273,37.4673991323785,94.0579448370671,41.2894920199372,69.9599587686871
1405,62.1108471233283,66.4393845668276,61.8201846551619,39.6337458795786,89.6076618217414,44.5400632838871,70.6240425327734
1406,55.5316582226606,66.8084671061908,42.7185052179005,44.6803879796424,73.5836891120024,39.2534346634986,66.145465256729
1407,61.2634665470984,66.5502252288743,61.9698925546439,30.2771813892805,94.8062195218065,44.55107544139,69.4262051465954
1408,62.2927799349279,65.3268706202937,68.8771880827178,36.0048292532189,89.9833338722368,44.037600198803,69.5268575822974
1409,58.5918445178574,65.7972212405474,63.1948022364132,28.0713516554522,89.9459465775385,39.0536991095855,65.4880462876074
1410,61.5848191867077,65.8573494302251,68.8125416408976,28.8343884239085,95.0498963124319,43.4138118116172,67.5409275011658
1411,61.3120432511787,66.3638758808568,63.3971130773342,34.4136003013863,93.551849505327,42.4477307856761,67.6980899564918
1412,61.0300184208672,65.8206278716877,63.9552605317959,36.0904021817556,88.9939646848029,43.7749271030341,67.544928152127
1413,61.7121260330899,66.8204157827489,65.5414611668823,30.8487006348443,93.4679338790571,44.1375228147554,69.4567219202514
1414,58.183595655164,66.3277613249198,57.1116732585225,35.9344722775837,75.0909182136198,45.3141857999008,69.3225630564373
1415,59.8685106602039,65.856097528426,60.2496326395713,35.0920391852527,85.5848653710172,43.9188808041885,68.5095484327676
1416,61.269624775588,66.0695231405649,62.0134887870028,32.615151019227,95.6870827773903,42.8783777797794,68.3541251495637
1417,61.9916523362616,65.056854793048,65.0628452991701,41.3073358075689,88.284734047225,41.778951563934,70.4591925066236
1418,59.4588195332414,66.7184102413633,54.6233332581917,42.7102856087476,80.276487010855,42.3443056579138,70.080095422377
1419,61.9670176102946,67.0042637004634,63.091189509147,31.7678113397016,93.7553848327731,45.3832400772104,70.8002162024722
1420,60.2853740270081,66.4776396887383,64.2600893240267,31.0790723594526,89.2614852375588,43.1485419402486,67.4854156120238
1421,60.9400215025998,66.3590572073671,57.1016334559235,40.2399975228032,87.5081006968847,44.7830504595098,69.6482896731104
1422,61.5551738117233,66.4606360161947,63.1563278656595,38.3132244546968,89.5177459281791,42.5465962485292,69.3365123570807
1423,60.9160515605042,65.3639528762648,64.5097628098192,37.7799056370762,88.83511834902,41.1033717704027,67.9041979204421
1424,63.0264078192391,64.5102913028568,79.0382917325569,43.4668337979585,87.0040698053652,35.6411583028157,68.4978019738814
1425,62.1095157792767,66.5352156312551,64.7021329756306,32.7063739171692,94.0755436729442,45.073591684121,69.5642367945403
1426,59.8613804902051,66.449210953959,64.4270474604393,31.6570169718376,90.0206553240552,38.732404398551,67.8819478323883
1427,59.9712639831666,65.0136893440852,60.2305389316112,33.6042414861948,84.7771690155342,47.3236208774574,68.8783242441169
1428,60.8097073705611,66.4179375275295,65.6542604593079,29.4511979509824,92.9680219505931,42.3874310721438,67.97939526281
1429,61.2081040441185,63.2537685144979,65.946265364353,43.6222542868585,83.3756193548292,40.8696143068558,70.1811024373166
1430,60.9288505281389,65.4213989834728,59.5620820226293,36.953593882094,89.1836591242599,43.1765180492031,71.2758511071746
1431,61.4332366242704,65.9233335125626,63.4598534909052,35.8068978103012,92.2813778198462,43.377326747875,67.7506303641325
1432,61.6024069665482,65.9004670073935,64.5909356108425,41.946508280001,83.706762188192,42.9376086748111,70.5321600380491
1433,61.0361754519818,62.5600701880093,64.8347886874881,29.6879950845766,98.8007029359101,42.9644313916271,67.3690644242798
1434,61.1387096942019,66.1361555941483,66.0902721906569,29.7130280473526,94.4483839934338,41.5094672973854,68.9349510422345
1435,60.0986485289214,65.6233333881346,63.7178486107334,36.6103473908934,82.1318822825933,43.4838913886665,69.024588112507
1436,60.1573573259442,64.4202481557933,61.8866036109269,34.0115424934317,87.6858526989774,43.6330011584967,69.3068958380389
1437,57.8196335242119,66.3224195756364,63.9271625986804,22.9107886629327,90.8219243609512,37.4867162723609,65.4487896747099
1438,57.5984683230156,66.4377245213079,47.3506390637816,41.5368708152209,75.8034255656064,44.2471601019356,70.2149898702411
1439,60.5124107103669,66.1083626831446,67.00346787737,23.3580261901535,93.7725285575555,45.9840429028319,66.8480360511459
1501,60.280797091444,66.6743802912763,64.2886856094036,30.0897321718291,96.3179271358551,37.7705384192584,66.5435189210415
1502,59.3407909298201,66.7367962076414,61.6248809040671,31.12513092914,95.8798760896449,35.6107104387685,65.0673510096587
1503,56.824159202919,65.3939191140729,59.3517906724849,30.9021511042142,90.4549011122459,30.1125544074902,64.7296388070061
1504,55.4561830348265,66.5655737582134,49.2120007797392,35.41749745869,81.8030519112312,32.688303877124,67.0506704239613
1505,55.2860852650188,66.3728428453807,46.6579301067278,33.9404597220628,79.0976695316549,37.3998358844099,68.247773499877
1506,56.146997758611,67.4853718184414,39.570270815138,47.8390587709549,76.6590686317552,35.0175585828301,70.3106579325464
1507,55.8026791983871,67.1436793144291,44.0016824092198,41.5251376670189,78.8030800269836,33.8239257766118,69.5185699960594
1508,60.1577788658633,66.8366344418417,78.253481090889,28.7376535184652,87.5655651502469,37.5105063122385,62.0428326814984
1509,57.2543582000297,66.6772971916851,64.5130398838278,24.6289313221099,96.6909056214612,32.3559318990001,58.660043282094
1510,58.4155690149593,66.8406030711749,57.3362361224331,32.0767830835815,90.5033090833498,38.1143497562738,65.6221329729425
1511,57.8094051326405,67.9331857149927,50.4868257633964,37.2069952627142,79.9671381571028,41.692219978513,69.570065919124
1512,55.0104303827991,68.0054320268605,42.0871872627264,35.7911186015816,74.2216799182686,41.1796816873569,68.7774828000003
1513,58.3455660441608,66.648336697405,63.2720006277073,25.4143312585448,88.3851574849651,39.9659907823123,66.3875794140306
1514,53.1125828849162,67.1889635920943,47.7816677046205,25.6082926733677,80.0623361231496,34.329777571034,63.7044596452309
1515,58.1794717216888,66.7079370108266,60.4550604037506,29.2457549062324,95.9337625217704,31.0989847079427,65.6353307796099
1516,50.7257713584745,66.8875188795809,43.3645094143447,32.7095182084944,67.9119251218087,26.2432978297994,67.2378586968188
1517,53.0959319098567,66.7150170051844,54.0280943781383,32.6115220675825,76.6513557485372,27.6675473699268,60.9020548897711
1518,51.5673884374358,65.1845017785826,42.1884250286276,36.4462551100791,65.245385467369,32.6911793564857,67.6485838834708
1519,58.6956907692909,66.7250025012539,63.0571520525766,32.4529696251792,95.2896521920719,29.82233444573,64.8270337989339
1520,56.4645321958005,66.9276639432641,54.1746217712521,26.1798233553226,87.9603016257343,37.2033038609713,66.3414786182586
1521,55.5768805670085,66.6547735633403,56.3722068541555,23.4945524300327,86.8994581658169,37.3908303347344,62.6494620539711
1522,56.8074632754274,61.7186361745053,56.2048689865192,34.0477101325026,89.7079616880631,32.0764970547225,67.0891056162517
1523,57.8876366584099,66.5800730811369,55.5373650740823,28.9399212307364,85.8416757994304,40.6793130563618,69.7474717087115
1524,58.6239219939828,66.6647022914222,52.6111724155236,40.081969662309,87.3946356455039,36.2586418710411,68.7324100780974
1525,59.2089802353692,67.3861475886436,58.5039684708354,32.8369265387798,95.3927407900849,33.2583981023221,67.8756999215495
1526,52.0686554146384,50.3608113341402,61.3448300692011,14.037970458792,96.5751025155942,27.4120777766911,62.6811403334118
1527,52.5745939168046,66.7729143106735,50.9732474137007,32.9040545470659,89.8695238896462,13.158536601791,61.7692867379506
1528,54.9274211089574,66.883809417139,60.0624979789494,28.8587363001777,92.7353364503234,18.1430011590337,62.8811453481214
1529,56.6362001776741,66.7628872220024,61.9206250074405,19.1839427039308,95.1567376616829,29.7520228337704,67.0409856372174
1530,54.1310478131406,67.5028832652413,33.2530561853717,38.7386726423626,75.7594586032233,43.3190679576867,66.2131482249582
1531,56.1795798167303,66.8774231199226,58.250948161175,30.3499729817187,90.4698400970902,27.2795735675259,63.8497209729497
1532,56.7745544630589,66.6643733310841,54.725119410396,29.719225107357,86.4740352370808,38.1048424961756,64.95973119626
1533,52.2308005472273,67.033006034924,41.9100574642513,32.1816812591714,72.7837995701469,34.5052628502188,64.9709961046512
1601,60.3215986853597,65.5790308928609,63.3658223046094,26.5939005695684,93.4059575334519,45.2259332842807,67.7589475273869
1602,60.6091020273215,63.1424506730513,66.9856730090003,36.9280877724703,96.5086016919562,34.1779173507116,65.9118816667394
1603,58.4631319985614,66.4812921729248,66.3624470360647,20.5323435948916,98.4103990754275,33.2945600739573,65.6977500381028
1604,61.2005718724646,66.7448182381363,65.5016823278216,32.856045351578,97.8184631587522,36.8527868035128,67.4296353549867
1605,60.5665297004413,64.8889529561992,64.9836469290457,29.0469009614669,97.4861740389059,37.6338808067631,69.3596225102667
1606,61.8205503636941,66.4473944130552,65.673477239328,30.506916938877,97.2683483169496,43.494824852336,67.532340421619
1607,54.3214347556131,63.3578939808456,61.4137905813085,19.0964586475712,96.3335970217992,27.5066599278096,58.2202083743447
1608,55.1663107103287,53.3455495900175,74.4422156778516,23.8597485743372,95.4146754742382,28.4232572791736,55.5124176663539
1609,61.6982459304631,65.1347817111553,65.1538292846408,32.6275311353059,95.838731351096,43.0657166920425,68.3688854085382
1610,55.833365069067,66.4040509113844,66.0929466926872,16.6691806659596,98.466779474622,23.7067949286018,63.6604377411466
1611,60.3752256817676,66.1330989096779,60.8491857212426,35.0911596596824,80.9705951304568,50.8697412807238,68.3375733888222
1612,60.4592899873759,64.981434581674,63.5194971665843,30.2017117314013,95.0742853505066,41.2255386691085,67.7532724249808
1613,61.3261171931759,66.2710958382169,60.3320409008626,34.1635353494853,91.8861654132938,48.1009888051517,67.2028768520453
1614,65.0180848094947,64.5460875050249,74.7506935996591,47.1867804815986,89.5184677840339,43.2720079886958,70.8344714979559
1615,57.2984644759786,66.0326403625806,58.4017488238338,36.2822126886884,67.345502486438,46.0744925874317,69.6541899068992
1616,60.6855337273677,66.6533455766128,65.0775262035249,28.3921262038971,96.714494639813,41.3252338192404,65.9504759211179
1701,58.4143391769233,66.7167829756348,59.155721582821,26.5791890008823,85.5990217567099,44.1232705760712,68.3120491694207
1702,56.7136086336952,66.9491449781052,52.1796335231027,32.3506965202044,72.6217208555,46.1150392618127,70.0654166634462
1703,57.3216354876804,66.6679281670015,50.1462552010069,29.5887136637891,88.1118524843956,40.7951068790097,68.6199565308795
1704,55.6383762808601,66.6871083743299,50.3131055070641,28.9363944257418,77.0576155063478,42.6746450585848,68.1613888130922
1705,58.9672954476724,66.6689597535613,56.6532994718683,23.9301168950073,89.2635868125865,49.2637466675686,68.0240630854422
1706,56.9777119358083,66.7255824977833,56.423687348868,29.3958683033564,79.6877291468189,42.8604746330665,66.7729296849564
1707,46.7092126263661,66.5327534754632,27.927670661497,17.8852967140512,60.5278297253835,43.2765282907791,64.1051968910227
1708,51.2419985004862,66.2542971867316,22.8065977678494,38.0204912592313,75.3891166130895,38.0509887998905,66.9304993761251
1709,61.1743752133172,66.3934789951714,61.3414149286591,28.8836182363985,94.5092873670455,46.0953429502203,69.8231088024085
1710,57.4878496441507,66.8398291291585,56.0263306084049,31.1254614061026,81.2565660068794,43.0429152810827,66.6359954332765
1711,57.7402059458448,66.7001488486458,57.2767765813902,24.7535608319531,87.500483757183,43.222833130105,66.9874325257916
1712,50.9761226368049,65.7367712713025,33.3627629544415,10.9104339060572,85.4335479799381,42.4479097982172,67.9653099108727
1713,53.9319820456981,66.453909417672,43.592711352577,28.1025670363791,78.2662262668137,40.7756300539264,66.4008481468202
1714,59.1877152090273,66.7576020604419,61.241552061465,27.3177343899885,90.0181314786972,42.2272243058875,67.5640469576834
1715,55.3580349570292,66.5628535172382,41.7862477067539,37.2985040940813,77.3915277601291,40.5146787770289,68.5943978869441
1801,60.9392996542258,66.3461132097609,64.0813893072257,33.0951371750008,87.4921183126757,45.7516158063027,68.8694241143889
1802,60.8483075238526,66.5487313016217,60.4470859644666,38.4671430132206,84.750738375804,43.6454860103388,71.2306604776641
1803,61.0948874258186,66.9354677251986,62.8095515990413,30.9828781635202,92.3022009163976,43.1504057903875,70.3888203603661
1804,59.2721380932141,65.771160227078,59.7000682464593,40.2149061643528,82.4339066306666,40.5943312804054,66.9184560103228
1805,61.0053913607055,66.0563498685867,64.790898054097,36.465068702422,83.5434258876136,45.2926579204348,69.8839477310786
1806,60.930037723492,65.6450950742944,67.8836339993991,36.1422112791425,82.4914418053574,42.8087309142218,70.6091132685366
1807,60.2752534348116,66.9148099291885,62.7210008265454,33.6945327718041,88.3336135761901,44.7641305767582,65.2234329283833
1808,60.3487334891983,63.6313146440548,61.9815940374816,34.8433241441072,87.1764209596317,45.5162762684122,68.9434708815023
1809,60.5710700555668,66.330005274901,65.1525852126799,28.2215914728137,95.9474566888295,40.2733855610806,67.5013961230959
1810,58.8418269254458,63.6560335071028,57.3199222521022,39.3253477508522,78.3309234723126,45.029715337618,69.3890192326866
1811,57.1360289422686,65.4047499931262,59.7472086190649,39.391267500907,72.4302927299634,37.7990285053718,68.0436263051785
1812,58.7265240052982,66.5123732323245,61.6107943209176,29.4692509173196,86.4326021460457,43.938116514616,64.3960069005656
1813,59.4981859263675,66.2437820732315,54.865466656087,42.5904170723142,80.1374988885842,43.3692714456102,69.7826794223778
1814,59.0099773306747,65.8160392478467,60.7907698749751,39.5010824015937,85.1458052158014,36.019438559378,66.7867286844531
1815,60.0100948284582,66.6552763632067,60.0047233030629,33.7227544935727,83.5369779152111,47.2618777167733,68.8789591789224
1816,58.7197328309749,63.1180720843073,63.0506212080029,32.2130594509736,86.4398551674573,39.5209629854146,67.9758260896935
1817,60.7383600871014,66.8639048352695,57.5820406093751,40.5885744566787,86.8158566971287,50.8541452059813,61.7256387181751
1818,59.8244877470885,64.3989667194262,70.8555827728016,36.9110257509293,78.4109126140672,41.396837428788,66.9736011965185
1819,60.8571738407596,65.1889448989651,65.0742369021784,28.9480318516187,93.6597463118224,44.7846407006367,67.4874423793361
1820,60.7433793428617,66.3515792800883,61.0655646799433,36.1955783096499,87.3955735808612,42.5563131690111,70.8956670376165
1821,60.6431222839606,66.1850067782938,64.5664479125176,29.6446123617835,95.3853285951971,40.7641810361242,67.3131570198477
1901,62.0832466082995,66.6680633704329,68.1293182873997,25.3431777129622,96.9624327789861,47.6221890198511,67.7742984801652
1902,60.706940391555,66.3686253385254,62.0485818661766,30.3068311352453,88.0906693411262,48.4063583408465,69.0205763274101
1903,59.9155820260751,66.6540538740807,66.3789117784333,23.3825534263424,99.1179725265112,38.9517293228143,65.0082712282683
1904,60.3486823144893,66.3673451226058,58.7240712372605,35.6263729558924,83.8285531652137,49.2317226462416,68.314028759722
1905,55.647954832396,66.2000636781398,54.9936113683794,34.1959014179221,66.7152802046288,44.2628207019117,67.5200516233942
1906,58.9552487740643,65.7779229862312,61.659955536554,31.6979856946803,85.9907924410618,42.9210707110192,65.6837652748393
1907,59.8628169533501,66.544384506443,61.5261391569817,30.2446407600228,87.957233224627,45.1109218796592,67.7935821923671
1908,59.3263318452488,66.6856091122632,60.7630451740018,31.9505545881548,83.3229837842647,45.1642795022244,68.071518910584
1909,59.3587753987782,66.4177001454786,60.7328549041371,30.3137880875774,90.9189270667899,40.9990330395922,66.7703491490938
1910,58.8617382890878,66.5965418046311,60.1263602754023,32.3380109494435,82.7845700445534,44.1278593468488,67.1970873136481
1911,60.005046446274,65.7992756902879,63.0119996187271,29.5250188001243,88.4482705537765,45.2970084537135,67.948705561015
1912,58.4983240207698,65.5675896963696,58.7431870475954,40.8260567568263,72.8962862274245,44.3220348970455,68.6347894993576
1913,60.1096726836373,66.5482636800595,62.5567957363581,30.2665154121634,88.5082557370886,45.3020574137402,67.4761481224139
1914,52.2968642515413,66.5204712604097,51.6706581725514,28.3761945958971,54.1507945850714,45.3893416601506,67.6737252351673
1915,57.963622206799,65.5482583436286,58.9351926900604,30.3661043258692,84.560457914757,41.1281902617766,67.2435297047025
1916,59.1842824591373,66.560770988778,62.7505659162898,31.518362585172,84.0793204172477,42.8224339220516,67.3742409252845
1917,57.4925526932178,66.6856713356197,62.760984916834,28.2669906631672,74.3416805833446,46.2731496485353,66.6268390118059
1918,60.1815461667185,66.517085166696,59.2163384019229,36.1916180789575,84.6717608834261,45.0998426738046,69.3926317955039
1919,60.4000090268293,66.5964874510759,64.1791784315101,26.7384904489578,93.6190742728934,43.2435092972149,68.0233142593237
1920,56.9385532766089,66.6773484487435,58.3934355980331,29.9628011825958,75.7099018306989,44.5228375826588,66.3649950169231
1921,53.8556791017551,66.0532285973251,52.1048168575118,29.1016224948055,69.5625156238888,38.1554723920989,68.1564186449004
1922,49.4792390680913,65.9662919806244,42.8988707927828,52.020258166607,21.4470859588021,45.1712344902828,69.3716930194488
1923,57.2527660581886,66.6785940391126,62.6799589659372,29.4489451419695,68.9640941581961,48.8484261585681,66.8965778853481
1924,56.7301538684174,65.8990437106576,58.5290609954792,32.2490042808319,70.2939937397255,43.5852375349775,69.8245829488325
2001,61.535008047864,66.1408703512367,63.5976405395923,34.2318276307523,93.2576218359717,41.4299757944622,70.5521121351685
2002,61.5569360791834,66.6910646651429,64.0943108675505,33.3313083091549,93.7035760716167,41.8317245329777,69.6896320286578
2003,63.1433415273914,66.0113639457779,65.2287257726499,39.2055135877942,95.0093164842546,43.3762589362611,70.0288704376108
2004,57.7703914809237,60.3915954635737,61.1331041500313,38.4668805587719,93.1459549547915,30.3345285791044,63.1502851792692
2005,61.0463892455654,66.7677953448709,63.672333569402,31.3779595982725,96.0435932434646,38.9068352058253,69.5098185115571
2006,59.4637676811079,64.0220310078191,64.8879129811977,29.7009657827134,98.6155770270471,30.3012032214916,69.2549160663784
2007,59.9373813152949,66.3632533360251,66.9006780483528,31.4981093506184,97.2882286518855,31.8844392961144,65.6895792087729
2008,61.4166787609181,65.9925899364444,67.1778790870499,28.1152996529148,98.644261829713,39.8343856497021,68.7356564096844
2009,60.1863714407528,65.2041164951287,59.6913635834261,34.3847194820199,94.3686627545452,42.7389647455237,64.7304015838735
2010,62.2386740387836,64.8606594109913,65.4270375060403,31.3891576305965,95.1668650026027,46.3478166967545,70.2405079857162
2011,61.2198757035845,65.9240282503884,61.826627283095,37.3652811913252,90.6265452482305,40.7772818107427,70.7994904377251
2012,56.9393443405901,64.4381918321339,60.162822645934,30.4949590533764,84.9101954991631,38.5020814467052,63.127815566228
2013,60.1630056063781,66.4816287663047,64.2837299372163,40.19350946395,86.5144632152924,36.5601638440317,66.9445384114735
2014,58.576085104449,65.6454096144123,59.0546325709507,32.3394200064312,94.3913224537207,33.9888479193304,66.0368780618485
2015,59.5447544197781,66.6503247501029,58.0674210093796,40.2890456868327,95.4088266134436,29.3692124812917,67.4836959776184
2016,61.1676977279688,66.7085802962481,61.8662295125946,35.016040248139,91.2879283263842,41.501805030327,70.6256029541196
2017,60.9372451060149,63.1561479216542,61.3702290676313,35.00355952984,96.6965706820745,39.9306867245664,69.4662767103231
2018,62.8438725344019,65.8049076313598,63.4939392205102,42.6674596534582,95.2071781243839,39.6047847022619,70.2849658744374
2019,59.0820414359995,64.1865952389513,57.8095449565473,39.1707520618901,95.8851201455697,29.2969695143929,68.143266698646
2020,62.8997205249957,65.8786335601639,64.9176206153144,45.9467280118171,88.6641149960144,40.5718505098087,71.4193754568559
2021,59.5012785671935,66.6671064505654,63.9557909945875,29.7602679712497,96.7663270031999,25.8852162440665,73.9729627394919
2101,59.9215408192571,66.6177271591578,62.6471645478442,33.5052000164868,83.2329012421056,45.6796543806245,67.8465975693237
2102,55.2570228770106,65.5896683251188,41.5344772291182,39.6379241673977,67.9159621842781,47.875534484989,68.9885708711616
2103,52.3339410907082,65.8569291533268,41.7467399736926,35.50149394631,57.5954860190949,45.3324841110054,67.9705133408193
2104,58.7950791915846,66.4778230858138,58.4602688599995,30.6585789447584,83.4340778731318,44.6334669304194,69.1062594553846
2105,59.277017002019,66.5519312656716,62.1319973753593,34.4548267908096,78.8434045234213,44.1517145161121,69.5282275407399
2106,59.7673371488325,66.6114862425549,62.649614087779,28.6701240736302,87.0170634890757,45.0369917526155,68.6187432473397
2107,59.2216083913887,66.3285267021505,57.9134048450402,31.476762034008,86.8569996857134,42.8427817174736,69.9111753639468
2108,59.2893220835016,65.7355366036305,58.4136724667513,30.4782192018346,89.0354349960202,43.7196017819697,68.353467450803
2109,58.6467706167048,66.4949854892516,60.2838699338502,30.2768636278397,77.9972210564895,48.1401927149547,68.6874908778431
2110,58.2387482112573,66.4616310670432,57.2234581792737,30.9066276722029,77.4975507247503,47.5741646260279,69.7690569982456
2111,59.3136939398358,66.5700924376242,60.9361069714591,27.0042537428461,86.4056040521329,45.4970449279736,69.4690615069788
2112,60.0092908243276,66.5508076186506,61.2723017879133,30.6610857058518,89.5576904074297,43.0525175049045,68.9613419212155
2113,58.8031581306578,66.53349134957,58.7120263774165,29.3108764455319,83.2472743277703,45.3935950418717,69.6216852417865
2114,60.3899204104397,66.6032762698411,62.9565755462675,24.4890654158937,94.5819563417553,44.6533884347736,69.0552604541073
2115,59.7565740479771,66.2396210589617,60.4646030243818,24.7128276008433,92.600851074868,44.6511730980185,69.870368430789
2116,59.175989056131,66.3457341954697,60.5617146652009,28.4340137413847,86.1655408198663,43.6902525467264,69.8586783681378
2117,58.4637133442716,66.3350197415059,61.0542822075126,30.1205126795498,79.9503342864401,45.0905834716335,68.231547678988
2119,53.3305133369386,59.7287238146757,46.2082984070222,38.2216371981131,70.2784365878248,38.3092839462093,67.2367000677864
2120,58.8235232948732,65.3309517353797,58.8349453279829,27.3582280825822,88.9133130661785,43.4162949838664,69.0874065732493
2121,56.4942959302904,65.8362282853026,46.6580313870255,42.3341665948576,72.6526365173549,41.4882919782277,69.9964208189742
2122,61.4778763793892,65.9653227610918,65.5889566302178,28.2059918696054,94.7959975718442,44.1029508499024,70.2080385936735
2123,57.6995486295748,66.3679660986964,58.3008848263966,27.7260660940828,80.6078511851719,44.7554822990343,68.4390412740666
