"SSN","BEIndex","commEnv","compEnv","comeEnv","hsaEnv","phyEnv","resEnv"
101,40.2982519663008,63.0388258988601,53.2163574237077,30.6210521141633,0,35.9464829687716,58.9667933923021
102,33.8988663519053,62.5404414738805,37.0588983669258,29.2122555600447,0,28.0628728307066,46.5187298798744
103,38.0725548285704,62.4623428436431,44.2117354741774,36.5071019523201,0,28.9033643207052,56.3507843805767
104,42.4727493564715,62.300431624951,56.3018132267811,28.4640255524611,14.1414141414141,36.6665467158998,56.9622648773223
105,41.2228678556809,62.982495266523,61.614019138305,24.1915360541222,4.71380471380471,39.5763763274193,54.2589756339112
106,40.6598134242226,62.4572337433131,64.1836754337694,20.4233781985183,0,38.8872883872806,58.0073047824543
107,41.4734468415278,62.678714901874,49.7508628941096,24.51337743737,13.3838383838384,41.7844291348522,56.7294582971229
108,41.8124553813535,66.1129821877504,52.5538446849835,34.3721672492581,3.63636363636365,38.3355204425132,55.8638540872524
109,42.2453348687161,62.5723895018655,53.8406518108396,28.3926365126444,8.48484848484848,43.2352800751936,56.9462028269052
110,42.3136131938571,62.593081959638,61.4226059113224,24.8110899550649,6.06060606060607,39.6863922287564,59.307903047755
111,41.410219055248,65.1368655922509,44.6470212358935,35.2004071560529,5.24090352731722,36.8090316421063,61.4270851778669
112,42.7115165157925,64.3530294299845,44.2096974255693,33.6003373485905,14.1414141414141,41.0957343757342,58.8688863734625
113,45.681896123824,63.9922393412812,51.9324515009791,37.0021659851405,20.2441077441077,38.2293186779254,62.69109349351
114,41.9075486303818,63.7626048454092,45.7602314791051,37.8735530293475,0,40.6120503636054,63.4368520648233
115,41.8981021484852,62.1751791210315,65.6039278660493,25.5177758683902,0,33.7275116278285,64.3642184076117
116,38.7914907839753,61.0895039291591,35.8179024114857,49.5230910662031,0,26.1437529715001,60.1746943255037
117,42.6187525415838,62.7522877349683,58.214304957231,24.901758349305,7.81499202551833,41.5218224669803,60.5073497154999
118,40.7578574022017,63.6547616846517,36.949206323123,40.372825260195,0,40.7759992212769,62.7943519239637
119,35.6476873679043,63.6642547965549,47.1446158639604,21.4366322385008,0,33.4409083317394,48.1997129766702
120,43.3101958126083,62.5764893510965,64.2644066847646,23.2529654346513,6.66666666666667,40.5950712671792,62.5055754712916
121,39.6333037152645,63.2151396174662,45.7548074748671,31.8305120735669,0,36.4356647699393,60.5636983557473
122,36.1868359539226,62.0202438984629,44.4922948104886,30.353633970382,0,28.4991720385941,51.7556710056079
123,41.2516151804498,62.5664052169094,64.4383036171736,22.1925179955821,0,41.3101076696584,57.0023565833754
201,45.3049227221794,62.5923337208169,63.733880387826,32.2571418410995,0,41.3694062624089,71.8767741209251
202,47.9160169776803,62.6448537627115,63.1530326736789,32.8899506838399,7.07070707070708,54.9837393403127,66.7538183348317
203,43.9300159371907,62.826828460975,62.822845091551,36.9629124177586,0,35.0422605059536,65.9252491469058
204,40.9804215085939,59.6039724297477,64.4107874609134,30.4005982571058,0,27.4165013119571,64.0506695918393
205,40.2650168731968,63.1347011591274,65.3243197093236,28.8973048988475,0,20.6659206400716,63.5678548318107
206,40.6255857166154,54.257903160254,62.4091501589523,37.9990286015359,0,25.5202552591943,63.5671771197555
207,46.9987456350169,62.6757762545879,62.4662961653866,36.0191286439876,10.6060606060606,40.8664807927196,69.3587313473588
208,44.6461729509304,62.4185633767797,64.5776592317409,31.2604540005123,6.06060606060607,34.5906619484234,68.9690930875201
209,45.2884590160207,62.5492694666451,65.0358877096718,32.7372497700166,6.06060606060607,38.1010061582149,67.2467349309696
210,43.2890189172995,61.9019082507863,61.3764720266657,34.6902752804608,0,33.9804554412091,67.785002504675
211,41.6113016067752,61.8345554141608,62.8022834580128,34.9036557434711,0,26.5249794569347,63.6023355680718
212,41.8867947549739,62.4359573855342,65.7611560857608,29.0785904320328,0,27.1223223513421,66.9227422751734
213,43.0416716985914,59.8269238331466,63.9957395308835,32.7077607785341,0,40.9349709468023,60.7846351021821
214,44.4748267600523,62.6833475132917,65.5352442909618,28.1457943099091,0,42.4537032297237,68.0308712164272
215,44.940493799124,65.9643268964366,61.8806992392795,40.1384207786558,3.53535353535352,35.733877538404,62.3902848066144
216,46.7824559527025,63.7429581226244,65.5748767673403,29.4721853997128,6.06060606060607,45.9695811411835,69.874528224748
217,44.1515963882453,65.0683262435589,63.038539639077,38.0181116179783,0,30.8049871482641,67.9796136805934
218,38.9350102833991,56.6725396052718,64.9696092005266,26.5970635993634,0,26.1594326494801,59.211416645753
219,46.516811136923,61.8101047753148,61.284130544595,43.295807826842,12.7272727272727,33.2850972153029,66.6984537322107
220,45.3173351896819,63.6155255125029,61.8529071771515,34.588155407848,0,40.6393948406829,71.2080281999063
221,38.4376074193788,57.8367725341095,65.2246743164082,28.1377179562358,0,24.9021095789492,54.5243701305699
222,45.3158677899641,63.2768696941221,64.2978444215187,34.6419188030171,0,37.4713417781411,72.2072320429858
223,44.6860501528475,68.7927164729013,72.251834663092,35.2834949272589,0,32.6893985228911,59.0988563309415
224,45.9914904856631,62.4456261599438,63.0578288028008,32.8541584438734,7.07070707070708,40.4097010444144,70.1109213922389
225,41.7176434079035,61.5365517665457,64.1379970857719,32.5261652386216,0,26.3954519111551,65.7096944453269
226,45.4206606529754,62.2398867353731,63.2317779707892,35.2534894362244,0,42.4117179001033,69.3870918753624
227,44.4486563591815,62.705597844358,62.5807909495192,32.9755702058944,0,37.364710394453,71.0652687608643
228,44.9730095569871,62.6826284453117,63.8482859551928,34.7337680696707,0,37.6946824969271,70.87869237482
229,43.5209276823457,62.629625932424,65.7236315883417,29.7823171852846,0,37.1983212031708,65.791670184853
230,41.5418275326608,61.1397260813275,64.3204693012378,33.7019873334793,0,28.9488511422524,61.1399313376675
231,39.7796429438241,60.7331908269976,62.8313460679287,28.1995351575952,0,25.8274578049506,61.0863278054727
232,42.4835996516946,62.4227455336715,62.7004109720039,34.9006846799864,0,29.4036017724966,65.474154952009
233,50.4939475855755,64.1453147315563,62.5287907948384,41.7016537275373,13.0536130536131,49.4703976572232,72.0639155486846
234,42.3733021255415,61.4058583873239,61.3661369344104,36.9878994413805,0,30.1575901514061,64.3223278387283
235,44.3846129255543,63.3623501765277,66.8982561399741,29.4903348728157,0,36.9519283352028,69.6048080288055
236,45.4952763586428,63.4702373727997,63.1087486893204,30.688004109342,7.07070707070708,37.1776659427336,71.4562949669538
237,39.7603346971102,62.0204180000427,65.6122108520746,26.4506210260476,0,26.9511634855492,57.5275948189472
238,43.8339833359246,61.7894770010047,62.32205474346,36.0297479447003,0,33.9482727122021,68.9143476141806
239,41.7903375105613,60.9914551044292,61.6529259004723,35.1512055725333,0,27.9445756275114,65.0018628584216
240,42.9237978374191,61.1724337261976,61.3272323609418,31.2429755954103,0,35.2096685882061,68.5904767537586
241,45.1701155242576,62.5756580122275,63.2268374929881,32.1850285950317,6.06060606060607,37.9943741531769,68.9781888315151
242,46.1901040458222,63.6232217978363,57.987755600432,38.6657167298574,0,46.3129622251482,70.5509679216591
243,45.8136201262725,62.4299664999452,61.5661273610146,32.8670795160867,7.07070707070708,39.6615637799522,71.2862765299294
244,44.5346114592017,62.7344441897224,64.5543059634538,34.6323967675121,0,36.5382717654253,68.7482500690964
245,41.6151918943742,57.5925521710832,63.5439369366888,36.7693150881179,0,26.7140807088877,65.0712664614675
246,45.9327152415313,67.9827618342055,63.2658249134967,35.298294764492,0,38.7341752635953,70.3152346733982
247,45.4580939620853,62.1333043585835,58.3602596719698,39.2220472934883,7.07070707070708,35.5588296771876,70.4034157005756
248,47.7283959017169,64.6760504101412,59.1581127314218,44.4925820625438,5.3030303030303,41.4268490272929,71.3137508758716
249,41.3720551210533,62.920815777035,64.8780034810784,28.735587960344,0,27.7383838378316,63.9595396700309
250,42.4107944214841,61.3432788944048,63.8887200298616,33.349804611278,0,34.3859294080899,61.4970335852701
251,46.9773675710688,66.1885588746956,64.6408837508378,40.9958099479901,0,36.4924362617139,73.5465165911757
252,43.7673385571038,62.8071763614854,63.7058477021674,32.7525327440182,0,34.6930783362222,68.6453961987295
253,45.3702110985998,62.806052875456,60.7215556194547,35.8172801482589,4.71380471380471,37.9530633818228,70.2095098528019
254,41.9880324447395,60.4897319492292,64.4113031956773,28.0429763821922,0,33.3442822423698,65.6399008989684
255,44.6168112924749,62.31328207524,62.499120362972,30.91498708337,0,44.4558570121899,67.5176212210776
256,43.6519414857497,63.3763919975321,63.1431462329272,39.443076551935,0,27.6660177976535,68.2830163344505
257,42.4070281882071,62.8261886694797,63.4478139629733,33.7570021255373,0,29.1355060919839,65.2756582792681
258,44.54625391663,62.7337233547173,64.4362126417346,32.0805729418799,0,38.0479561281579,69.9790584332903
259,38.7383663690589,60.8486656784875,66.5330210440467,21.1425339227805,0,20.5906582703628,63.3153192986758
260,44.393666188465,64.9874696792629,63.5970264656929,36.499935158607,0,36.1838877238145,65.0936781034129
261,47.9667535789901,63.0583589373492,62.9429153083134,39.2135105625536,6.06060606060607,45.1248966925983,71.4002339125202
262,40.0375687209953,62.0250919064154,65.7646525708103,20.5136923524866,0,27.6836357796465,64.238339716613
263,45.5056445234113,63.013677626206,64.8917301560996,31.7506513696682,6.06060606060607,36.7417334602908,70.5754684675968
264,44.9582461203489,62.2783293914458,60.1063213300882,38.3508444788225,0,37.756575641534,71.257405880203
265,40.7234376728889,57.7174583045166,61.9392709226436,34.347856537117,0,27.4879507596034,62.848089513453
266,44.1180448421457,62.3745334485814,62.0778436098276,35.9680344305982,0,34.9938876539663,69.2939699099004
267,44.1814295789194,63.1071714725031,62.0569287216593,36.1434969508929,0,35.8759815966423,67.9049987318189
268,44.5769611678648,62.963467374361,63.9964694908876,31.4197457046869,0,37.9314672328499,71.1506172044037
269,40.5649110959449,61.3081696281675,65.2779788874387,28.0308820000722,0,21.9105542477358,66.861881812255
270,46.4059414165363,63.9944501375424,63.6460131296147,40.3043577617596,0,38.2093707761048,72.2814566941965
301,42.6141689822902,62.625180770587,61.6850525899499,21.9753061146333,6.66666666666667,40.9634426888072,61.7693650630969
302,40.4870775835521,61.3415117004855,50.2512244760517,25.4154291796121,14.1414141414141,34.0528711373243,57.7200148664247
303,44.0607180822355,60.9122537762592,67.2091040677254,32.9492630603094,0,40.6340774210803,62.6596101680389
304,44.1862694423328,63.0603298413675,64.1532030012141,31.8942126883727,0,39.6081180023043,66.401753120738
305,44.1757110171047,62.1339806117098,45.5508827482575,38.3035883202059,24.2424242424242,35.4602993642824,59.3630908157486
306,44.0484277083442,63.4888329782124,58.9654780260947,31.9641697569422,7.95454545454545,36.1750848054195,65.742455228851
307,45.2783228487093,62.7951894282033,61.1826668205666,31.1899832954581,5.3030303030303,41.0494656749122,70.1496015700856
308,43.2153154647978,62.8199267520116,56.4444957318619,37.3448349015079,0,34.7857494762964,67.8968859271091
309,43.3500245195254,62.4327876426012,60.1217107624555,28.7259482529525,6.06060606060607,39.6380000315784,63.1210943669589
310,44.0740035599681,63.0595528403103,57.5917314977106,33.5007671336486,7.07070707070708,36.3733043040018,66.8479585134301
311,43.9586297105932,62.1464309193731,64.0295845810828,27.1558153304927,4.71380471380471,40.2361614257243,65.4699812930814
312,42.5776555050631,62.0614988942662,54.2202594435327,32.0691315189399,10.6060606060606,36.6657144424094,59.8432681251697
313,49.1918680089717,68.6081482252384,56.59884308311,46.120002707563,14.1414141414141,40.2198006503842,69.4629992461207
314,44.1702794836536,60.456232485497,66.1936904175255,25.8362734803332,0,39.289594873449,73.2458856451168
315,43.6238199997874,62.7422501844228,60.7530759892057,35.9334817751309,0,37.3370818456862,64.9770302042788
316,44.7936898703514,63.0328284103979,63.2118134581122,30.4832377281274,4.71380471380471,41.2994895981235,66.0209653135429
317,45.7160745994744,63.4014705409009,59.291062484239,33.8480273659561,11.5702479338843,38.2248449159079,67.9607943559582
318,46.5543424510828,63.1654582927325,58.6303349995531,34.8143727870904,12.1212121212121,40.4005283993634,70.1941481065455
319,42.964756061828,62.1941652679392,56.1118153486276,40.1642674173322,0,35.1333751285812,64.184913208488
320,47.0402905263172,65.1643376058141,59.6381164727444,35.4572901989531,10.6060606060606,41.2249703867223,70.1509678876087
321,45.8584099725636,62.2796590164786,56.5946735343868,38.7214625223875,14.1414141414141,36.2339953659007,67.1792552548139
322,46.2542854624914,66.1317828840348,60.3354568346001,37.5513919395064,2.35690235690238,41.4264232225309,69.7237555373736
323,45.6595733385469,63.0374548437904,63.2074834469679,31.5517418952382,15.9090909090909,38.6721278134015,61.5795411227923
324,48.0962590980059,66.90373028344,56.4825191165343,45.5429236836691,12.9117259552042,37.4304186976417,69.3062368515461
325,44.1339701287283,62.7086656218974,56.452593967434,28.0937997976943,14.1414141414141,41.9737631750048,61.433584068925
326,43.9942325278852,62.6793439675773,57.1209777741939,29.5371709380291,8.48484848484848,41.269772354726,64.8732816479366
327,42.1512149447729,62.0317929619125,50.1753813683783,37.7858658223392,0,40.9769631643601,61.9372863516469
328,45.1080085366678,62.7127542768084,59.9405251029543,27.7486085198503,14.1414141414141,43.2442181547991,62.8605310241808
329,44.9762693782948,63.5224169660283,50.7822805932265,35.9561675659127,22.020202020202,41.5378538152592,56.0386953091398
330,42.8199007016236,60.989070336548,40.6155660208843,39.9108027545006,25.4545454545454,31.580295525987,58.3691241172763
331,42.7747415622102,62.5775535338394,57.2144145618471,33.8046864815039,0,33.8926465168534,69.1591482792177
332,44.0484008895528,62.9548590762751,58.3951236379581,27.2707984270786,7.68398268398267,41.071253134914,66.9143883771084
333,45.3964599397662,63.0942658853947,56.5408949900151,32.7107298599467,13.3838383838384,41.0939386966004,65.5550918228019
334,44.696235962849,62.9022463511511,63.7497795700438,28.3833454587756,3.53535353535352,41.0428215256293,68.5638693361404
335,45.1212773699503,62.9125188392759,52.0399294936979,31.3348756763371,15.1515151515151,40.3963236145668,68.8925014443091
336,42.6469162187385,62.5516975859383,62.4530703030008,22.4946464197913,1.75438596491227,41.8771977499754,64.7504992888131
337,43.9469809225029,63.3682396930765,67.1460823852446,26.2389067961544,3.85674931129477,37.8012869727211,65.270620376526
338,43.6959843336741,63.0871835906349,45.6494003360338,39.0829986945005,23.3333333333333,36.7364278352918,54.2865622122502
339,42.9406898267457,62.6179865376404,63.3183850281693,23.1819082785868,3.7037037037037,41.3962892858114,63.4258661265625
340,40.4087760732912,62.0830067651481,65.3445926538061,13.4339107084298,0,41.7595505512039,59.8315957611595
401,43.6911242620762,61.8522175336591,65.0990827930641,32.3961497966482,0,36.0946815185643,66.7046139305214
402,41.2133813314679,60.9609991632065,64.1393391648894,26.0963643235783,0,29.4226021622983,66.660983174835
403,41.6726664832302,61.9429606913629,63.1887266345272,26.9514258032376,0,33.3942261701877,64.5586596000659
404,41.1801020981786,62.4314885948589,63.5439015703248,27.6663349441246,0,32.718044070519,60.7208434092444
405,43.3600345126179,63.0931720124552,61.3870103658823,27.7263516406649,6.06060606060607,37.4016108045854,64.4914561915133
406,41.9219866421977,62.9617705667413,61.3730908432765,24.259249578985,6.06060606060607,35.4494204838017,61.4277823197758
407,39.4264716950221,60.5422850200898,64.0076067017872,23.8195989071933,0,31.5659843495271,56.6233551915353
408,36.9454934677086,60.8539168998641,74.1677624453848,16.8326852143872,0,27.0199269904339,42.7986692561818
409,48.5235135386613,72.2155825463025,67.5835890023722,42.4869045530313,0,38.1125963893195,70.7424087409426
410,41.4671948278421,62.2741464891078,50.2396020509696,27.7080744493014,14.1414141414141,39.8572991997957,54.5826326364642
411,40.1279242328611,61.9701109559555,63.319759484405,23.8530787468077,0,35.735263225786,55.8893329842122
412,42.3426508602878,62.5488051968281,60.935974051674,32.30683662917,0,33.4615504079327,64.8027388761222
413,44.4190161489734,62.2876494675414,61.914754832488,30.2914867962181,0,47.6814847962477,64.3387210013455
414,39.2973613738459,60.9908878822439,61.0198301502016,28.3543506624057,0,27.9124933498396,57.5066061983849
415,45.8136706159399,65.3678128695357,63.6498876905629,39.2407087506334,5.47409579667643,37.9891804852802,63.1603381029511
416,42.9785502266424,61.6735723458512,63.819043051517,31.3167623342822,0,33.9374480839358,67.1244755442684
417,46.0141606107376,64.5894762610905,63.4373725211185,40.1547310648071,0,37.5104307395035,70.392953077906
418,44.6509816141203,63.2408720287458,61.7924505592739,35.7963855158304,0,38.4671448701199,68.6090367107517
419,40.9775296450676,60.4283010287272,65.6799001661101,22.5378043927555,0,35.7821282612107,61.4370440216018
420,42.4136258881323,62.0785045751518,63.1095817323661,29.1762086144498,0,34.7787828585201,65.3386775483062
421,39.9919050755136,62.2254110676554,64.029156938643,21.5743395260002,0,36.0198819595958,56.1026409611875
422,40.1960226928237,62.3162377810962,59.4733300480251,27.5618780036036,0,37.3267285064259,54.4979618177912
423,40.2747371746085,61.416033570444,64.3940781231839,23.8695745816673,0,33.0678704889442,58.9008662834114
424,42.0816884535557,61.4735656668477,64.1358258866471,26.2319817176027,0,38.307936076779,62.3408213734576
425,41.7416697032206,61.1597633522198,63.424372577681,26.3597359490565,0,36.7263107499822,62.7798355903844
426,42.0025824533472,59.7562041010796,60.7764121316659,34.3080471796895,0,33.8200790032106,63.3547523044375
427,39.6441326565866,62.90711308533,55.1761929745696,32.7572495760717,0,29.501513756746,57.522726546802
428,41.0681956924263,62.6900887461641,61.799658607805,25.2231247313813,3.85674931129477,37.1484821965443,55.691070561368
429,44.3858384290518,62.4943081734452,58.0064060800501,37.0654408247201,0,40.2554768704265,68.4933986256686
430,41.061406670656,61.8894367364033,63.4893134283283,25.9985318616504,0,34.6964416821122,60.2947163154421
431,40.6745024533372,61.1998413744399,62.7057991318488,26.341452381006,0,34.0284562772456,59.771465555483
432,42.4408526090152,63.4217575934091,61.4354548688184,29.9090739951141,0,37.1940836159726,62.6847455807772
433,48.7484568950157,62.4970517500598,65.8678588885448,29.5272652191092,0,63.9856914569378,70.6128740554426
434,45.4592638500826,67.1287931801189,57.6661587359261,39.5582045703967,2.82828282828284,38.6574622355221,66.916681550249
435,44.0232924516333,63.1541767051581,54.3846727443881,31.9329871097253,10.6060606060606,41.4072012719485,62.6546562725193
436,44.1435931258052,64.1406425350754,55.868107297369,34.2570379006782,14.1414141414141,39.2148513791406,57.2395055011538
437,35.7917987594129,62.2820964087329,62.7630538549472,15.8091022415227,0,25.4961113880846,48.4004286631898
501,43.405091823272,62.3213381466084,49.8210782747292,39.8525228909829,14.1414141414141,29.1619131245659,65.1322843613312
502,41.9159859911733,61.7307081788964,49.8983451652765,34.2465749768847,10.6060606060606,35.2078868181448,59.8063402017768
503,38.479405571319,62.5470579388356,63.4833440736915,23.9425360111293,0,22.2396148518928,58.6638805523649
504,43.3363570671974,63.4237839329237,50.3747891372897,30.8083717020558,9.42760942760942,43.5575421611379,62.4260460421676
505,42.1892333451765,63.0249013784346,28.9718593134366,42.3694289161911,24.7474747474747,38.9360228378825,55.0857128776396
506,42.4908966317506,65.4858677866769,45.5957720563511,33.7542367365881,13.2575757575758,40.3509209526743,56.5010065006375
507,39.5686426681282,60.8246965049261,48.8448743843442,29.7290366253964,16.969696969697,26.7503244704237,54.293227053982
508,41.6368486362215,64.1172021911871,35.5620511338136,45.4875464705603,23.8292011019284,22.7996399837354,58.0254509361043
509,41.3535344601246,62.1948916054435,54.1879539717139,32.9231488641734,10.6060606060606,29.0551314405755,59.1540202727809
510,42.1219967390507,62.4873475188536,53.1427235089947,38.4519276848721,10.6060606060606,22.6719196496251,65.3720014658979
511,43.189746820566,63.8453157461638,52.643654712453,32.4674077617129,13.6363636363636,40.4824294090908,56.0633096576119
512,40.8332599829552,62.0329363574588,60.2258468613192,22.8373226985241,0,41.1181517240294,58.7853022563997
513,36.8172310170597,61.127199249859,63.0983633689921,23.0181852280898,0,22.9653584776279,50.6942797777896
514,37.4529042872034,56.0691021898171,49.663150022479,23.1618007795795,14.1414141414141,28.4951203211684,53.1868382687622
515,38.9216471125365,62.8804759128311,49.8256971543633,28.9862243283007,10.6060606060606,26.9451149908043,54.2863096828588
516,37.8939441857616,62.7540884230041,43.4863585129322,17.6852907653951,14.1414141414141,43.0833611786619,46.213152093162
601,42.4457939166887,62.6572544364354,47.7097523977876,25.5176456563496,29.6969696969697,38.3423292975006,50.7508120150892
602,40.9881274876194,62.6609625770942,49.4517077903996,18.9524294527937,26.4393939393939,41.2389445936112,47.1853265724238
603,42.4147851773107,62.6064420448366,60.317466874486,25.9142165075153,6.06060606060607,39.104551326846,60.4854282495741
604,45.0791066385528,62.5562588397865,45.1648298081245,27.7721094628221,47.3400673400673,40.8891842351768,46.7521901453396
605,39.9856964655803,62.6547616220982,56.4666175847236,20.2401410219847,7.71349862258954,40.2305141890854,52.6086457530005
606,43.492586888936,62.5420594171406,61.0020555911202,27.0953206892714,8.48484848484848,41.1188903041316,60.7123468471034
607,43.2666711776556,62.5277013362894,60.9302924049665,27.6599597333692,7.07070707070708,40.5324258048181,60.8789407157837
608,42.0855768471055,62.6564317071019,50.3639202102717,26.5120490841056,15.1515151515151,40.4132305096369,57.4163144200018
609,43.3136363463791,62.6723058087674,47.890320099226,23.451575678893,28.236914600551,42.0854858295494,55.545216061288
610,43.2761332538677,63.3724062934371,53.1526253524908,29.9094637808428,20.6915306915307,37.8496822978023,54.6810911071023
611,42.2714143003923,62.5400178539176,66.1478467200393,24.4985571238115,0,38.7381058618011,61.7039582427847
612,43.3107306913483,62.5599579390486,60.8990014752208,25.9435923671025,8.48484848484848,41.0255336518743,60.9514502299954
613,42.5571715420107,63.1203872129466,64.4423578811268,23.2393973529129,4.24242424242424,38.5917332075137,61.7067293551397
614,44.8413372400649,68.1716517104781,49.4093117440837,36.0041244509973,23.5690235690236,37.3293526590442,54.5645593067627
701,40.8944929203961,61.1831106251498,61.6501797312805,35.8385364588711,0,28.4376294924741,58.2575012146009
702,43.4882424423469,62.2119823331604,60.4101188352775,43.8663846903067,0,34.0341050893973,60.4068637059393
703,44.6460675542323,61.5545819094295,59.383498237046,39.1642885401387,0,40.5669988991339,67.2070377396454
704,47.9086291141014,63.0800914279232,63.2928330786621,36.7254087350589,0,55.3603439297267,68.9930975132373
705,35.7257545313969,59.4551323434615,57.0943862791261,29.0993932241127,0,28.5938251659677,40.1117901757136
706,44.2218765518516,62.4419952473507,64.0109564074005,32.6495774364534,0,38.7636206761926,67.4651095437127
707,44.1247582623129,66.9361627097003,64.4684824461403,29.7901458261706,0,37.8866554898324,65.6671031020339
708,43.0032240249848,62.6360844652749,65.6576820461433,31.6571970897833,0,33.004654582171,65.0637259665361
709,35.2932282885596,57.18079027461,54.3846217907148,32.9549842040964,0,25.4280082514635,41.8109652104726
710,47.7219553087386,67.3886942957849,66.4225939244237,46.1783054653364,0,38.4973186686696,67.8448194982172
711,44.2776560110674,63.0950149658282,60.6473272478886,42.0259208011031,0,38.2463294509598,61.6513436006247
712,46.0656111928147,66.1964439222643,61.6154258744339,38.6773551562519,0,39.9999202232218,69.9045219807164
713,48.1012602294876,66.0662833476631,68.3263605434023,52.9591575841524,0,36.1445501671324,65.1112097345754
714,40.9023215282134,53.5424589796766,87.8158348650249,29.1386801821939,0,24.565516623775,50.3514385186102
715,43.8602228601818,62.614287915387,64.4419476017637,31.6122066699253,0,36.1319844646187,68.3609105093963
716,43.4357387488902,62.7321370059745,60.2644518398561,40.646692778421,0,30.6892757881471,66.2818750809425
717,37.1427870567201,58.2320683527181,60.1088287582214,26.508955004829,0,30.8012246580522,47.2056455664996
718,44.0108934486332,63.5383270203325,62.5691911307695,32.7850140144215,0,38.9682853368963,66.2045431893793
719,43.441338058093,62.5230987551627,61.2301167505012,38.0380943296431,0,36.5827452134671,62.2739732997837
720,46.323260977005,63.2967963564091,63.1896354241086,37.5419160697776,0,46.291937230346,67.6192807813886
721,44.6218426343063,63.7783012584266,58.7332813158975,38.8335335662548,0,40.4444400918171,65.9414995734419
722,44.9458331358696,64.8334685317633,64.793401024892,40.375205395989,0,37.1707085356007,62.5022153269723
801,42.3952449334136,62.6935627439008,62.7684007511808,21.7085035707806,7.07070707070708,40.9862130502134,59.1440824136989
802,44.7109009403114,63.39020373316,66.965460622392,34.7689341752527,0,38.6782800705073,64.4625270405565
803,44.647828403843,63.024258732133,63.9260463140497,27.6244777753281,5.3030303030303,38.372074366178,69.6370829323386
804,42.0021440868892,62.6908239258506,63.8162743305278,21.5720026977151,5.3030303030303,39.5591506931325,59.0715825710792
805,44.1183882305187,63.4670139245011,55.3282786526443,30.4772553235607,12.1212121212121,40.4887395778425,62.8278297833515
806,44.6853015089015,63.420251303566,63.5072128848647,29.6611436534795,13.2575757575758,36.5685151207225,61.6971103332005
807,41.9175568859191,62.4237258745116,56.1975115406267,30.0652965965421,10.6060606060606,29.7307152743933,62.4820314233804
808,46.3519112156121,63.4953414114758,63.3318588852196,35.9914666001846,10.6060606060606,38.3689096637472,66.3178301269848
809,43.6904205432224,63.247314644165,54.551419081066,35.1620248867174,10.6060606060606,33.0158006842243,65.5599033571009
810,45.6620300017061,63.076092578027,64.578864194034,31.6602633284646,9.09090909090907,39.9552900905066,65.6107607282958
811,44.5744379973687,64.3200451305328,51.9770295423802,35.634514510238,15.9090909090909,39.9705953338133,59.6353525581568
812,40.1570882494472,61.0147642995198,60.7436483345407,28.8160975671661,0,28.5643782630192,61.8036410324377
813,46.0401721039279,62.5484274816329,50.4659311457641,40.1881466310322,21.2121212121212,38.324600906348,63.5018052466687
814,36.5358374761905,61.1825880427203,61.1321197220662,14.3387706049827,0,27.1194939812621,55.4420525061118
815,45.9135573115163,62.4275776322371,64.8631328715298,34.3346847316697,14.1414141414141,35.3308366807841,64.3836978114633
816,44.7042869158625,62.6484618095623,63.4422011209173,29.669980728932,6.06060606060607,39.225770704273,67.1787010708846
817,44.5895271117221,62.0350758919641,50.8364142597877,36.6403641649349,21.2121212121212,36.3891129266954,60.4240742148294
818,48.6137012929398,67.2565039645997,59.5682021150429,42.1374484679411,15.9090909090909,36.923845065244,69.8871172357203
819,44.7113604719582,62.6867577387765,63.8549617740578,35.3259969512462,0,37.056017422842,69.3444289448268
820,42.9126134972745,63.1134882735464,60.9575516444833,36.4746250875329,0,31.7575535501275,65.172462427957
821,39.7423841198109,61.2603065915997,64.929117102302,22.7290521215228,0,28.8555052379348,60.680323665506
822,44.0242132477456,62.882277005837,79.8139452267489,25.7287724701013,0,36.5987028913966,59.1215818923899
823,42.7049564335279,62.384293997807,65.4202140684924,26.2482912027611,0,36.6371757375492,65.5397635945577
824,44.3579954470633,62.9337933775354,62.9849833197043,28.3953570729743,4.71380471380471,37.9907938511319,69.1292403472294
901,39.6692552741935,60.5546200651371,54.5618282750062,47.9829418622226,0,16.3029318160819,58.6132096267135
902,36.4626500328681,49.4378352868315,63.8650660384475,32.1106663284271,0,18.8806355661472,54.4816969773549
903,35.6336822145137,42.158503160487,65.7044966175987,31.040173465592,0,21.8700276481458,53.0288923952587
904,37.6820396247512,57.3201404687363,61.9418446693916,32.4894228397474,0,19.3174936401873,55.0233361304445
905,45.766279630423,42.724239011314,65.0225806608698,71.9470135442418,0,25.9676351717821,68.9362093943302
906,44.426402754342,60.0953919470559,71.2790633263435,50.028357709968,0,25.5090552601433,59.646548282541
907,39.9379137336084,62.392786074797,59.412039545544,34.9842578034703,0,24.9600425534496,57.8783564243896
908,39.931986004021,61.3820614024856,70.7714745806503,30.1112464228328,0,24.4125167930906,52.9146168250666
909,41.7333451363362,64.0077483033671,63.8069827403295,39.7879885384532,0,26.0866365192501,56.7107147166174
910,36.9255679523651,46.1650212592866,67.3077132212575,34.9137434067062,0,24.639726648787,48.5272031781536
911,40.3677729691084,56.1323246401293,64.787649557995,34.3280489698338,0,24.4378920907241,62.5207225559685
912,37.7947678517395,52.7564823120001,64.1113941528204,35.4457712979784,0,23.7775141169086,50.6774452307296
1001,45.6130258371431,62.6206796748133,56.4486140677759,32.6695223640617,7.07070707070708,42.9570157988225,71.9116160466779
1002,45.3215320000229,62.7441172209341,61.2135096086932,27.6455802333795,4.71380471380471,43.6251722201684,71.9870080031573
1003,43.0892886366267,62.4034026839327,66.2286771910108,18.8439305152267,0,39.9502260961632,71.1094953334265
1004,47.0866435787638,62.0418041716803,69.0402515953697,25.3997256053462,0,52.6062043029884,73.4318757971983
1005,45.9263660404021,62.858019900797,61.384082403724,30.3540854495987,8.48484848484848,40.5234586214109,71.9537013820337
1006,46.2859211268686,63.3216899505813,60.3967100598496,31.3935719603304,7.07070707070708,41.8736312947312,73.6592164250122
1007,45.142164658113,62.8868757653149,61.2789067607535,28.5566768680758,5.3030303030303,41.600847189475,71.2266510620287
1008,45.2885489873997,62.862081840696,63.1565048493555,29.6279373865662,4.24242424242424,42.548313060194,69.2940325451623
1009,46.2964403923701,63.0147012462915,71.3097242345235,25.7433735842595,10.6060606060606,40.1468302712546,66.9579524118312
1010,45.7277006974214,62.8205099687826,60.4733671617598,31.249336660553,5.3030303030303,43.2811249039244,71.2388351864785
1011,43.9917517315021,61.9190169914575,65.749685383368,20.2247526858998,0,45.7513894724958,70.3056658557919
1012,45.8973111673479,62.0454004450487,61.3045744502536,27.2439630937833,14.1414141414141,41.723621214642,68.9248936589457
1013,45.3885326058921,62.0292507008654,64.8413253891443,24.7585345457479,10.6060606060606,41.4908892986818,68.605135094853
1014,49.1266511515796,62.2794789345181,54.5374989721417,36.6735505295906,14.1414141414141,56.7152215126353,70.4127428191776
1015,45.4271623565498,62.4620314506972,50.2765692565952,35.0747951215504,10.6060606060606,42.8806950933712,71.2628226110241
1016,46.3807358238835,63.1618473199994,45.9614602176506,40.4004969567205,14.1414141414141,43.9299184489625,70.689277858554
1017,47.8854842566672,60.7217637858728,62.1717231350536,39.26465877939,14.1414141414141,41.0052041265134,70.0081415717596
1018,46.7787182667761,62.4131838623731,55.6343510908192,38.0185027193608,14.1414141414141,40.2862058199418,70.1786519667477
1019,45.6139892053909,62.8165219081846,63.1292550699894,28.3624692185249,3.85674931129477,44.6202181047973,70.8987216195545
1020,44.3209043324253,61.9499879775305,65.3770590005438,24.7499763644327,0,41.5388519509128,72.3095507011321
1021,48.1756314119433,65.1253149284926,58.4421619158558,39.1407348547249,14.1414141414141,40.0462947385211,72.1578678926514
1022,47.829655675772,63.6841027210006,62.4949685907171,35.7229261998226,9.7902097902098,42.0493579334067,73.2363688194753
1023,45.5964276008977,62.2603808404335,66.0956658839992,23.0508866862393,0,50.3347596845918,71.8368725101226
1024,45.7241731720564,62.9632976518614,58.9322599940553,32.3968462810339,6.06060606060607,42.5595101639949,71.4325188807868
1025,45.7106499738016,62.7094519205436,60.5636524950718,30.2838792963148,6.06060606060607,43.2503562746083,71.3959537956649
1026,46.5681112695351,62.9103118372844,61.1637325549489,33.674427143828,8.48484848484848,43.7030756539232,69.4722719423778
1101,45.8966556417076,62.9851462948589,57.8211229112307,35.8482660224477,14.1414141414141,38.5025905816633,66.0813938986307
1102,46.3505488070759,65.3460445773073,68.6117013111922,39.6580907056122,0,41.4061065439208,63.0813497044229
1103,46.3634997495814,68.7025966972178,62.6924083190355,40.070915130124,0,37.5970706191169,69.1180077319943
1104,46.6349536565926,62.762238105021,64.3216823798364,35.4838091480115,14.1414141414141,39.4627230898382,63.6378550754341
1105,50.6690551603366,62.2074392055642,61.2761256403302,47.9965167881863,21.2121212121212,40.5638739506585,70.7582541651591
1106,46.435305146625,63.7799588386732,62.4045082415934,35.2523228123871,2.82828282828284,44.4251959745928,69.9215621842205
1107,46.7845967748949,66.6633649438736,66.2175599452702,35.9741523515244,0,43.4266311612098,68.4258722474912
1108,45.8935189536934,63.1372912915029,66.1376126411858,36.8743002625629,0,38.4914059127956,70.7205036141129
1111,43.9600295825583,57.8976321280459,87.2782240090273,35.2490909615496,0,35.1145985462649,48.2206318504624
1112,44.9662718182054,63.308066282595,62.884988016711,32.0621499926069,3.53535353535352,39.2647917159079,68.7422813660581
1113,48.0930501211587,67.6728702384689,61.1047912305796,41.4561179258517,3.26340326340326,44.1011257489437,70.9599923197054
1114,54.4348683557673,65.3483375724774,76.255658511706,52.0530084909865,16.3170163170163,47.0925521831464,69.5426370592715
1201,43.9995279544476,61.8891065980004,55.2302840672352,42.6920611831337,24.2424242424242,21.8234659467257,58.1198256891663
1202,45.295947441777,63.6420314443247,65.2970506108455,29.9571624559817,4.71380471380471,36.8946436081402,71.2709918175653
1203,42.5391052355459,60.8001517094082,64.8495172615243,25.7627926476846,6.06060606060607,35.7919975217957,61.9695662122568
1204,48.7642240960788,67.4692000997673,57.8547850861455,41.3371819456615,17.2839506172839,39.1291031849377,69.5111236426767
1205,50.1500331682654,70.8089274275706,62.6452273161944,43.4984308413458,20.7607994842037,33.7033056733038,69.4835082669739
1206,45.856937180246,62.5978639867653,54.6707684287264,37.7698574851561,14.1414141414141,41.3030686771772,64.658650362237
1207,45.5739438518102,62.186429836386,64.9122859579,35.2572965972816,12.7272727272727,32.842908816078,65.5174691759432
1208,43.5448782303848,60.9105393051292,59.1010016058646,32.1150661436465,10.6060606060606,35.3114650939169,63.2251366276909
1209,48.9647538017234,65.8140908039472,59.6453957432433,43.5564730141362,19.9643493761141,36.9184382433857,67.8897756295138
1210,47.772206798071,63.5797032744517,64.3668561814206,39.1952139218963,12.1212121212121,37.6895387470797,69.6807165423656
1211,45.2815342154599,62.6827821955178,66.137661679646,32.2755249183141,8.48484848484848,36.6282297013163,65.4801583131166
1212,44.9636926550645,61.7214840071094,63.4733423152107,32.0547356833121,8.48484848484848,37.640930127272,66.4068153126344
1213,49.127285685353,64.3248137122081,71.0349911615842,37.6483203464999,16.4983164983165,35.2942055739072,69.9630668196024
1214,42.9719080527069,64.646592877951,65.5673924375227,26.2205070766084,19.4444444444444,34.3595410984206,47.5929703812941
1215,46.5660958591045,64.292438030962,59.6627106676864,38.9760495516454,16.969696969697,35.5710223479112,63.9246575867248
1216,44.036506129427,60.7214065338062,55.6118958145953,44.0639431450751,33.3333333333333,22.1840365007474,48.3044214490046
1217,48.4204684516105,65.0790667865235,61.8992639534225,41.9908081972324,19.4444444444444,37.637444469134,64.4717828589063
1218,49.4703413693524,64.1113667004254,59.9169798414065,42.3309548983783,16.3170163170163,45.7783310466377,68.3673994122504
1219,46.0418606024961,63.6774260670368,57.9691255863033,40.1311278968903,16.969696969697,32.9101788675313,64.5936082275179
1220,43.8237426415684,60.0571988644761,61.2909050250869,36.5917475029191,16.969696969697,26.4760323226412,61.5568751645902
1221,47.5872185713635,66.0868663917581,53.2839139127613,42.8773848278225,16.969696969697,38.0701379734239,68.2353113527181
1222,46.7163729709389,63.9773444023641,60.9417338027661,40.8406365324875,16.969696969697,32.5294027616978,65.0394233566211
1223,43.7798251015888,61.3590564468238,56.9530604089784,35.8377479554804,15.9090909090909,30.4023457102126,62.2176491789468
1224,43.0059165886034,62.2741534916426,58.2114271675948,28.9806925091108,9.42760942760942,36.3681900178545,62.7734269178086
1225,49.6350673151582,67.6796934715809,60.3556127633314,48.1237613703837,23.3333333333333,31.7504513028091,66.5675516495108
1301,42.3755688484873,61.7308151330558,65.4521205001834,26.6390783421602,0,38.0124534761535,62.4189456393706
1302,46.3665626785822,61.9518739892501,56.2967423659819,40.0471383495506,14.1414141414141,37.8333744242959,67.9288328010007
1303,38.7946589791338,57.0004545164612,51.7368879300609,33.0077708563128,0,34.6917309066652,56.3311096653023
1304,46.3093278536839,61.4600415170908,64.2640448455568,35.7545563526431,10.6060606060606,38.9431056846677,66.8281581160847
1305,42.1043331941814,61.3097349924048,60.9598542004167,34.9697881896756,0,31.5496511057917,63.8369706767995
1306,40.5197265645237,60.9645479197119,55.5203397263016,36.9676019119692,0,26.6233242835757,63.0425455455836
1307,40.6775636590229,59.8197330844909,60.28734324883,31.490813326758,0,29.4811205462615,62.9863717477971
1308,42.4228073861063,61.7698747380745,62.2473515138463,30.0243316093318,0,32.552658277074,67.942628178311
1309,44.9337935625025,63.6734891912529,57.6452482431195,35.8890250134355,3.85674931129477,39.5850393154592,68.953210300453
1310,42.5579410835257,61.4493451360324,60.4894966015304,32.8832277063878,0,39.7847725394336,60.7408045177699
1311,42.4369637601558,64.7922888707515,59.5574400896483,31.8792290025555,0,33.9692011066373,64.4236234913423
1312,44.9792443800121,61.5299833150891,60.5173997827519,32.6274781645452,10.6060606060606,40.1249476909189,64.4695967207068
1313,43.9176894082585,62.1425938725484,62.177383696581,36.1519684209145,0,35.2732866836024,67.7609037759049
1314,42.2414213032643,61.7129973103454,54.4629760918747,32.0049933960416,0,38.5457519082527,66.7218091130714
1315,45.1638184489515,61.7815255195666,56.6597394813744,36.3825211318214,21.2121212121212,35.4715503194725,59.4754530293527
1316,46.8004371548991,68.1142157044017,59.752117867687,35.3821408905716,11.0671936758893,38.787469351373,67.6994854394717
1317,46.1940363983999,58.0439742728502,70.0968418406868,33.9541950258264,10.6060606060606,42.3949791924486,62.0681674525266
1318,47.5739200272226,64.4199586481694,66.5439036828644,33.5448915332995,7.95454545454545,41.4101739074103,71.5700469370465
1319,45.7005115140438,66.4954874347574,53.6698851817401,39.2640321601651,13.0536130536131,36.627063599234,65.0929876547532
1320,43.3157127659045,62.5117175371028,65.3886028497883,29.1203940579235,0,43.7289909211272,59.1445712294855
1321,41.7827057856937,60.7148930224162,56.2218311549701,26.7644427110286,16.969696969697,34.0619615370755,55.9634093189747
1322,42.9625739360237,60.5025792410202,62.3957906206633,28.2806814424326,9.42760942760942,35.4626789987378,61.7061038856789
1323,44.0600532252881,63.406165393317,63.3588718008237,33.3121616972746,0,34.5146660849241,69.7684543753892
1324,40.5591590783688,58.3084172637883,65.9193512959468,27.004373662117,0,32.2111384149439,59.9116738334169
1325,41.4005129255274,62.7858343751659,50.2793366841052,40.7136095185032,0,35.3780340507966,59.2462629245937
1326,47.792748850072,66.5278139113092,54.1717552454806,40.1959062077766,16.4983164983165,39.2019295154079,70.160771722141
1327,42.9048117852697,61.6823866495508,53.1019792438875,42.6301056121747,0,32.6905096540569,67.3238895519483
1328,48.8317683676581,65.9559380976905,56.619108238166,42.9780122559,16.969696969697,39.3627301463222,71.1051244981728
1329,45.0668636268884,62.4419133856921,62.6055405438783,31.6381268596971,9.42760942760942,38.6352157069706,65.6527758374831
1330,46.8847342146362,61.6734121729349,63.6915037594585,39.4109440551205,15.1515151515151,36.1413916425762,65.2396385062122
1331,50.1106823704293,67.1428480910885,55.710541582672,46.599364028251,18.3838383838384,39.6553283985735,73.1721737381525
1332,46.724313084542,63.4708647187412,65.962883568121,33.1384449147865,7.71349862258954,40.7240231218862,69.3361635611278
1333,42.4318101025442,62.308048564347,59.556487205669,34.1672620702363,0,34.8299185787825,63.7291441962302
1334,41.9673723874317,64.4796893807369,53.3112700308725,37.0604409994903,0,36.2311380362165,60.7216958772739
1335,40.6010457004583,61.8755715953699,61.5757690105229,23.9982580969067,0,33.4145500932138,62.7421254067362
1336,43.3712646505326,64.0697222123134,62.3823683621556,32.4630788934697,0,35.0810774925146,66.2313409427422
1337,44.4891420246566,65.3732863820095,55.134979840454,39.3955929298151,0,37.808349676462,69.2226433191991
1338,43.047952052956,62.7256795882516,61.8241939448221,27.1302229242968,0,38.2541290259653,68.3534868344004
1339,44.6951293044695,63.3000938049035,61.3752215251031,33.3014032004055,12.1212121212121,34.0471857313312,64.0256594438616
1340,43.2380742227645,62.8151227250267,61.5506632160503,34.6259591473022,0,35.3585980537628,65.0781021944446
1341,43.9766140670884,62.5762697733425,64.3969883879692,24.7538737035356,0,41.2030020007004,70.9295505369826
1342,45.9752881228281,62.6773940886616,57.578344353384,43.4301305461066,6.06060606060607,37.8534042377142,68.2518494504963
1343,40.7079233371775,58.9661193082839,64.1215211737434,24.5515247792183,0,35.6012999931767,61.0070747686428
1344,43.7714656417432,61.7636435842868,61.3535504007409,34.6570844193073,0,38.1369554614317,66.7175599846926
1345,42.5825665037148,64.1404661652996,63.0304610933789,33.7478435154093,0,29.2545162257824,65.3221120224186
1346,40.5358050743386,59.9954797768467,66.4014856934037,16.9261853962266,0,33.4141609016959,66.4775186778585
1347,39.9171869288044,55.6158188740556,55.0720520419078,37.021196495511,0,32.0932287972829,59.7008253640693
1348,42.4582190027041,62.2258779560707,58.9681315293379,33.6049884711749,0,33.8844901888357,66.0658258708056
1349,43.8774701133804,61.4770236525205,60.6461512882139,35.3511347192146,0,37.9122472833542,67.8782637369793
1350,41.7069433003903,61.4818439477084,61.8062905565852,24.6027345310509,8.48484848484848,35.2673180155676,58.5986242665812
1351,45.2117895688915,63.1385279920867,60.1139238163024,29.8841358620295,5.3030303030303,42.4733237752603,70.3577956646399
1352,45.0108946166092,67.5502884304947,59.7974181207654,33.7066791941053,0,40.2905058480821,68.7204761062078
1353,42.3087607900972,62.7456536198216,62.1428822312892,29.2539492033819,0,37.9149922789639,61.7950874071263
1401,45.8576516725684,62.5956089626732,61.0802683750339,33.4367542113479,10.6060606060606,37.7295012086216,69.6977166716735
1402,45.9550450705251,62.7418425534621,63.9429643686242,28.5598830675887,4.71380471380471,44.2762483905581,71.4955273291128
1403,46.7778397045781,62.2973414705848,59.2112194704305,36.303309744964,15.4545454545455,38.4857683630186,68.9148537239251
1404,46.5529902192646,63.411927824639,61.3785037711273,37.7193281891561,5.3030303030303,38.4008833132581,73.1042679143768
1405,48.5864351000084,63.0736484225527,61.8201846551619,39.9321450503721,9.42760942760942,43.5075212597631,73.7575017845913
1406,47.0902585485911,62.8428121254475,42.7185052179005,44.7340560667091,21.2121212121212,42.2960792339902,68.7379774353781
1407,45.8754650547256,62.8250821472337,61.9698925546439,30.3823293796064,4.24242424242424,43.995734337311,71.8373276671341
1408,49.1830387535264,64.8151410463339,68.8771880827178,36.4641175176436,10.6060606060606,43.0276717630786,71.3080535053236
1409,43.013980903588,61.1270652641596,63.1948022364132,28.0718123257275,12.7272727272727,35.0671049105357,57.8958279574196
1410,45.9401761248967,64.1763573116402,68.8125416408976,28.8780369324885,7.07070707070708,38.2919391939221,68.411474599725
1411,46.6057892147937,64.7327103818769,63.3971130773342,34.419358679827,8.48484848484848,39.1517433277028,69.4489613371729
1412,47.1791608320146,64.1046919604775,63.9552605317959,36.1926133990768,11.5702479338843,37.6283254291634,69.6238257376898
1413,46.618462411097,62.7940898472544,65.5414611668823,30.8506008997297,4.24242424242424,44.2139982202101,72.068200090081
1414,50.6192722293425,63.1824318606222,57.1116732585225,53.3723969579937,16.5656565656566,45.5542845861175,67.9291901471428
1415,47.3863337440062,62.5564374248062,60.2496326395713,35.0997554123631,11.048951048951,44.8596335288859,70.5035924094599
1416,44.6230019777945,62.696367983251,62.0134887870028,34.7960216860472,0,39.9552650426936,68.2768683677724
1417,49.3398855473964,63.0994988598253,65.0628452991701,41.3937114841784,14.1414141414141,39.1854732351503,73.1563702646401
1418,47.8405005261007,63.0436771804907,54.6233332581917,42.8268927721704,14.1414141414141,40.8374183895978,71.5702674147397
1419,46.6334772275726,62.8204526659863,63.091189509147,31.8574692920222,4.71380471380471,43.9638829696079,73.3540642148674
1420,44.9276513437785,62.0422360172767,64.2600893240267,31.1602079116811,8.48484848484848,38.5230004417676,65.0955258830706
1421,47.5883877064779,64.5992370868729,57.1016334559235,40.4223077842335,9.7902097902098,42.1300641085083,71.4868740131193
1422,48.6027860085698,64.4716660833499,63.1563278656595,39.1898224047141,11.7845117845118,41.3500607422876,71.6643271708957
1423,47.9104488217002,62.5362096605883,64.5097628098192,38.3624807839148,12.1212121212121,39.8861398291717,70.046887725495
1424,51.9351575585183,64.3823948212324,79.0382917325569,43.5965124804415,18.8552188552188,41.302309727008,64.4362177346523
1425,47.7657993196319,62.5368975910631,64.7021329756306,32.9741385146585,6.06060606060607,47.4702236572214,72.8507971186115
1426,44.6901278335808,62.2205704036602,64.4270474604393,31.7300332104648,7.07070707070708,37.0639882525867,65.6284206036264
1427,47.20115679008,63.8061592739864,60.2305389316112,33.7570112662247,11.3131313131313,45.8358392064122,68.2642607491141
1428,44.6300890888529,60.0749222317267,65.6542604593079,32.3603307391892,8.48484848484848,36.2477772994357,64.9583953186098
1429,51.6411419813004,67.6555011945163,65.946265364353,45.0589121240115,20.3636363636364,39.4310852681773,71.3914515731081
1430,47.8754816741355,63.0603939426499,59.5620820226293,37.0915070457471,10.6060606060606,43.0777926425113,73.8550537852147
1431,45.5103547415053,63.7956271862713,63.4598534909052,36.2475289285782,0,40.7715027133976,68.7876161298794
1432,49.8016879458584,63.7014320712839,64.5909356108425,42.541751859409,15.1515151515151,40.4355294493901,72.3889635327096
1433,43.9287297828448,62.3717188104615,64.8347886874881,29.8461777403407,0,37.5851037794398,68.9345896793387
1434,44.8699013848039,62.2589705485038,66.0902721906569,29.8697135247222,6.06060606060607,36.8878016404672,68.0520443438673
1435,48.9314008955918,62.4043396082974,63.7178486107334,37.2716971547998,15.1178451178451,45.8278423254049,69.24883255647
1436,NA,64.3694892383922,61.8866036109269,NA,10.6060606060606,39.9382072426366,69.2471262620102
1437,41.4173757444991,58.7270714237703,63.9271625986804,22.9163742900201,10.6060606060606,31.6413089659849,60.6862765824783
1438,47.1882583265227,63.2334894259751,47.3506390637816,42.0581192316668,15.4269972451791,43.372362374331,71.6879426182028
1439,43.5209933448792,61.2432374879786,67.00346787737,23.5473616732815,7.07070707070708,39.1658667977607,63.0953191621774
1501,42.7177446032175,62.0776621778218,64.2886856094036,30.1167965505001,0,38.615277050754,61.2080462308254
1502,41.1704617571607,62.4497129109563,61.6248809040671,31.1966499893726,0,29.5723752816292,62.1791514569392
1503,38.0647968217137,62.0481144666725,59.3517906724849,31.0516386085329,0,18.4396367705672,57.4976004120249
1504,43.6076350520726,62.4152755487264,49.2120007797392,35.5389992437873,18.1818181818182,35.1634138936756,61.1343026646887
1505,42.9815088661156,63.4993292159621,46.6579301067278,34.9069459595384,17.7908113391984,31.9187604176936,63.1152761575734
1506,47.0721473104261,67.5241008729404,39.570270815138,49.2627026728321,23.4064785788923,35.4813357485559,67.1879951741978
1507,46.0921915605757,73.0344691073178,44.0016824092198,43.0512807051394,21.729490022173,31.9763394699645,62.7598876496395
1508,45.4291130500694,62.7572696703909,78.253481090889,28.7468669239702,7.07070707070708,36.0773946751843,59.668958869275
1509,37.6532325537914,62.2235167700698,64.5130398838278,25.016988445224,0,20.7218691736411,53.4439810499858
1510,43.8218250007923,62.7259077901238,57.3362361224331,32.805736210381,10.6060606060606,36.7246282128556,62.7323810628997
1511,46.1020233808524,66.0231203241845,50.4868257633964,38.2846182040939,17.2727272727273,40.1689908489492,64.3758578717631
1512,43.3067104697816,65.1764263061755,42.0871872627264,35.7971073151599,16.3636363636364,36.6651725770702,63.7507329939209
1513,46.0155967974248,61.0648185987531,63.2720006277073,27.5525899249043,8.48484848484848,58.0319621230456,57.6873610252897
1514,43.4695619624024,67.4563517056761,47.7816677046205,25.6966837824314,21.2121212121212,36.3570583470225,62.3134890225425
1515,38.5369829627789,61.3599358347277,60.4550604037506,29.2959679662347,0,21.0730529273935,59.0378806445672
1516,41.4638747710864,63.5884007335352,43.3645094143447,33.010623817155,21.9175561280824,26.4136258641345,60.4885326692667
1517,39.4359958943849,62.4234661293176,54.0280943781383,34.615840851413,9.7902097902098,20.1453864804169,55.612977736814
1518,43.5170385122437,63.2360610231062,42.1884250286276,36.4501132236343,24.9554367201426,36.7660211184292,57.5061739595225
1519,45.8837224638212,62.5347788505862,63.0571520525766,32.6224962864714,0,54.8342017135671,62.2537058797258
1520,40.2279383887359,62.9858828514266,54.1746217712521,26.3056439242504,5.3030303030303,32.1348826194137,60.4635688630424
1521,40.8871209849375,61.243358548473,56.3722068541555,24.0504087009068,14.1414141414141,36.6462913223259,52.8690463423497
1522,41.6331084107459,61.5186169515628,56.2048689865192,34.0849668410135,10.6060606060606,23.3293130058439,64.0548240734752
1523,43.1232417044862,62.9155920736973,55.5373650740823,28.9951440799821,7.07070707070708,37.9864152879052,66.234226640543
1524,46.0664754726818,63.6927298903675,52.6111724155236,40.4014444981952,15.4269972451791,37.8401702338073,66.4263385530183
1525,40.8736140294897,60.6658810378223,58.5039684708354,33.0557449195238,0,28.7487711973121,64.2673185514443
1526,34.9852251787603,55.6927217853744,61.3448300692011,14.3290564889659,0,23.8566491376266,54.6880935913936
1527,35.9249304614064,61.6129500754883,50.9732474137007,33.3617880493116,0,15.9548982462909,53.6466989836469
1528,39.6274012865085,61.4442457892005,60.0624979789494,28.9862267988532,10.6060606060606,18.0977469492849,58.5676295967025
1529,39.3427944482977,62.1306203357377,61.9206250074405,19.2599532993471,5.3030303030303,33.0846119357651,54.3579258084652
1530,41.5289258080804,65.4396225795793,33.2530561853717,39.2991356159893,19.2837465564738,34.352650063348,57.5453438477204
1531,41.7163488166846,62.3346517062513,58.250948161175,30.4647950478248,14.1414141414141,26.1098089380202,58.9964749054223
1532,41.8811578522058,62.3327969359017,54.725119410396,29.7774423133918,10.6060606060606,36.871761055848,56.9737667916366
1533,41.6267420395626,63.9371519609197,41.9100574642513,32.6189149341685,17.8451178451178,35.7506583430427,57.6985516898756
1601,45.3685750945034,62.6705634192527,63.3658223046094,26.7916432852196,6.80652680652681,48.4929087123501,64.0839860390619
1602,43.5295517590657,65.9165387528743,66.9856730090003,37.0064593030473,0,29.1457506780814,62.122888811391
1603,39.9304791126005,60.2163225515422,66.3624470360647,20.5862420170959,0,33.7722690214742,58.6455940494261
1604,43.5615923744832,62.5783985708465,65.5016823278216,33.1954441768688,0,35.4148767243279,64.6791524470345
1605,43.660541903663,62.3517180061951,64.9836469290457,29.3079858399652,0,36.9054209393335,68.4144797074386
1606,44.9256943118034,62.5476606497105,65.673477239328,30.5727352044534,0,44.1455099879372,66.614782789391
1607,35.1603066193943,58.6573172108101,61.4137905813085,22.8171772932006,0,25.8547171789894,42.2188374520574
1608,38.5699587469099,56.6550746425431,74.4422156778516,32.8565238824105,0,25.8754562220519,41.5904820566025
1609,45.2651065532878,62.0279621079842,65.1538292846408,32.8226249968744,0,42.7884867259452,68.7977362042822
1610,37.9607501067042,62.3138542492871,66.0929466926872,16.7848089050475,0,30.6525638750353,51.920326918168
1611,48.4107611776973,63.2991843549047,60.8491857212426,35.331053705519,14.3097643097643,52.004660482302,64.6707184924514
1612,42.6819135157292,63.7252096728682,63.5194971665843,30.5159464429066,0,33.4372065898104,64.8936212222058
1613,47.5868528191324,62.4816482885563,60.3320409008626,34.42980276858,12.1212121212121,49.9125459930535,66.2438668425296
1614,50.9725281131694,67.6375355273438,74.7506935996591,48.4949688957412,0,43.4904575167902,71.4615131394821
1615,48.3948258414285,63.7578576968956,58.4017488238338,36.9040023927078,19.1399286987522,46.3338671096129,65.8315503267689
1616,42.8989572665674,62.5733268346107,65.0775262035249,28.6641520014325,0,43.9072144486897,57.1715241111463
1701,43.5431786169396,62.6626090481704,59.155721582821,26.5829895306531,6.06060606060607,41.2970009219476,65.5001445574396
1702,43.5551332513919,62.8795772906667,52.1796335231027,32.7774499464395,14.1414141414141,36.719619952457,62.6331046542712
1703,41.1741411516245,62.4608682810682,50.1462552010069,29.8165151149005,7.07070707070708,36.8444004918207,60.7061007502438
1704,41.981390406727,62.5671434145596,50.3131055070641,28.9976059885657,8.48484848484848,39.9020352722249,61.6236037730993
1705,41.253835506181,62.6853283126115,56.6532994718683,24.0394685015949,5.3030303030303,38.3166751071905,60.5252113407905
1706,43.8498323191197,62.672184801718,56.423687348868,29.6555135872445,15.4040404040404,38.9179107850584,60.0256569877889
1707,38.0005353626488,60.2153910242179,27.927670661497,18.1155166841076,46.2121212121212,28.2581795619028,47.2743330320461
1708,39.7826826003761,62.8138748594432,22.8065977678494,38.2400582291726,18.8552188552188,37.2835642537197,58.6967816368526
1709,43.8767794472332,62.3742352503299,61.3414149286591,28.8899524526832,4.71380471380471,38.2422700706278,67.6989992672946
1710,43.8876769283801,63.0513508506803,56.0263306084049,31.1300105250707,10.6060606060606,40.3565237276903,62.1557852523736
1711,41.4921311298639,62.8496859925535,57.2767765813902,24.7591464590406,6.06060606060607,40.6637250549941,57.3428466305993
1712,35.255557986037,61.5022601162333,33.3627629544415,11.1893697577214,15.9090909090909,39.4375609670317,50.132303211703
1713,40.7575314272053,62.5737321355766,43.592711352577,28.2443958973719,17.7272727272727,36.4240485339271,55.9830279165062
1714,43.0450322268008,62.8168536452595,61.241552061465,27.3297694009295,4.71380471380471,39.3601308295149,62.8080827098314
1715,44.1365482065198,62.2849874902883,41.7862477067539,37.3547634514463,21.2121212121212,37.7218618214944,64.4593075570145
1801,47.2243865334906,63.6932522203215,64.0813893072257,33.3252995612729,7.07070707070708,44.3743780766038,70.8012929648125
1802,48.7184166143481,64.1968540715992,60.4470859644666,39.0635382683167,11.3131313131313,42.7756038536935,74.5142862148809
1803,46.1267530365611,63.5221655574041,62.8095515990413,31.2274940796782,5.3030303030303,42.0081128910228,71.89016378919
1804,46.5635875212508,60.3222403003632,59.7000682464593,40.4347034694317,18.1818181818182,40.5699674525296,60.1727274769025
1805,47.7047979092091,63.6621930416438,64.790898054097,36.7083601915387,10.6060606060606,39.9296174030497,70.5316581588648
1806,49.0172614458001,65.7621994139372,67.8836339993991,36.8174963188754,11.5702479338843,39.8190778781858,72.2509131305189
1807,46.2914131794163,62.8042944052207,62.7210008265454,33.7027096691898,7.07070707070708,43.5389332835969,67.9108338212382
1808,47.2569594526994,66.9697876402241,61.9815940374816,34.8549560685573,11.7845117845118,41.2690267400122,66.6818804454095
1809,45.1216471849959,62.8351463955537,65.1525852126799,28.2255071701533,4.71380471380471,40.8432323588406,68.9596072589431
1810,47.8006721684196,64.9700363688559,57.3199222521022,39.6436133272659,13.0536130536131,42.2554634645855,69.5613845440952
1811,46.9455087487515,61.0302219420129,59.7472086190649,39.6922003582144,21.2121212121212,37.746064727798,62.2452356332976
1812,46.0061890686992,61.9676279258782,61.6107943209176,29.4849712904626,8.48484848484848,41.9195580691428,72.5693343209453
1813,48.0684155448569,64.6165057249371,54.865466656087,42.8532294643446,14.1414141414141,41.6968954958457,70.2369817865128
1814,46.2268675187367,61.1338150006728,60.7907698749751,39.846642691816,19.2837465564738,36.7012940219227,59.6049369665599
1815,46.8746467269257,62.7019248627462,60.0047233030629,33.8042355485076,8.48484848484848,45.3838743624831,70.8682737999061
1816,44.9140834954631,61.4180440067349,63.0506212080029,32.3682477499486,9.42760942760942,37.3819122166999,65.8380663637828
1817,48.4939082121392,61.8580148854699,57.5820406093751,40.5961755162203,14.1414141414141,49.2478319543445,67.537972166011
1818,48.7027186877586,63.0596881984831,70.8555827728016,37.2462209599585,16.969696969697,41.4154072318386,62.6697159937729
1819,44.2787652431772,62.0284696099453,65.0742369021784,29.0554831933209,7.07070707070708,39.7939896211525,62.6497050617594
1820,47.6470365695896,64.3115766365407,61.0655646799433,36.4380636257849,9.7902097902098,41.7126610555076,72.5641436295513
1821,45.2765482119323,63.2861793931606,64.5664479125176,29.8782873589043,4.71380471380471,40.6616602926316,68.5529096005753
1901,45.0844504880875,62.4959936360362,68.1293182873997,25.3456538156917,0,47.7992843641779,66.7364528252192
1902,46.3132736982843,62.7404810945329,62.0485818661766,30.4190619310532,7.71349862258954,47.7867181317196,67.1713005436342
1903,42.9838615570393,61.6572143924075,66.3789117784333,23.3844536912278,0,41.3908133745362,65.0917761056311
1904,47.2172633387682,62.7118311672331,58.7240712372605,35.7559364708066,10.6060606060606,49.8680779556984,65.6376025955502
1905,45.8554324747875,62.827473517504,54.9936113683794,34.3046196028813,16.8831168831169,43.4415059129,62.6822675639434
1906,45.1685432130813,62.3252210426298,61.659955536554,32.0103777250846,12.1212121212121,41.3299527055575,61.56454014745
1907,45.1832302368169,62.4596220982781,61.5261391569817,30.5858246826302,6.06060606060607,44.2352668623804,66.231922560025
1908,45.6660140136777,62.6999486517416,60.7630451740018,31.9514759287053,7.07070707070708,44.2455111134482,67.2653961434625
1909,44.1979964627311,61.9413133427015,60.7328549041371,30.7236694649815,8.48484848484848,39.6858385290436,63.6194540506742
1910,45.9224241937704,62.7451228577503,60.1263602754023,32.7250315644383,11.8181818181818,44.3573502149787,63.7624984318711
1911,45.6008181347646,62.6338308782596,63.0119996187271,29.5311802650557,10.1010101010101,42.9466182776918,65.3802696678433
1912,47.4153543417289,62.190384029667,58.7431870475954,40.8303755406568,16.969696969697,43.648494481833,62.1099879809244
1913,45.266788025364,62.7347603772258,62.5567957363581,30.2678974229891,6.06060606060607,43.5987728895571,66.3818956654477
1914,48.4488839992697,62.6635585654683,51.6706581725514,30.0418055598497,39.7727272727273,45.3587287668868,61.185825658135
1915,45.8860196626758,63.4025848529588,58.9351926900604,30.7649872004517,16.969696969697,43.0422046071877,62.2014516556991
1916,45.7525843202771,62.2779237222791,62.7505659162898,32.5959279427673,10.6060606060606,41.9534949011533,64.3315328331121
1917,46.9452590702645,62.6004848385527,62.760984916834,28.2688909280526,15.1515151515151,48.806276236394,64.0834023502389
1918,47.4655039278899,64.3395474823077,59.2163384019229,36.5655095911077,11.3131313131313,44.0635808976396,69.2949158812301
1919,44.5604074355095,61.7745273692,64.1791784315101,26.8024084496488,6.06060606060607,44.3387833141372,64.2069409879552
1920,45.0701153139757,62.6917044113594,58.3934355980331,29.9784639719543,12.6262626262626,43.7492034818805,62.9816217943642
1921,44.9564521712814,60.5130752329591,52.1048168575118,29.1053654407919,25.2525252525252,42.6722583080595,60.0906719358408
1922,55.9716625576325,62.8360551218792,42.8988707927828,52.2836463964815,69.023569023569,45.2882182420487,63.4996157690341
1923,48.8123232834733,62.4891544574032,62.6799589659372,29.4494058122447,25.2525252525252,48.4963436472302,64.5065515654989
1924,46.9194135230189,63.19326601114,58.5290609954792,32.2770475838377,18.6868686868687,43.3973188699142,65.4329189908738
2001,46.9341126336652,63.929481502172,63.5976405395923,34.5530299801708,7.71349862258954,40.0387713401814,71.7722538172855
2002,46.5135284967545,63.2490399659201,64.0943108675505,33.4650178565463,9.09090909090907,40.1216978521411,69.0601953474601
2003,46.3929217582523,64.3949995802038,65.2287257726499,39.5348352508139,0,38.5228607737606,70.6761091720858
2004,38.937104749228,58.8600850275645,61.1331041500313,38.5439852460919,0,24.0666908059485,51.0187632657317
2005,44.827191037615,62.5078052745584,63.672333569402,31.4459084638719,6.06060606060607,35.3416960369633,69.9347968202885
2006,42.5044753721415,59.2731624208594,64.8879129811977,29.7284908316596,0,32.8633196251948,68.2739663739374
2007,39.969423925071,62.1085606192763,66.9006780483528,31.6611866280571,0,24.6736473919624,54.4724708627772
2008,41.739607517716,62.0001057410967,67.1778790870499,28.2801620276701,0,28.4389994527395,64.5404987977399
2009,39.3266450391377,62.6439415719684,59.6913635834261,34.6896256204513,0,22.9904969250293,55.9444425339513
2010,45.482815418533,63.0383871973648,65.4270375060403,31.4695445936277,0,41.5287872544257,71.4331359597392
2011,51.1979721365225,63.3164740285411,61.826627283095,62.3652811913252,10.6060606060606,37.344103773731,71.729285936382
2012,43.3404272669607,62.3168752552049,60.162822645934,33.2449302614841,19.2837465564738,35.3578850828072,49.6763037998603
2013,45.9885870762997,62.6353588487507,64.2837299372163,41.2223013561531,17.6767676767677,32.2790521923221,57.8343124465884
2014,39.5754485876243,61.0649412558239,59.0546325709507,33.0016335271038,0,31.1023515270682,53.2291326447994
2015,41.9866003068035,60.7470180673688,58.0674210093796,40.5881934468235,0,30.014876953646,62.5020923636033
2016,46.7986556966432,63.5291353459321,61.8662295125946,35.556291313439,9.98217468805704,39.4341623348621,70.4239409849744
2017,44.4727275517173,64.4739406783011,61.3702290676313,35.6456187259703,0,36.0634348224935,69.2831420159077
2018,46.9075143497146,65.6370475787228,63.4939392205102,43.5624268307011,0,37.7763707950525,70.9753016733014
2019,42.9692871932673,65.0744845042503,57.8095449565473,41.190445716157,0,30.5384769603231,63.2027710223261
2020,50.3304096047118,65.7452827232111,64.9176206153144,46.8319635294953,13.0536130536131,36.8938204302771,74.5401572763597
2021,42.7694549361476,61.1464378223507,63.9557909945875,29.8098476096235,0,29.5973156733514,72.1073375169724
2101,46.9469779366034,62.5790176089372,62.6471645478442,33.5216113950426,8.48484848484848,46.0969610408233,68.3522645421247
2102,44.1116887397521,61.8789912918781,41.5344772291182,39.6499015945542,21.2121212121212,37.3075514163402,63.0870896945011
2103,48.0610692286744,61.9822068523109,41.7467399736926,35.5644906064506,46.2121212121212,40.7411858605421,62.1196708669291
2104,46.0944955983293,63.1438750042571,58.4602688599995,30.6943960586592,14.1414141414141,43.1106623447198,67.0163571809263
2105,46.7849353670469,62.5624102320372,62.1319973753593,34.4588576557181,10.6060606060606,42.9264500887003,68.023836244406
2106,45.8071783734161,62.5516580306994,62.649614087779,28.6929272522551,8.48484848484848,44.4901431323283,67.9738792525866
2107,44.8277614562529,62.5706734334252,57.9134048450402,32.1292438951159,8.48484848484848,40.0699516722846,67.798446406803
2108,45.3286126706664,63.3360334764012,58.4136724667513,30.5834247759449,10.6060606060606,42.6295823231114,66.4029023757289
2109,48.3058554713623,62.4544477404776,60.2838699338502,30.4375223863333,21.7316017316017,47.9456172948127,66.9820737410983
2110,45.6551546058151,62.4801337524307,57.2234581792737,31.0439074142276,10.6060606060606,43.3859813644305,69.1913863184675
2111,45.9244159379975,62.6028158657431,60.9361069714591,27.036558245898,14.1414141414141,44.5536801915754,66.2759202118954
2112,45.4928238924411,62.6254926359305,61.2723017879133,30.6637921437189,6.06060606060607,43.7649065557101,68.5698441707679
2113,45.7775128293417,62.6505664988028,58.7120263774165,29.7043464443802,14.1414141414141,43.0961108694443,66.3606126445924
2114,43.374371129277,62.4565590246014,62.9565755462675,24.7485379484285,0,43.8724992673808,66.2120549889838
2115,43.9966810081008,63.2011431310689,60.4646030243818,24.7997791152969,6.06060606060607,41.0862912796954,68.3676634375558
2116,44.7250675974775,62.8507625210621,60.5617146652009,28.5139976179251,6.06060606060607,42.8914644502212,67.4718602698499
2117,44.8435971146938,62.1291755077837,61.0542822075126,30.1271348147565,8.48484848484848,42.6160674209624,64.6500742522989
2119,44.4205279812698,61.3363506146538,46.2082984070222,38.5706525153997,28.2828282828283,34.235469573724,57.8895684939909
2120,43.7237342383992,62.5612930902603,58.8349453279829,27.4366571969436,6.06060606060607,41.5930918872286,65.8558118673736
2121,46.0228884433245,62.4655687930214,46.6580313870255,42.3598489627028,21.2121212121212,38.2518242715058,65.1899360335703
2122,45.3856661034519,62.7358569483064,65.5889566302178,28.6215740416658,4.24242424242424,42.1782132454211,68.9469715126761
2123,46.1136139212019,62.5518229477882,58.3008848263966,27.7391951969274,18.4848484848485,42.991514888458,66.6134171827923
